desc: I1 cache:         32768 B, 64 B, 8-way associative
desc: D1 cache:         32768 B, 64 B, 8-way associative
desc: LL cache:         26214400 B, 64 B, 25-way associative
cmd: results/raw/bin/sqlite_bench_small
events: Ir I1mr ILmr Dr D1mr DLmr Dw D1mw DLmw 
fl=./csu/../csu/libc-start.c
fn=__libc_start_main@@GLIBC_2.34
128 2 1 1 2 0 0 0 0 0
134 3 0 0 1 1 0 0 0 0
135 7 0 0 3 0 0 2 0 0
138 1 0 0 1 1 0 0 0 0
139 2 0 0 0 0 0 0 0 0
142 3 1 1 2 1 0 0 0 0
143 2 0 0 2 0 0 0 0 0
144 11 1 1 1 0 0 1 0 0
145 4 0 0 1 0 0 2 0 0
242 12 1 1 0 0 0 6 0 0
343 3 0 0 0 0 0 0 0 0
344 3 0 0 0 0 0 1 0 0
369 6 1 1 2 0 0 1 0 0
372 2 0 0 0 0 0 0 0 0
375 2 0 0 2 0 0 0 0 0
382 2 0 0 1 0 0 1 0 0
384 2 0 0 0 0 0 0 0 0
392 4 0 0 0 0 0 1 0 0
fl=./csu/../sysdeps/nptl/libc_start_call_main.h
fn=(below main)
29 9 1 1 1 0 0 5 0 0
44 3 1 1 0 0 0 1 0 0
46 2 0 0 0 0 0 0 0 0
51 2 0 0 1 1 0 1 0 0
52 2 0 0 1 1 0 1 0 0
55 2 0 0 0 0 0 1 0 0
58 7 2 1 5 0 0 1 0 0
74 1 0 0 0 0 0 1 0 0
fl=./csu/./csu/init-first.c
fn=_init_first
46 4 1 1 0 0 0 1 0 0
51 2 1 1 1 0 0 0 0 0
55 5 0 0 4 2 0 0 0 0
61 1 0 0 0 0 0 1 1 0
62 1 0 0 0 0 0 1 0 0
63 2 0 0 1 1 0 1 1 1
71 2 0 0 0 0 0 0 0 0
72 2 0 0 1 0 0 0 0 0
fl=./ctype/./ctype/ctype-info.c
fn=__ctype_init
29 5 5 1 0 0 0 0 0 0
31 35 0 0 25 14 0 5 3 0
33 20 0 0 10 1 0 5 0 0
35 20 5 1 10 0 0 5 0 0
36 5 0 0 5 0 0 0 0 0
fl=./debug/./debug/fprintf_chk.c
fn=__fprintf_chk
25 20 3 3 1 0 0 12 0 0
28 4 0 0 0 0 0 0 0 0
32 6 1 1 0 0 0 4 0 0
33 2 0 0 0 0 0 1 0 0
37 5 0 0 3 0 0 0 0 0
fl=./debug/./debug/printf_chk.c
fn=__printf_chk
25 19 3 3 1 0 0 13 0 0
28 4 0 0 0 0 0 0 0 0
32 6 0 0 0 0 0 4 0 0
33 4 0 0 2 1 0 1 0 0
37 5 0 0 3 0 0 0 0 0
fl=./dlfcn/./dlfcn/libc_dlerror_result.c
fn=__libc_dlerror_result_free
29 8 4 1 0 0 0 4 0 0
30 16 0 0 8 4 0 0 0 0
39 8 4 1 8 0 0 0 0 0
fl=./elf/../bits/stdlib-bsearch.h
fn=intel_check_word.constprop.0
27 102 0 0 0 0 0 0 0 0
28 51 0 0 0 0 0 0 0 0
29 971 0 0 0 0 0 0 0 0
31 690 1 1 0 0 0 0 0 0
32 345 0 0 0 0 0 0 0 0
37 63 1 1 0 0 0 0 0 0
fl=./elf/../elf/dl-sysdep.c
fn=_dl_sysdep_start
85 10 1 1 0 0 0 6 1 1
86 1 0 0 0 0 0 0 0 0
87 1 0 0 0 0 0 0 0 0
109 1 0 0 0 0 0 1 0 0
110 147 1 1 47 6 6 4 3 3
113 2 0 0 0 0 0 1 0 0
114 1 0 0 0 0 0 1 0 0
119 1 1 1 0 0 0 1 1 1
121 132 4 4 31 3 3 10 1 1
122 113 1 1 17 3 3 0 0 0
125 1 0 0 1 0 0 0 0 0
126 1 0 0 0 0 0 0 0 0
128 1 0 0 1 0 0 0 0 0
131 2 1 1 1 0 0 1 0 0
132 1 0 0 0 0 0 1 0 0
134 2 1 1 1 0 0 1 0 0
135 1 0 0 0 0 0 1 0 0
150 2 1 1 1 0 0 1 0 0
151 1 0 0 0 0 0 1 0 0
153 2 0 0 1 0 0 1 0 0
154 1 0 0 0 0 0 0 0 0
156 2 1 1 1 0 0 1 0 0
157 1 0 0 0 0 0 0 0 0
162 2 1 1 1 1 1 1 0 0
163 1 0 0 0 0 0 0 0 0
178 2 1 1 1 1 1 1 0 0
179 1 0 0 0 0 0 0 0 0
224 1 0 0 0 0 0 1 0 0
227 1 0 0 0 0 0 1 0 0
238 3 0 0 1 0 0 0 0 0
239 2 1 1 0 0 0 2 0 0
241 5 0 0 0 0 0 1 0 0
253 3 0 0 1 0 0 0 0 0
256 5 0 0 1 0 0 1 0 0
258 9 1 1 8 2 0 0 0 0
fn=_dl_sysdep_start_cleanup
262 1 1 1 0 0 0 0 0 0
263 1 0 0 1 0 0 0 0 0
fl=./elf/../elf/dl-tls.c
fn=_dl_add_to_slotinfo
1015 8 1 1 0 0 0 4 0 0
1021 1 0 0 1 0 0 0 0 0
1024 1 0 0 1 1 0 0 0 0
1025 1 0 0 0 0 0 0 0 0
1029 3 1 1 1 0 0 0 0 0
1063 2 0 0 0 0 0 0 0 0
1066 3 0 0 0 0 0 1 0 0
1067 3 0 0 1 0 0 1 0 0
1070 6 0 0 5 0 0 0 0 0
fn=_dl_allocate_tls
370 4 1 1 4 0 0 0 0 0
374 4 0 0 0 0 0 0 0 0
375 4 0 0 0 0 0 0 0 0
376 8 0 0 0 0 0 0 0 0
379 4 0 0 0 0 0 4 0 0
385 16 0 0 4 0 0 8 0 0
535 8 0 0 0 0 0 0 0 0
536 4 0 0 0 0 0 4 0 0
539 8 1 1 4 1 0 4 0 0
542 16 0 0 12 0 0 0 0 0
554 4 0 0 4 0 0 0 0 0
559 52 1 1 8 0 0 0 0 0
565 16 1 1 0 0 0 0 0 0
568 12 0 0 4 0 0 0 0 0
569 8 0 0 0 0 0 0 0 0
575 12 0 0 8 0 0 0 0 0
576 16 0 0 4 0 0 4 0 0
578 24 1 1 12 2 0 4 0 0
581 8 0 0 0 0 0 0 0 0
582 8 0 0 4 1 0 0 0 0
585 8 0 0 0 0 0 0 0 0
586 16 1 1 8 0 0 0 0 0
588 8 0 0 0 0 0 0 0 0
589 8 0 0 4 0 0 0 0 0
598 4 0 0 0 0 0 4 0 0
608 32 0 0 4 0 0 8 0 0
614 4 0 0 4 0 0 0 0 0
620 8 0 0 4 0 0 4 0 0
623 12 1 1 8 0 0 4 0 0
625 4 0 0 4 0 0 0 0 0
631 36 1 1 0 0 0 28 0 0
632 8 0 0 0 0 0 0 0 0
635 32 0 0 28 0 0 0 0 0
fn=_dl_allocate_tls_init
528 10 2 2 0 0 0 8 0 0
529 2 0 0 0 0 0 0 0 0
533 2 0 0 1 1 0 1 0 0
535 1 0 0 0 0 0 1 0 0
536 1 0 0 0 0 0 0 0 0
539 2 0 0 1 1 0 1 0 0
542 3 0 0 2 1 0 0 0 0
554 1 1 1 1 0 0 0 0 0
559 18 1 1 3 1 0 0 0 0
565 4 1 1 0 0 0 0 0 0
568 3 0 0 1 0 0 0 0 0
569 2 0 0 0 0 0 0 0 0
575 3 0 0 2 0 0 0 0 0
576 2 0 0 0 0 0 0 0 0
578 9 1 1 3 2 0 1 0 0
581 2 0 0 0 0 0 0 0 0
582 2 0 0 1 1 0 0 0 0
585 2 0 0 0 0 0 0 0 0
586 4 1 1 2 0 0 0 0 0
588 2 0 0 0 0 0 0 0 0
589 2 0 0 1 0 0 0 0 0
598 1 0 0 0 0 0 1 0 0
606 2 0 0 1 0 0 0 0 0
608 8 0 0 1 0 0 2 0 0
614 1 0 0 1 0 0 0 0 0
620 2 0 0 1 1 0 1 0 0
623 2 1 1 1 0 0 1 0 0
626 9 0 0 8 0 0 0 0 0
fn=_dl_allocate_tls_storage
370 1 0 0 1 0 0 0 0 0
374 1 0 0 0 0 0 0 0 0
375 1 0 0 0 0 0 0 0 0
376 2 0 0 0 0 0 0 0 0
379 1 0 0 0 0 0 1 1 1
385 2 0 0 0 0 0 1 0 0
422 4 1 1 0 0 0 3 0 0
424 1 0 0 1 0 0 0 0 0
435 1 0 0 1 0 0 0 0 0
436 1 0 0 0 0 0 0 0 0
437 3 0 0 0 0 0 0 0 0
445 4 1 1 0 0 0 0 0 0
446 1 0 0 0 0 0 0 0 0
450 321 1 1 0 0 0 313 39 39
469 1 0 0 0 0 0 1 1 1
475 5 0 0 4 0 0 0 0 0
fn=_dl_assign_tls_modid
131 2 1 1 0 0 0 0 0 0
134 2 0 0 1 0 0 0 0 0
147 1 1 1 1 0 0 0 0 0
186 1 0 0 0 0 0 0 0 0
188 1 0 0 0 0 0 1 0 0
191 1 0 0 0 0 0 1 0 0
192 2 0 0 1 0 0 0 0 0
fn=_dl_count_modids
197 1 1 1 0 0 0 0 0 0
199 2 0 0 1 0 0 0 0 0
200 1 0 0 1 0 0 0 0 0
215 2 0 0 1 0 0 0 0 0
fn=_dl_determine_tlsoffset
221 8 2 2 0 0 0 6 0 0
222 1 0 0 0 0 0 0 0 0
223 1 0 0 0 0 0 0 0 0
224 1 0 0 0 0 0 0 0 0
227 3 0 0 1 0 0 0 0 0
230 2 0 0 1 0 0 0 0 0
264 1 0 0 0 0 0 0 0 0
266 10 0 0 2 0 0 0 0 0
268 5 2 2 2 0 0 1 0 0
270 3 0 0 1 0 0 0 0 0
271 2 0 0 1 0 0 0 0 0
273 2 1 1 0 0 0 0 0 0
275 5 0 0 1 0 0 0 0 0
286 1 0 0 0 0 0 1 0 0
291 8 0 0 0 0 0 0 0 0
293 2 0 0 0 0 0 0 0 0
294 1 0 0 0 0 0 0 0 0
306 1 0 0 0 0 0 1 0 0
307 9 1 1 1 0 0 1 0 0
309 2 0 0 0 0 0 0 0 0
360 8 1 1 7 0 0 0 0 0
fn=_dl_tls_static_surplus_init
83 3 0 0 0 0 0 0 0 0
97 6 1 1 0 0 0 3 0 0
101 6 1 1 1 0 0 1 0 0
102 6 0 0 1 0 0 1 0 0
108 2 0 0 0 0 0 0 0 0
110 4 0 0 0 0 0 0 0 0
113 1 0 0 0 0 0 0 0 0
115 1 0 0 0 0 0 1 0 0
117 3 0 0 0 0 0 1 0 0
118 5 0 0 4 0 0 0 0 0
fl=./elf/../include/list.h
fn=__tls_init_tp
43 2 1 1 1 1 0 1 0 0
44 2 0 0 0 0 0 1 0 0
45 1 0 0 0 0 0 1 0 0
47 1 0 0 0 0 0 1 0 0
fl=./elf/../include/rtld-malloc.h
fn=__minimal_calloc
56 10 0 0 10 0 0 0 0 0
fn=__minimal_realloc
56 1 0 0 1 0 0 0 0 0
fn=_dl_allocate_tls
44 8 0 0 4 1 0 4 0 0
fn=_dl_allocate_tls_storage
44 2 0 0 1 0 0 1 0 0
56 1 0 0 1 0 0 1 0 0
fn=_dl_check_map_versions
44 12 0 0 4 0 0 4 0 0
fn=_dl_find_object_init
56 2 0 0 1 0 0 1 0 0
fn=_dl_important_hwcaps
56 3 1 1 2 0 0 3 0 0
fn=_dl_init_paths
56 5 0 0 3 0 0 3 0 0
fn=_dl_map_object_deps
56 8 0 0 4 0 0 4 0 0
fn=_dl_new_object
44 16 1 1 4 0 0 8 0 0
56 6 0 0 2 0 0 2 0 0
62 5 0 0 1 0 0 1 0 0
fn=fillin_rpath.isra.0
50 4 0 0 4 0 0 2 0 0
51 2 0 0 0 0 0 0 0 0
56 4 0 0 2 0 0 2 0 0
fn=init_tls
44 2 0 0 1 0 0 1 0 0
fn=open_path
56 2 0 0 2 0 0 1 0 0
fn=open_verify.constprop.0
50 4 0 0 2 0 0 2 0 0
fn=open_verify.constprop.1
50 2 1 1 1 0 0 1 0 0
fl=./elf/../include/scratch_buffer.h
fn=_dl_map_object_deps
77 3 0 0 0 0 0 2 1 1
78 1 0 0 0 0 0 1 0 0
85 3 1 1 2 0 0 0 0 0
131 9 0 0 0 0 0 3 0 0
fl=./elf/../misc/sbrk.c
fn=sbrk
37 5 0 0 0 0 0 2 0 0
40 1 1 1 1 0 0 0 0 0
58 2 0 0 0 0 0 0 0 0
62 2 0 0 0 0 0 0 0 0
78 5 0 0 3 0 0 0 0 0
fl=./elf/../nptl/nptl-stack.h
fn=__libc_early_init
58 8 0 0 2 1 0 0 0 0
fl=./elf/../sysdeps/generic/dl-cache.h
fn=_dl_load_cache_lookup
125 5 1 1 1 0 0 0 0 0
194 1 0 0 1 0 0 0 0 0
195 5 0 0 0 0 0 0 0 0
fl=./elf/../sysdeps/generic/dl-debug.h
fn=dl_main
29 3 0 0 1 0 0 0 0 0
30 2 0 0 1 0 0 1 0 0
fl=./elf/../sysdeps/generic/dl-hash.h
fn=__rtld_malloc_init_real
43 1 0 0 0 0 0 0 0 0
44 1 0 0 0 0 0 0 0 0
45 19 2 2 6 1 1 0 0 0
48 18 0 0 0 0 0 0 0 0
62 24 0 0 0 0 0 0 0 0
67 1 0 0 0 0 0 0 0 0
72 1 0 0 0 0 0 1 0 0
fl=./elf/../sysdeps/generic/dl-protected.h
fn=do_lookup_x
29 734 0 0 0 0 0 0 0 0
44 2639 0 0 0 0 0 754 0 0
fl=./elf/../sysdeps/generic/ldsodefs.h
fn=_dl_relocate_object
138 984 0 0 328 0 0 0 0 0
fn=_dl_start
80 3 0 0 2 0 0 0 0 0
fn=do_lookup_x
137 734 7 1 367 0 0 0 0 0
138 1101 0 0 0 0 0 0 0 0
fl=./elf/../sysdeps/nptl/dl-mutex.c
fn=__rtld_mutex_init
30 4 1 1 0 0 0 3 0 0
37 1 0 0 1 0 0 0 0 0
40 7 1 1 0 0 0 1 0 0
44 2 0 0 0 0 0 0 0 0
45 9 0 0 3 0 0 1 0 0
47 6 1 1 0 0 0 1 0 0
51 2 0 0 0 0 0 0 0 0
52 7 0 0 3 0 0 1 0 0
53 4 0 0 4 0 0 0 0 0
fl=./elf/../sysdeps/nptl/dl-tls_init_tp.c
fn=__tls_init_tp
68 3 0 0 0 0 0 1 0 0
69 1 0 0 1 0 0 0 0 0
72 1 0 0 0 0 0 0 0 0
75 4 1 1 0 0 0 1 0 0
76 2 0 0 0 0 0 1 0 0
77 1 0 0 0 0 0 1 0 0
82 2 0 0 1 0 0 1 0 0
87 4 0 0 0 0 0 1 0 0
90 1 1 1 0 0 0 1 0 0
93 3 0 0 0 0 0 0 0 0
106 4 0 0 0 0 0 1 0 0
123 3 0 0 2 1 0 1 0 0
130 2 1 1 1 0 0 1 0 0
132 1 0 0 0 0 0 1 0 0
133 1 0 0 0 0 0 1 0 0
134 3 0 0 2 0 0 0 0 0
fn=__tls_pre_init_tp
53 3 1 1 0 0 0 0 0 0
56 10 1 1 0 0 0 3 1 1
61 2 0 0 0 0 0 1 0 0
62 1 0 0 0 0 0 1 0 0
64 1 0 0 1 0 0 0 0 0
fn=rtld_mutex_dummy
42 10 0 0 0 0 0 0 0 0
44 20 0 0 10 0 0 0 0 0
fl=./elf/../sysdeps/nptl/pthread_early_init.h
fn=__libc_early_init
33 6 0 0 0 0 0 1 0 0
34 6 0 0 1 0 0 0 0 0
45 2 1 1 2 1 0 0 0 0
46 1 0 0 0 0 0 0 0 0
52 7 1 1 0 0 0 1 0 0
53 1 0 0 0 0 0 1 0 0
54 1 0 0 0 0 0 1 1 1
57 1 0 0 0 0 0 1 0 0
fl=./elf/../sysdeps/posix/dl-fileid.h
fn=_dl_map_object_from_fd
37 15 1 1 3 0 0 3 0 0
40 12 1 1 9 1 1 3 0 0
49 26 1 1 12 1 1 0 0 0
fl=./elf/../sysdeps/unix/sysv/linux/brk.c
fn=brk
35 1 1 1 0 0 0 0 0 0
36 3 0 0 0 0 0 1 1 1
37 2 0 0 0 0 0 0 0 0
43 1 0 0 0 0 0 0 0 0
44 1 0 0 1 0 0 0 0 0
fl=./elf/../sysdeps/unix/sysv/linux/dl-osinfo.h
fn=dl_main
64 2 0 0 1 1 0 0 0 0
fl=./elf/../sysdeps/unix/sysv/linux/dl-sysdep.c
fn=_dl_discover_osversion
46 5 1 1 0 0 0 3 0 0
48 3 0 0 1 0 0 0 0 0
88 4 1 1 0 0 0 1 1 1
103 1 0 0 0 0 0 0 0 0
107 1 0 0 0 0 0 0 0 0
108 1 0 0 0 0 0 0 0 0
110 12 1 1 3 1 1 0 0 0
112 6 0 0 0 0 0 0 0 0
114 17 0 0 4 0 0 0 0 0
116 1 0 0 0 0 0 0 0 0
117 4 0 0 0 0 0 0 0 0
120 3 1 1 0 0 0 0 0 0
121 3 0 0 0 0 0 0 0 0
122 3 0 0 0 0 0 0 0 0
124 13 0 0 0 0 0 0 0 0
129 2 0 0 0 0 0 0 0 0
133 5 0 0 4 0 0 0 0 0
fn=_dl_sysdep_start
36 2 0 0 0 0 0 1 0 0
fl=./elf/../sysdeps/unix/sysv/linux/dl-vdso-setup.h
fn=dl_main
30 3 1 1 0 0 0 2 0 0
33 1 1 1 0 0 0 1 0 0
36 1 0 0 0 0 0 1 0 0
39 1 0 0 0 0 0 1 0 0
45 1 1 1 0 0 0 1 0 0
fl=./elf/../sysdeps/unix/sysv/linux/dl-vdso.h
fn=dl_main
40 1 1 1 1 0 0 0 0 0
41 2 0 0 0 0 0 0 0 0
55 2 0 0 0 0 0 0 0 0
fl=./elf/../sysdeps/unix/sysv/linux/getcwd.c
fn=getcwd
49 10 1 1 0 0 0 7 1 1
80 4 0 0 0 0 0 0 0 0
81 5 1 1 1 0 0 0 0 0
131 9 1 1 7 0 0 0 0 0
fl=./elf/../sysdeps/unix/sysv/linux/rseq-internal.h
fn=__tls_init_tp
32 3 0 0 1 0 0 0 0 0
34 7 1 1 0 0 0 0 0 0
37 2 0 0 0 0 0 0 0 0
40 1 0 0 0 0 0 1 0 0
fl=./elf/../sysdeps/unix/sysv/linux/x86/cpu-features.c
fn=init_cpu_features.constprop.0
27 6 0 0 0 0 0 0 0 0
fl=./elf/../sysdeps/unix/sysv/linux/x86/dl-minsigstacksize.h
fn=get_common_indices.constprop.0
24 2 1 1 1 0 0 0 0 0
27 2 0 0 1 0 0 0 0 0
28 2 0 0 1 0 0 0 0 0
65 3 0 0 0 0 0 0 0 0
72 1 0 0 0 0 0 0 0 0
74 1 1 1 0 0 0 1 0 0
fl=./elf/../sysdeps/x86/cpu-features.c
fn=get_common_indices.constprop.0
325 1 1 1 0 0 0 1 0 0
329 4 0 0 0 0 0 0 0 0
332 5 1 1 0 0 0 3 0 0
336 1 0 0 0 0 0 1 0 0
337 4 0 0 0 0 0 1 0 0
338 4 0 0 0 0 0 1 0 0
339 4 0 0 0 0 0 1 0 0
340 3 0 0 0 0 0 1 0 0
341 2 0 0 1 0 0 0 0 0
348 2 1 1 1 0 0 0 0 0
350 9 0 0 0 0 0 4 1 1
355 8 0 0 0 0 0 4 1 1
362 2 1 1 1 0 0 0 0 0
363 7 1 1 0 0 0 4 1 1
369 2 0 0 1 0 0 0 0 0
384 2 0 0 2 0 0 0 0 0
fn=init_cpu_features.constprop.0
303 3 0 0 0 0 0 0 0 0
304 2 0 0 0 0 0 0 0 0
305 6 1 1 0 0 0 4 0 0
310 2 0 0 0 0 0 0 0 0
311 6 0 0 0 0 0 4 0 0
316 2 0 0 0 0 0 0 0 0
317 6 1 1 0 0 0 4 0 0
399 7 2 2 0 0 0 6 0 0
402 1 0 0 0 0 0 1 1 1
403 1 0 0 0 0 0 1 0 0
404 1 0 0 0 0 0 1 0 0
415 3 0 0 0 0 0 1 0 0
418 6 1 1 0 0 0 0 0 0
419 1 1 1 0 0 0 0 0 0
422 2 0 0 0 0 0 0 0 0
424 6 2 2 0 0 0 1 1 1
429 1 0 0 0 0 0 1 0 0
431 3 0 0 1 0 0 0 0 0
433 4 1 1 2 0 0 1 0 0
434 15 2 2 0 0 0 0 0 0
489 3 1 1 1 0 0 0 0 0
503 1 0 0 1 0 0 0 0 0
513 11 1 1 1 1 1 0 0 0
516 1 0 0 1 0 0 0 0 0
555 1 0 0 1 0 0 0 0 0
556 1 0 0 0 0 0 0 0 0
564 2 1 1 1 0 0 0 0 0
571 2 0 0 1 0 0 0 0 0
573 1 0 0 1 0 0 0 0 0
577 2 0 0 1 0 0 0 0 0
583 2 0 0 1 0 0 0 0 0
593 1 1 1 0 0 0 0 0 0
687 5 1 1 1 0 0 0 0 0
688 1 0 0 1 0 0 0 0 0
691 2 0 0 0 0 0 0 0 0
692 1 0 0 1 0 0 0 0 0
698 1 0 0 0 0 0 1 0 0
699 1 0 0 0 0 0 1 0 0
701 1 0 0 0 0 0 1 0 0
706 4 0 0 0 0 0 1 0 0
710 3 1 1 1 0 0 0 0 0
723 2 0 0 0 0 0 0 0 0
724 4 0 0 1 0 0 0 0 0
770 1 0 0 0 0 0 1 0 0
771 2 1 1 1 0 0 0 0 0
775 3 1 1 1 0 0 0 0 0
792 2 1 1 0 0 0 0 0 0
793 2 0 0 0 0 0 0 0 0
795 3 1 1 0 0 0 0 0 0
796 2 0 0 1 0 0 0 0 0
798 3 0 0 0 0 0 0 0 0
799 2 0 0 0 0 0 0 0 0
802 2 0 0 0 0 0 1 0 0
817 4 1 1 0 0 0 1 0 0
819 4 0 0 0 0 0 1 0 0
829 2 1 1 1 0 0 0 0 0
874 8 0 0 7 0 0 0 0 0
fn=update_active.constprop.0
43 7 1 1 0 0 0 6 0 0
47 1 0 0 1 0 0 0 0 0
55 3 0 0 1 0 0 0 0 0
56 3 0 0 0 0 0 0 0 0
57 1 0 0 1 0 0 0 0 0
65 4 1 1 1 0 0 1 0 0
66 1 0 0 1 0 0 0 0 0
74 4 1 1 1 0 0 1 0 0
75 1 0 0 1 0 0 0 0 0
76 3 0 0 0 0 0 1 0 0
80 4 0 0 0 0 0 1 0 0
83 3 0 0 1 0 0 0 0 0
84 1 0 0 1 0 0 0 0 0
87 3 0 0 1 0 0 0 0 0
88 2 0 0 1 0 0 1 1 1
92 8 1 1 1 0 0 2 0 0
93 3 0 0 2 0 0 0 0 0
94 3 1 1 2 0 0 0 0 0
95 1 0 0 1 0 0 0 0 0
97 4 0 0 1 0 0 1 0 0
98 3 1 1 2 1 1 0 0 0
100 2 0 0 0 0 0 0 0 0
101 4 0 0 0 0 0 1 0 0
104 4 0 0 0 0 0 1 0 0
105 4 1 1 0 0 0 1 0 0
109 2 0 0 0 0 0 0 0 0
113 2 0 0 0 0 0 0 0 0
115 4 0 0 0 0 0 0 0 0
119 2 1 1 0 0 0 0 0 0
121 1 0 0 0 0 0 0 0 0
124 2 1 1 0 0 0 0 0 0
126 2 0 0 0 0 0 1 0 0
130 1 0 0 0 0 0 0 0 0
131 1 0 0 1 1 1 0 0 0
134 4 0 0 0 0 0 1 0 0
140 4 0 0 0 0 0 1 0 0
142 4 1 1 2 0 0 1 0 0
144 3 0 0 0 0 0 1 0 0
149 4 0 0 0 0 0 0 0 0
198 3 0 0 0 0 0 0 0 0
210 2 0 0 0 0 0 1 0 0
211 1 0 0 1 0 0 0 0 0
214 4 1 1 1 0 0 1 0 0
218 2 0 0 1 0 0 0 0 0
222 3 1 1 0 0 0 0 0 0
223 2 0 0 0 0 0 0 0 0
225 1 0 0 0 0 0 0 0 0
226 1 0 0 0 0 0 0 0 0
229 2 0 0 0 0 0 1 0 0
231 1 0 0 0 0 0 1 0 0
234 2 0 0 0 0 0 0 0 0
285 3 0 0 1 0 0 0 0 0
289 3 0 0 1 0 0 0 0 0
296 1 0 0 0 0 0 1 0 0
297 8 0 0 7 0 0 0 0 0
fl=./elf/../sysdeps/x86/dl-cacheinfo.h
fn=get_common_cache_info.constprop.0
481 9 1 1 0 0 0 6 0 0
496 1 0 0 1 0 0 0 0 0
497 1 0 0 1 0 0 0 0 0
498 2 0 0 1 0 0 1 0 0
499 1 0 0 1 0 0 0 0 0
505 1 0 0 0 0 0 1 0 0
507 8 1 1 3 0 0 2 0 0
510 4 1 1 0 0 0 2 0 0
521 1 0 0 0 0 0 0 0 0
526 3 0 0 1 0 0 0 0 0
530 2 0 0 0 0 0 0 0 0
535 6 1 1 1 0 0 1 0 0
538 23 2 2 0 0 0 0 0 0
545 8 0 0 0 0 0 0 0 0
548 26 0 0 0 0 0 0 0 0
553 2 1 1 0 0 0 0 0 0
557 3 0 0 0 0 0 0 0 0
558 1 0 0 0 0 0 0 0 0
562 6 0 0 0 0 0 0 0 0
566 3 0 0 0 0 0 0 0 0
569 4 0 0 0 0 0 1 0 0
570 1 0 0 0 0 0 0 0 0
575 4 0 0 0 0 0 0 0 0
581 4 0 0 0 0 0 0 0 0
589 7 0 0 1 0 0 0 0 0
591 2 0 0 0 0 0 0 0 0
593 5 0 0 0 0 0 0 0 0
595 12 1 1 0 0 0 0 0 0
597 1 0 0 0 0 0 0 0 0
598 1 0 0 0 0 0 0 0 0
599 9 0 0 1 0 0 0 0 0
601 4 1 1 0 0 0 0 0 0
604 2 0 0 0 0 0 0 0 0
609 1 0 0 0 0 0 0 0 0
611 5 0 0 0 0 0 0 0 0
612 3 0 0 0 0 0 0 0 0
613 1 1 1 0 0 0 0 0 0
616 2 0 0 0 0 0 0 0 0
619 2 1 1 0 0 0 0 0 0
626 1 0 0 0 0 0 0 0 0
628 4 0 0 0 0 0 0 0 0
629 1 0 0 0 0 0 0 0 0
634 2 1 1 0 0 0 0 0 0
639 2 0 0 0 0 0 0 0 0
640 1 0 0 0 0 0 0 0 0
641 2 0 0 0 0 0 0 0 0
642 3 0 0 0 0 0 0 0 0
643 2 0 0 1 0 0 0 0 0
681 4 1 1 0 0 0 0 0 0
682 5 0 0 0 0 0 0 0 0
686 2 0 0 1 0 0 0 0 0
693 1 0 0 0 0 0 1 0 0
694 1 0 0 0 0 0 1 0 0
695 7 0 0 7 0 0 0 0 0
fn=handle_intel.constprop.0
250 96 0 0 0 0 0 72 0 0
255 24 1 1 12 0 0 0 0 0
261 24 0 0 0 0 0 12 0 0
263 12 0 0 0 0 0 12 1 1
264 36 1 1 0 0 0 12 0 0
266 15 0 0 1 0 0 0 0 0
272 60 0 0 0 0 0 12 0 0
277 24 0 0 0 0 0 0 0 0
279 24 0 0 0 0 0 12 0 0
280 12 0 0 0 0 0 0 0 0
284 48 1 1 0 0 0 12 0 0
286 24 0 0 0 0 0 0 0 0
289 60 0 0 0 0 0 12 0 0
291 24 0 0 0 0 0 0 0 0
294 5 0 0 0 0 0 1 0 0
296 2 0 0 0 0 0 0 0 0
299 5 0 0 1 0 0 1 0 0
301 2 0 0 0 0 0 0 0 0
305 3 0 0 0 0 0 0 0 0
310 96 1 1 84 0 0 0 0 0
fn=init_cpu_features.constprop.0
706 1 0 0 0 0 0 1 0 0
708 1 1 1 0 0 0 1 0 0
722 2 0 0 0 0 0 0 0 0
724 5 1 1 0 0 0 3 2 2
725 3 0 0 0 0 0 1 0 0
726 4 1 1 0 0 0 2 0 0
729 3 0 0 0 0 0 2 0 0
731 3 0 0 0 0 0 2 0 0
732 1 0 0 0 0 0 1 0 0
734 3 0 0 0 0 0 2 0 0
736 3 0 0 0 0 0 2 0 0
737 1 0 0 0 0 0 1 0 0
739 3 1 1 0 0 0 2 0 0
741 3 0 0 0 0 0 2 0 0
744 3 0 0 0 0 0 2 0 0
746 3 0 0 0 0 0 1 0 0
748 3 1 1 0 0 0 2 0 0
750 4 0 0 0 0 0 1 0 0
840 18 3 3 10 0 0 6 2 2
863 15 1 1 2 0 0 1 0 0
885 2 0 0 1 0 0 0 0 0
886 1 0 0 1 0 0 0 0 0
893 11 2 2 0 0 0 0 0 0
910 4 1 1 1 0 0 0 0 0
923 4 0 0 1 0 0 1 0 0
931 5 0 0 1 0 0 1 0 0
933 2 1 1 0 0 0 0 0 0
936 5 0 0 1 0 0 1 0 0
938 4 0 0 1 0 0 1 0 0
941 5 1 1 1 0 0 1 0 0
942 5 0 0 0 0 0 1 0 0
946 6 1 1 1 0 0 2 0 0
947 3 0 0 1 0 0 0 0 0
953 8 0 0 3 0 0 2 0 0
956 15 2 2 1 0 0 6 0 0
957 9 1 1 1 0 0 4 0 0
958 12 1 1 1 0 0 5 0 0
961 8 0 0 0 0 0 4 0 0
963 8 1 1 0 0 0 4 0 0
967 7 1 1 4 0 0 3 0 0
970 1 0 0 0 0 0 0 0 0
fn=intel_check_word.constprop.0
110 690 0 0 345 8 8 0 0 0
113 345 0 0 0 0 0 0 0 0
119 104 0 0 0 0 0 78 0 0
123 78 1 1 0 0 0 0 0 0
125 15 0 0 0 0 0 0 0 0
129 156 0 0 0 0 0 0 0 0
131 154 1 1 0 0 0 0 0 0
133 63 1 1 0 0 0 0 0 0
135 126 0 0 0 0 0 0 0 0
143 126 0 0 0 0 0 0 0 0
152 54 1 1 0 0 0 0 0 0
155 120 2 2 0 0 0 0 0 0
158 99 0 0 0 0 0 0 0 0
162 64 0 0 0 0 0 0 0 0
164 186 0 0 0 0 0 0 0 0
166 84 0 0 0 0 0 0 0 0
168 44 0 0 0 0 0 0 0 0
169 32 0 0 0 0 0 0 0 0
170 10 0 0 0 0 0 0 0 0
172 11 1 1 0 0 0 0 0 0
174 22 0 0 0 0 0 0 0 0
176 12 1 1 0 0 0 0 0 0
177 16 0 0 0 0 0 0 0 0
178 12 1 1 0 0 0 0 0 0
179 20 0 0 0 0 0 0 0 0
180 14 0 0 0 0 0 0 0 0
181 12 1 1 0 0 0 0 0 0
183 8 0 0 0 0 0 0 0 0
184 12 0 0 0 0 0 0 0 0
187 21 0 0 0 0 0 0 0 0
194 204 0 0 0 0 0 0 0 0
202 200 0 0 50 0 0 0 0 0
216 51 0 0 0 0 0 0 0 0
246 104 0 0 104 0 0 0 0 0
fl=./elf/../sysdeps/x86/dl-cet.c
fn=_dl_cet_check
41 2 0 0 0 0 0 0 0 0
42 1 0 0 1 1 1 0 0 0
44 1 0 0 0 0 0 0 0 0
45 1 0 0 0 0 0 0 0 0
48 4 1 1 0 0 0 0 0 0
49 2 0 0 0 0 0 0 0 0
51 1 0 0 1 0 0 0 0 0
62 2 0 0 0 0 0 0 0 0
252 8 1 1 0 0 0 6 0 0
254 8 1 1 7 0 0 0 0 0
fl=./elf/../sysdeps/x86/dl-get-cpu-features.c
fn=__x86_cpu_features
39 3 0 0 1 1 0 0 0 0
71 3 1 0 1 0 0 0 0 0
fn=_dl_x86_init_cpu_features
37 1 1 1 0 0 0 0 0 0
39 3 0 0 1 0 0 0 0 0
41 1 1 1 0 0 0 0 0 0
fl=./elf/../sysdeps/x86/dl-hwcap.h
fn=_dl_important_hwcaps
57 3 0 0 0 0 0 0 0 0
fl=./elf/../sysdeps/x86/dl-procinfo.h
fn=_dl_load_cache_lookup
39 2 1 1 0 0 0 0 0 0
42 7 0 0 0 0 0 3 1 1
fl=./elf/../sysdeps/x86/dl-prop.h
fn=_dl_map_object_from_fd
95 24 0 0 12 0 0 0 0 0
100 3 0 0 0 0 0 0 0 0
101 6 0 0 0 0 0 3 0 0
102 3 1 1 0 0 0 3 0 0
103 3 0 0 0 0 0 0 0 0
105 21 0 0 0 0 0 0 0 0
108 9 1 1 3 0 0 0 0 0
109 6 0 0 3 0 0 0 0 0
110 6 0 0 3 0 0 0 0 0
114 9 0 0 3 0 0 0 0 0
118 9 0 0 0 0 0 3 0 0
121 9 1 1 3 0 0 0 0 0
122 6 0 0 0 0 0 0 0 0
126 3 0 0 0 0 0 0 0 0
127 12 0 0 0 0 0 3 0 0
131 10 1 1 4 0 0 0 0 0
132 4 0 0 4 0 0 0 0 0
135 8 0 0 0 0 0 0 0 0
138 4 0 0 0 0 0 0 0 0
139 16 0 0 0 0 0 0 0 0
144 8 1 1 0 0 0 0 0 0
146 16 0 0 0 0 0 0 0 0
151 8 0 0 0 0 0 0 0 0
164 8 0 0 0 0 0 0 0 0
165 10 0 0 4 2 2 3 0 0
166 2 0 0 0 0 0 0 0 0
170 3 0 0 1 0 0 1 0 0
185 9 0 0 0 0 0 0 0 0
187 12 0 0 0 0 0 0 0 0
192 3 0 0 0 0 0 0 0 0
193 12 0 0 0 0 0 0 0 0
198 12 0 0 3 0 0 0 0 0
200 12 0 0 3 0 0 3 0 0
201 3 0 0 0 0 0 3 0 0
203 3 0 0 0 0 0 3 0 0
212 9 0 0 6 0 0 0 0 0
213 3 0 0 3 0 0 0 0 0
fn=dl_main
36 1 1 1 1 0 0 0 0 0
37 18 1 1 0 0 0 0 0 0
40 6 0 0 6 0 0 0 0 0
49 33 0 0 9 0 0 0 0 0
53 27 0 0 5 1 0 0 0 0
71 3 0 0 0 0 0 1 0 0
95 8 0 0 4 0 0 0 0 0
100 1 1 1 0 0 0 0 0 0
101 2 0 0 0 0 0 1 0 0
102 1 0 0 0 0 0 1 0 0
103 1 0 0 0 0 0 0 0 0
105 9 0 0 0 0 0 1 0 0
108 3 1 1 1 0 0 0 0 0
109 2 0 0 1 0 0 0 0 0
110 2 0 0 1 0 0 0 0 0
114 3 0 0 1 0 0 0 0 0
118 3 0 0 0 0 0 1 0 0
121 3 1 1 1 0 0 0 0 0
122 2 0 0 0 0 0 0 0 0
126 1 0 0 0 0 0 0 0 0
127 4 0 0 0 0 0 1 0 0
131 6 1 1 2 0 0 0 0 0
132 2 0 0 2 0 0 0 0 0
135 4 0 0 0 0 0 0 0 0
138 2 0 0 0 0 0 0 0 0
139 8 0 0 0 0 0 0 0 0
144 4 1 1 0 0 0 0 0 0
146 8 0 0 0 0 0 0 0 0
151 4 0 0 0 0 0 0 0 0
164 4 0 0 0 0 0 0 0 0
165 4 0 0 2 0 0 1 0 0
166 2 0 0 0 0 0 0 0 0
170 3 1 1 1 0 0 1 0 0
185 3 0 0 0 0 0 0 0 0
187 4 0 0 0 0 0 0 0 0
192 1 0 0 0 0 0 0 0 0
193 4 0 0 0 0 0 0 0 0
198 4 1 1 1 0 0 0 0 0
200 4 0 0 1 0 0 1 0 0
201 1 0 0 0 0 0 1 0 0
203 2 0 0 0 0 0 1 0 0
212 5 0 0 4 0 0 0 0 0
213 2 0 0 2 0 0 0 0 0
fl=./elf/../sysdeps/x86/get-isa-level.h
fn=_dl_hwcaps_subdirs_active
30 2 0 0 0 0 0 0 0 0
31 3 1 1 1 0 0 0 0 0
32 3 0 0 1 0 0 0 0 0
36 3 0 0 0 0 0 0 0 0
39 4 0 0 1 0 0 0 0 0
40 4 1 1 1 0 0 0 0 0
45 4 0 0 0 0 0 0 0 0
48 2 0 0 0 0 0 0 0 0
49 3 0 0 1 0 0 0 0 0
51 4 1 1 0 0 0 0 0 0
52 2 0 0 0 0 0 0 0 0
53 2 0 0 0 0 0 0 0 0
56 2 0 0 0 0 0 0 0 0
59 2 0 0 0 0 0 0 0 0
fn=update_active.constprop.0
28 1 0 0 0 0 0 0 0 0
30 2 0 0 0 0 0 0 0 0
31 2 1 1 0 0 0 0 0 0
32 3 0 0 0 0 0 0 0 0
36 3 0 0 0 0 0 0 0 0
38 1 0 0 0 0 0 0 0 0
39 3 1 1 1 0 0 0 0 0
40 4 0 0 1 0 0 0 0 0
45 4 1 1 0 0 0 0 0 0
47 1 0 0 0 0 0 0 0 0
48 2 0 0 0 0 0 0 0 0
49 3 0 0 1 0 0 0 0 0
51 4 1 1 0 0 0 0 0 0
52 2 0 0 0 0 0 0 0 0
53 2 0 0 0 0 0 0 0 0
55 1 0 0 0 0 0 0 0 0
56 2 0 0 0 0 0 0 0 0
59 2 0 0 0 0 0 0 0 0
fl=./elf/../sysdeps/x86_64/dl-hwcaps-subdirs.c
fn=_dl_hwcaps_subdirs_active
29 1 1 1 0 0 0 0 0 0
38 3 0 0 0 0 0 0 0 0
43 1 0 0 0 0 0 0 0 0
48 1 0 0 0 0 0 0 0 0
52 1 0 0 1 0 0 0 0 0
fl=./elf/../sysdeps/x86_64/dl-irel.h
fn=_dl_fixup
32 4 2 1 0 0 0 4 0 0
fl=./elf/../sysdeps/x86_64/dl-machine.h
fn=_dl_fixup
229 48 0 0 0 0 0 48 0 0
fn=_dl_relocate_object
71 16 0 0 4 0 0 0 0 0
77 8 0 0 6 1 0 0 0 0
81 6 0 0 2 2 2 0 0 0
87 2 0 0 0 0 0 2 0 0
95 6 1 1 2 0 0 0 0 0
115 4 0 0 2 0 0 0 0 0
117 4 0 0 0 0 0 2 0 0
119 10 0 0 2 2 0 0 0 0
262 688 0 0 0 0 0 0 0 0
283 688 0 0 0 0 0 0 0 0
287 688 0 0 0 0 0 0 0 0
294 17079 10 10 3965 183 159 2280 3 0
296 2670 4 4 1008 3 0 0 0 0
299 1324 1 1 318 0 0 0 0 0
300 4 0 0 0 0 0 0 0 0
316 2 0 0 0 0 0 0 0 0
326 2064 0 0 344 3 3 0 0 0
422 51 1 1 17 0 0 0 0 0
426 68 0 0 17 0 0 0 0 0
431 51 0 0 34 2 2 0 0 0
440 34 0 0 17 0 0 17 6 6
450 972 2 2 646 41 40 326 41 36
474 20 0 0 0 0 0 5 0 0
484 12 0 0 0 0 0 4 0 0
490 3 1 1 1 0 0 0 0 0
494 4 1 1 1 0 0 2 0 0
495 4 0 0 2 0 0 0 0 0
496 4 0 0 3 0 0 0 0 0
497 1 0 0 0 0 0 0 0 0
507 4 0 0 4 0 0 0 0 0
508 6 1 1 2 0 0 0 0 0
509 2 0 0 0 0 0 2 0 0
510 4 0 0 2 0 0 2 1 0
529 5346 0 0 1782 222 222 0 0 0
530 1782 1 1 0 0 0 1782 377 374
534 3564 0 0 0 0 0 0 0 0
535 3564 0 0 1782 224 224 0 0 0
545 368 0 0 184 0 0 0 0 0
549 288 0 0 0 0 0 0 0 0
552 432 0 0 144 0 0 0 0 0
553 144 0 0 144 24 22 0 0 0
579 80 0 0 80 0 0 0 0 0
581 40 0 0 0 0 0 40 0 0
582 40 0 0 0 0 0 40 1 1
fn=_dl_start
45 1 0 0 0 0 0 0 0 0
71 1 0 0 1 0 0 0 0 0
287 21 0 0 0 0 0 0 0 0
296 70 1 1 28 7 7 0 0 0
299 14 0 0 0 0 0 0 0 0
326 47 2 2 0 0 0 0 0 0
346 12 1 1 6 1 1 6 2 2
347 6 0 0 0 0 0 0 0 0
414 1 1 1 0 0 0 0 0 0
534 284 0 0 142 18 18 0 0 0
535 426 0 0 142 18 18 142 20 20
fn=_dl_sysdep_start
215 1 0 0 0 0 0 1 0 0
fl=./elf/../sysdeps/x86_64/dl-runtime.h
fn=_dl_fixup
28 48 0 0 0 0 0 0 0 0
fl=./elf/../sysdeps/x86_64/dl-trampoline.h
fn=_dl_runtime_resolve_xsave
67 48 6 1 0 0 0 0 0 0
72 48 0 0 0 0 0 48 0 0
75 48 0 0 0 0 0 0 0 0
77 48 0 0 0 0 0 0 0 0
87 48 0 0 48 5 0 0 0 0
93 48 0 0 0 0 0 48 4 1
94 48 0 0 0 0 0 48 0 0
95 48 7 1 0 0 0 48 0 0
96 48 0 0 0 0 0 48 0 0
97 48 0 0 0 0 0 48 0 0
98 48 0 0 0 0 0 48 0 0
99 48 0 0 0 0 0 48 0 0
103 48 0 0 0 0 0 0 0 0
104 48 0 0 0 0 0 0 0 0
107 48 0 0 0 0 0 48 4 0
108 48 0 0 0 0 0 48 0 0
110 48 0 0 0 0 0 48 0 0
111 48 0 0 0 0 0 48 0 0
112 48 6 1 0 0 0 48 0 0
113 48 0 0 0 0 0 48 0 0
114 48 0 0 0 0 0 48 0 0
115 48 0 0 0 0 0 48 0 0
117 48 0 0 48 0 0 1584 17 3
124 48 0 0 48 0 0 0 0 0
125 48 0 0 48 0 0 0 0 0
126 48 0 0 0 0 0 48 3 1
127 48 0 0 0 0 0 0 0 0
132 48 0 0 0 0 0 0 0 0
133 48 0 0 0 0 0 0 0 0
134 48 0 0 1728 0 0 0 0 0
136 48 6 1 48 0 0 0 0 0
137 48 0 0 48 0 0 0 0 0
138 48 0 0 48 0 0 0 0 0
139 48 0 0 48 0 0 0 0 0
140 48 0 0 48 0 0 0 0 0
141 48 0 0 48 0 0 0 0 0
142 48 0 0 48 0 0 0 0 0
144 48 0 0 0 0 0 0 0 0
146 48 0 0 48 0 0 0 0 0
150 48 0 0 0 0 0 0 0 0
152 48 0 0 0 0 0 0 0 0
fl=./elf/./dl-find_object.h
fn=_dl_find_object_from_map
95 10 1 1 5 2 0 5 4 3
96 10 1 1 5 1 0 5 0 0
97 5 0 0 0 0 0 5 0 0
103 25 0 0 10 4 0 0 0 0
104 145 0 0 0 0 0 0 0 0
105 100 1 1 50 43 8 0 0 0
107 15 0 0 10 1 0 5 0 0
112 5 0 0 5 0 0 0 0 0
fl=./elf/./dl-hwcaps.h
fn=_dl_important_hwcaps
54 12 2 2 3 0 0 6 0 0
56 8 0 0 2 0 0 6 0 0
57 1 0 0 0 0 0 0 0 0
88 9 1 1 4 0 0 5 0 0
89 8 0 0 3 0 0 5 0 0
90 6 0 0 0 0 0 0 0 0
fl=./elf/./dl-load.h
fn=_dl_map_object_from_fd
91 24 0 0 0 0 0 0 0 0
92 9 0 0 6 0 0 3 0 0
94 24 1 1 12 1 1 0 0 0
95 10 1 1 6 0 0 0 0 0
96 12 0 0 4 0 0 0 0 0
97 8 2 1 2 0 0 0 0 0
99 8 0 0 0 0 0 2 0 0
fl=./elf/./dl-main.h
fn=dl_main
109 5 1 1 4 0 0 1 0 0
fl=./elf/./dl-map-segments.h
fn=_dl_map_object_from_fd
28 9 0 0 6 0 0 0 0 0
29 27 1 1 12 0 0 6 1 1
96 6 0 0 3 0 0 0 0 0
102 3 0 0 0 0 0 3 0 0
103 9 0 0 3 0 0 0 0 0
106 9 1 1 3 0 0 3 0 0
107 6 0 0 0 0 0 3 0 0
109 6 0 0 3 0 0 0 0 0
116 16 0 0 6 0 0 2 0 0
119 14 0 0 2 0 0 2 0 0
126 3 1 1 3 0 0 0 0 0
128 3 0 0 0 0 0 0 0 0
136 60 0 0 0 0 0 0 0 0
138 36 0 0 18 0 0 0 0 0
140 99 1 1 36 0 0 18 0 0
141 9 0 0 9 0 0 0 0 0
150 48 0 0 24 0 0 0 0 0
156 3 0 0 3 0 0 0 0 0
157 3 0 0 3 0 0 0 0 0
158 15 0 0 3 0 0 0 0 0
159 6 0 0 0 0 0 0 0 0
166 6 1 1 0 0 0 0 0 0
169 6 0 0 0 0 0 0 0 0
177 21 0 0 0 0 0 9 0 0
178 6 0 0 6 0 0 0 0 0
183 6 0 0 0 0 0 0 0 0
187 16 1 1 0 0 0 2 0 0
190 4 0 0 0 0 0 0 0 0
195 12 1 1 0 0 0 0 0 0
fl=./elf/./dl-sym-post.h
fn=lookup_malloc_symbol
41 8 0 0 0 0 0 0 0 0
53 12 0 0 4 0 0 0 0 0
fl=./elf/./dl-tunable-types.h
fn=__GI___tunable_set_val
90 10 0 0 0 0 0 0 0 0
fl=./elf/./elf/dl-audit.c
fn=_dl_audit_activity_map
28 6 1 1 0 0 0 4 0 0
29 1 0 0 1 0 0 0 0 0
30 3 1 1 1 0 0 0 0 0
36 6 1 1 5 0 0 0 0 0
fn=_dl_audit_activity_nsid
40 18 2 1 0 0 0 12 0 0
44 12 0 0 3 0 0 0 0 0
45 3 0 0 3 1 0 0 0 0
46 12 2 1 0 0 0 0 0 0
50 18 0 0 15 0 0 0 0 0
fn=_dl_audit_objclose
96 5 1 1 0 0 0 0 0 0
97 20 0 0 10 0 0 0 0 0
fn=_dl_audit_objopen
76 3 1 1 0 0 0 0 0 0
77 12 0 0 6 0 0 0 0 0
fn=_dl_audit_preinit
117 1 1 1 0 0 0 0 0 0
118 4 0 0 2 0 0 0 0 0
fl=./elf/./elf/dl-cache.c
fn=_dl_cache_libcmp
370 33 1 1 0 0 0 0 0 0
371 129 1 1 11 0 0 0 0 0
373 171 0 0 0 0 0 0 0 0
375 61 1 1 0 0 0 0 0 0
381 6 0 0 0 0 0 0 0 0
382 6 0 0 0 0 0 0 0 0
383 54 0 0 48 0 0 0 0 0
385 54 0 0 48 2 2 0 0 0
387 4 0 0 0 0 0 0 0 0
393 110 0 0 0 0 0 0 0 0
395 110 0 0 0 0 0 0 0 0
396 27 1 1 9 0 0 0 0 0
399 46 0 0 0 0 0 0 0 0
400 46 0 0 0 0 0 0 0 0
403 17 0 0 13 9 9 0 0 0
fn=_dl_load_cache_lookup
194 18 0 0 0 0 0 0 0 0
208 1 0 0 1 0 0 0 0 0
212 8 2 2 1 0 0 3 0 0
218 12 1 1 4 0 0 4 0 0
219 2 0 0 0 0 0 0 0 0
221 5 0 0 0 0 0 0 0 0
228 22 1 1 3 0 0 2 0 0
230 32 0 0 10 0 0 0 0 0
231 18 0 0 9 9 9 0 0 0
235 18 0 0 9 0 0 0 0 0
239 27 1 1 0 0 0 9 0 0
240 18 0 0 0 0 0 0 0 0
248 6 1 1 0 0 0 0 0 0
250 4 0 0 2 0 0 0 0 0
253 4 0 0 0 0 0 0 0 0
255 12 0 0 0 0 0 2 0 0
257 2 0 0 0 0 0 0 0 0
267 4 0 0 0 0 0 0 0 0
277 4 1 1 2 0 0 0 0 0
278 3 0 0 1 0 0 0 0 0
294 2 0 0 0 0 0 0 0 0
303 2 0 0 1 0 0 0 0 0
306 2 0 0 1 0 0 0 0 0
308 3 0 0 1 0 0 0 0 0
309 2 0 0 1 0 0 0 0 0
314 6 1 1 1 0 0 1 0 0
315 4 0 0 1 0 0 0 0 0
322 2 0 0 0 0 0 0 0 0
343 4 0 0 1 0 0 1 0 0
355 4 0 0 1 0 0 0 0 0
359 8 0 0 0 0 0 0 0 0
360 3 0 0 0 0 0 0 0 0
362 10 0 0 0 0 0 5 0 0
416 10 1 1 0 0 0 6 0 0
418 2 0 0 1 0 0 0 0 0
421 3 1 1 1 0 0 0 0 0
424 5 1 1 0 0 0 1 0 0
432 5 1 1 1 0 0 0 0 0
433 8 0 0 3 1 1 0 0 0
436 7 1 1 0 0 0 0 0 0
437 1 0 0 1 0 0 0 0 0
444 1 1 1 0 0 0 1 0 0
445 2 0 0 0 0 0 1 0 0
495 3 0 0 1 0 0 0 0 0
498 3 0 0 1 0 0 1 0 0
513 2 0 0 1 0 0 0 0 0
525 18 2 2 2 0 0 1 0 0
526 4 0 0 1 0 0 1 0 0
527 1 0 0 0 0 0 1 0 0
528 8 0 0 7 0 0 0 0 0
fn=_dl_unload_cache
537 2 1 1 0 0 0 0 0 0
538 4 0 0 1 1 0 0 0 0
540 2 0 0 1 1 0 1 0 0
541 1 1 1 0 0 0 1 0 0
545 1 0 0 0 0 0 1 0 0
547 2 0 0 1 0 0 0 0 0
fl=./elf/./elf/dl-call-libc-early-init.c
fn=_dl_call_libc_early_init
27 4 1 1 0 0 0 2 0 0
29 2 0 0 0 0 0 0 0 0
33 7 1 1 0 0 0 1 0 0
37 2 0 0 0 0 0 0 0 0
39 4 0 0 3 0 0 0 0 0
40 2 0 0 0 0 0 0 0 0
41 3 0 0 2 0 0 0 0 0
fl=./elf/./elf/dl-debug.c
fn=_dl_debug_initialize
56 1 1 1 0 0 0 0 0 0
57 1 0 0 0 0 0 0 0 0
59 2 0 0 0 0 0 0 0 0
61 1 0 0 0 0 0 0 0 0
63 3 0 0 1 1 1 0 0 0
64 2 1 1 0 0 0 1 0 0
85 2 1 1 1 0 0 0 0 0
90 3 0 0 1 0 0 1 0 0
91 2 0 0 0 0 0 1 0 0
92 1 0 0 0 0 0 1 0 0
95 2 0 0 1 0 0 0 0 0
96 6 1 1 1 0 0 1 0 0
99 2 0 0 0 0 0 0 0 0
107 2 1 1 1 0 0 0 0 0
fn=_dl_debug_state
116 2 1 1 0 0 0 0 0 0
117 2 0 0 2 0 0 0 0 0
fn=_dl_debug_update
38 4 1 0 0 0 0 0 0 0
40 8 0 0 0 0 0 0 0 0
41 4 0 0 0 0 0 0 0 0
44 8 0 0 4 1 0 0 0 0
48 4 0 0 4 0 0 0 0 0
fl=./elf/./elf/dl-deps.c
fn=_dl_map_object_deps
144 6 1 1 0 0 0 3 1 1
145 8 0 0 0 0 0 2 0 0
146 5 1 1 0 0 0 0 0 0
148 3 0 0 0 0 0 1 0 0
152 8 0 0 2 0 0 2 0 0
159 15 2 2 0 0 0 7 1 1
160 22 2 2 1 0 0 2 1 1
176 7 0 0 0 0 0 0 0 0
177 1 0 0 1 0 0 0 0 0
180 1 0 0 0 0 0 1 0 0
198 2 0 0 1 0 0 1 0 0
199 3 0 0 1 0 0 1 0 0
200 2 1 1 0 0 0 2 0 0
202 1 0 0 0 0 0 0 0 0
204 13 1 1 9 0 0 0 0 0
206 5 0 0 0 0 0 0 0 0
209 5 0 0 0 0 0 5 0 0
213 20 0 0 5 0 0 5 1 1
214 32 2 2 14 1 1 0 0 0
217 9 0 0 0 0 0 0 0 0
221 9 1 1 3 0 0 3 0 0
224 18 1 1 9 1 0 0 0 0
226 15 2 2 9 0 0 3 0 0
231 6 0 0 3 0 0 3 0 0
232 3 0 0 0 0 0 3 0 0
233 6 1 1 3 0 0 3 0 0
237 314 0 0 83 1 0 3 0 0
238 151 0 0 0 0 0 0 0 0
244 36 3 2 8 0 0 4 0 0
246 4 0 0 0 0 0 4 0 0
248 16 1 1 0 0 0 4 0 0
249 8 1 1 4 0 0 0 0 0
258 4 0 0 4 0 0 0 0 0
260 8 0 0 4 0 0 0 0 0
265 21 1 1 3 0 0 0 0 0
268 3 0 0 0 0 0 3 0 0
269 3 0 0 0 0 0 3 0 0
270 3 0 0 0 0 0 3 0 0
271 6 0 0 3 0 0 3 0 0
273 3 0 0 3 0 0 0 0 0
275 15 1 1 3 0 0 6 0 0
279 12 0 0 4 0 0 0 0 0
280 6 0 0 0 0 0 2 0 0
282 210 1 1 0 0 0 0 0 0
298 1 0 0 0 0 0 1 0 0
380 8 1 1 0 0 0 4 0 0
433 15 0 0 5 0 0 0 0 0
435 9 0 0 0 0 0 3 0 0
438 6 1 1 0 0 0 0 0 0
439 6 0 0 0 0 0 0 0 0
445 3 0 0 0 0 0 3 1 1
446 15 0 0 3 0 0 3 0 0
447 15 0 0 0 0 0 3 0 0
450 3 0 0 0 0 0 3 0 0
451 3 0 0 3 0 0 0 0 0
455 20 1 1 10 0 0 0 0 0
457 5 0 0 5 0 0 0 0 0
458 22 0 0 4 0 0 0 0 0
464 6 1 1 2 0 0 0 0 0
465 1 0 0 0 0 0 1 0 0
468 4 0 0 1 0 0 1 0 0
479 3 1 1 1 0 0 0 0 0
481 2 0 0 0 0 0 0 0 0
486 5 0 0 2 0 0 1 0 0
487 1 0 0 0 0 0 1 0 0
488 7 0 0 1 0 0 0 0 0
490 21 1 1 5 0 0 1 0 0
494 5 0 0 5 0 0 0 0 0
499 10 1 1 0 0 0 0 0 0
501 11 0 0 0 0 0 5 2 2
506 5 0 0 5 0 0 0 0 0
509 2 0 0 1 0 0 0 0 0
560 2 1 1 0 0 0 0 0 0
561 3 1 1 1 0 0 0 0 0
598 3 1 1 1 0 0 0 0 0
599 2 0 0 0 0 0 0 0 0
602 1 0 0 1 0 0 0 0 0
613 5 0 0 0 0 0 1 0 0
618 8 1 1 1 0 0 1 0 0
619 4 1 1 2 0 0 0 0 0
623 1 0 0 0 0 0 1 0 0
625 1 0 0 0 0 0 1 0 0
626 1 0 0 1 0 0 0 0 0
627 2 0 0 0 0 0 0 0 0
634 3 0 0 1 0 0 0 0 0
637 3 0 0 1 0 0 0 0 0
640 8 0 0 7 0 0 0 0 0
fn=openaux
61 12 0 0 0 0 0 4 0 0
64 44 1 1 16 0 0 8 0 0
65 4 0 0 4 0 0 0 0 0
68 4 0 0 4 0 0 0 0 0
69 8 0 0 8 0 0 0 0 0
fl=./elf/./elf/dl-environ.c
fn=_dl_next_ld_env_entry
28 3 1 1 0 0 0 0 0 0
29 3 0 0 3 0 0 0 0 0
32 139 0 0 46 0 0 0 0 0
34 90 0 0 45 0 0 0 0 0
35 12 1 1 6 0 0 0 0 0
37 2 0 0 0 0 0 0 0 0
40 4 0 0 0 0 0 2 0 0
42 2 0 0 2 0 0 0 0 0
45 43 0 0 0 0 0 0 0 0
49 1 0 0 1 0 0 0 0 0
fl=./elf/./elf/dl-error-skeleton.c
fn=_dl_catch_error
225 10 1 1 0 0 0 3 0 0
227 2 0 0 0 0 0 1 0 0
228 2 0 0 1 0 0 1 0 0
229 2 0 0 1 0 0 1 0 0
230 2 1 1 1 0 0 1 0 0
232 5 0 0 4 0 0 0 0 0
fn=_dl_catch_exception
175 30 2 2 0 0 0 20 3 3
178 10 0 0 0 0 0 0 0 0
180 10 0 0 5 0 0 5 0 0
199 5 0 0 0 0 0 5 0 0
200 10 0 0 0 0 0 5 0 0
203 10 0 0 0 0 0 5 0 0
206 35 0 0 0 0 0 5 0 0
208 15 1 1 10 0 0 5 0 0
209 10 0 0 5 0 0 5 0 0
210 20 0 0 5 0 0 10 0 0
219 20 0 0 10 0 0 0 0 0
fn=_dl_receive_error
238 6 0 0 0 0 0 2 0 0
239 1 0 0 1 0 0 0 0 0
240 1 0 0 1 0 0 0 0 0
243 1 1 1 0 0 0 1 0 0
244 1 0 0 0 0 0 1 0 0
246 1 0 0 0 0 0 1 0 0
248 1 0 0 0 0 0 1 0 0
249 1 0 0 0 0 0 1 0 0
250 4 0 0 3 0 0 0 0 0
fl=./elf/./elf/dl-find_object.c
fn=_dl_find_object_init
561 4 1 1 0 0 0 2 0 0
564 1 1 1 1 1 0 0 0 0
566 2 0 0 1 0 0 0 0 0
567 3 1 1 0 0 0 1 0 0
579 2 0 0 0 0 0 1 0 0
580 3 0 0 1 0 0 1 0 0
582 2 1 1 0 0 0 0 0 0
585 2 1 1 0 0 0 0 0 0
590 1 0 0 0 0 0 1 0 0
591 1 0 0 0 0 0 1 0 0
594 3 0 0 1 0 0 0 0 0
596 2 1 1 0 0 0 1 0 0
599 6 0 0 3 0 0 1 0 0
601 1 0 0 0 0 0 0 0 0
604 4 0 0 3 0 0 0 0 0
fn=_dlfo_process_initial
474 4 0 0 0 0 0 2 0 0
475 2 0 0 2 0 0 0 0 0
477 2 0 0 0 0 0 0 0 0
478 4 0 0 2 0 0 0 0 0
504 24 2 2 4 1 0 0 0 0
505 26 0 0 2 0 0 0 0 0
506 10 0 0 10 0 0 0 0 0
508 36 1 1 8 0 0 0 0 0
511 32 0 0 8 0 0 0 0 0
513 24 1 1 8 1 0 0 0 0
515 8 0 0 0 0 0 4 0 0
516 8 0 0 0 0 0 0 0 0
517 16 0 0 0 0 0 0 0 0
529 2 0 0 0 0 0 2 0 0
531 8 0 0 4 0 0 0 0 0
fn=_dlfo_sort_mappings
536 1 1 1 0 0 0 0 0 0
537 2 0 0 0 0 0 0 0 0
540 16 0 0 3 0 0 0 0 0
544 6 0 0 3 0 0 0 0 0
545 33 0 0 0 0 0 0 0 0
546 36 1 1 6 0 0 0 0 0
553 12 0 0 6 0 0 0 0 0
554 15 0 0 6 0 0 6 0 0
555 6 0 0 0 0 0 6 0 0
557 1 0 0 1 0 0 0 0 0
fl=./elf/./elf/dl-fini.c
fn=_dl_fini
31 9 1 1 0 0 0 6 0 0
48 7 1 1 0 0 0 1 0 0
51 7 0 0 1 1 0 0 0 0
54 2 0 0 1 0 0 1 0 0
56 1 0 0 1 1 0 0 0 0
59 2 0 0 0 0 0 0 0 0
61 6 1 1 3 1 0 0 0 0
66 1 0 0 0 0 0 1 0 0
68 3 0 0 0 0 0 1 0 0
73 17 2 2 1 0 0 0 0 0
78 19 1 1 6 2 0 0 0 0
80 10 0 0 5 5 0 0 0 0
82 10 0 0 0 0 0 0 0 0
84 10 0 0 0 0 0 5 0 0
85 5 0 0 0 0 0 5 5 0
86 5 0 0 0 0 0 0 0 0
90 5 0 0 5 4 0 0 0 0
92 6 1 1 0 0 0 0 0 0
93 6 0 0 0 0 0 0 0 0
99 5 0 0 0 0 0 2 0 0
108 2 1 1 1 1 0 1 0 0
113 21 0 0 6 0 0 1 0 0
115 5 0 0 5 0 0 0 0 0
117 15 0 0 5 0 0 0 0 0
120 10 0 0 0 0 0 5 0 0
123 15 1 1 5 5 0 0 0 0
124 9 0 0 3 3 0 0 0 0
127 6 0 0 3 1 0 0 0 0
138 8 0 0 4 2 0 2 0 0
139 2 0 0 2 1 0 0 0 0
140 4 0 0 2 2 0 0 0 0
141 20 1 1 4 0 0 0 0 0
142 4 0 0 2 2 0 4 0 0
146 6 0 0 2 2 0 0 0 0
147 9 0 0 6 1 0 3 0 0
153 10 0 0 0 0 0 5 0 0
158 5 1 1 5 0 0 0 0 0
162 5 0 0 1 0 0 1 0 0
168 6 1 1 2 0 0 0 0 0
174 2 0 0 1 0 0 0 0 0
181 8 0 0 7 0 0 0 0 0
fl=./elf/./elf/dl-hwcaps.c
fn=_dl_important_hwcaps
55 16 2 2 0 0 0 4 0 0
57 2 0 0 0 0 0 0 0 0
58 6 0 0 2 0 0 0 0 0
59 2 0 0 0 0 0 0 0 0
80 16 2 2 0 0 0 4 0 0
82 2 0 0 0 0 0 2 1 1
83 16 0 0 4 0 0 8 1 1
87 2 0 0 0 0 0 2 0 0
89 6 0 0 2 0 0 2 0 0
90 2 0 0 0 0 0 0 0 0
91 2 0 0 0 0 0 0 0 0
103 6 0 0 0 0 0 4 0 0
105 2 1 1 0 0 0 0 0 0
108 3 0 0 2 0 0 1 0 0
111 1 0 0 0 0 0 0 0 0
115 4 1 1 0 0 0 1 0 0
128 12 1 1 0 0 0 3 0 0
130 12 1 1 5 0 0 3 0 0
131 8 0 0 2 0 0 2 0 0
132 2 0 0 0 0 0 0 0 0
133 2 0 0 0 0 0 0 0 0
136 2 0 0 1 0 0 0 0 0
145 15 1 1 6 0 0 2 0 0
146 4 0 0 0 0 0 0 0 0
154 2 0 0 2 0 0 0 0 0
158 7 1 1 2 0 0 1 0 0
159 2 0 0 0 0 0 0 0 0
160 3 0 0 0 0 0 0 0 0
164 1 0 0 1 0 0 0 0 0
165 3 0 0 1 0 0 1 0 0
166 2 0 0 0 0 0 2 0 0
175 14 2 2 0 0 0 10 1 1
176 7 0 0 1 0 0 2 1 1
178 2 0 0 1 0 0 1 0 0
179 4 0 0 1 0 0 1 0 0
204 2 0 0 0 0 0 2 0 0
205 3 1 1 0 0 0 0 0 0
215 3 0 0 1 0 0 1 0 0
216 6 1 1 2 0 0 1 0 0
220 19 0 0 3 0 0 0 0 0
221 6 0 0 0 0 0 0 0 0
222 4 0 0 0 0 0 0 0 0
225 3 0 0 0 0 0 1 0 0
228 21 3 3 1 0 0 3 0 0
230 9 1 1 2 0 0 0 0 0
231 4 1 1 2 0 0 2 1 1
233 6 0 0 0 0 0 3 0 0
234 2 0 0 0 0 0 2 0 0
235 6 0 0 0 0 0 0 0 0
236 2 0 0 1 0 0 0 0 0
238 3 0 0 1 0 0 0 0 0
240 4 0 0 0 0 0 1 0 0
241 2 1 1 1 0 0 1 0 0
242 1 0 0 0 0 0 0 0 0
245 5 0 0 1 0 0 1 0 0
246 1 0 0 0 0 0 1 0 0
249 2 0 0 1 0 0 0 0 0
252 3 0 0 1 0 0 0 0 0
253 5 1 1 3 0 0 1 0 0
256 8 0 0 6 0 0 1 0 0
257 3 0 0 1 0 0 0 0 0
259 2 1 1 0 0 0 0 0 0
260 8 2 2 1 0 0 0 0 0
261 4 1 1 2 0 0 0 0 0
262 4 1 1 1 0 0 1 0 0
272 4 0 0 1 0 0 0 0 0
276 10 1 1 3 0 0 3 1 1
282 2 0 0 0 0 0 0 0 0
283 2 0 0 0 0 0 0 0 0
291 3 0 0 1 0 0 0 0 0
304 2 0 0 1 0 0 0 0 0
306 1 0 0 0 0 0 1 0 0
315 2 0 0 1 0 0 1 0 0
328 1 1 1 0 0 0 1 0 0
331 2 0 0 1 0 0 0 0 0
338 1 0 0 1 0 0 0 0 0
341 2 0 0 0 0 0 0 0 0
344 14 1 1 7 0 0 5 0 0
347 17 0 0 4 0 0 2 0 0
348 17 2 2 1 0 0 1 0 0
349 5 0 0 2 0 0 2 0 0
352 12 0 0 4 0 0 4 0 0
354 5 1 1 1 0 0 0 0 0
359 34 1 1 3 0 0 0 0 0
360 8 0 0 0 0 0 8 1 1
364 23 0 0 1 0 0 0 0 0
367 48 0 0 0 0 0 0 0 0
368 72 0 0 0 0 0 0 0 0
369 48 1 1 24 0 0 12 0 0
371 9 0 0 0 0 0 0 0 0
374 3 0 0 1 0 0 0 0 0
375 2 1 1 0 0 0 0 0 0
376 15 0 0 2 0 0 1 0 0
378 6 0 0 0 0 0 0 0 0
379 2 0 0 2 0 0 0 0 0
381 1 1 1 1 0 0 0 0 0
382 7 1 1 0 0 0 2 0 0
389 22 0 0 6 0 0 5 0 0
390 4 0 0 0 0 0 0 0 0
392 8 0 0 0 0 0 0 0 0
395 4 0 0 2 0 0 0 0 0
401 9 0 0 8 0 0 0 0 0
fl=./elf/./elf/dl-hwcaps_split.c
fn=_dl_hwcaps_contains
66 6 1 1 0 0 0 0 0 0
67 12 0 0 0 0 0 0 0 0
68 6 0 0 0 0 0 0 0 0
77 6 0 0 6 0 0 0 0 0
fn=_dl_hwcaps_split
25 4 1 1 0 0 0 2 0 0
26 3 0 0 1 0 0 0 0 0
27 1 0 0 0 0 0 0 0 0
47 4 1 1 3 0 0 0 0 0
fn=_dl_hwcaps_split_masked
26 42 0 0 14 0 0 0 0 0
30 24 0 0 12 0 0 12 0 0
34 72 1 1 18 1 1 0 0 0
35 12 0 0 0 0 0 6 0 0
36 24 0 0 0 0 0 0 0 0
41 27 0 0 0 0 0 9 1 1
42 18 0 0 0 0 0 0 0 0
43 9 0 0 0 0 0 3 0 0
45 6 0 0 0 0 0 0 0 0
51 55 1 1 0 0 0 22 0 0
55 5 1 1 0 0 0 0 0 0
56 18 0 0 9 0 0 9 0 0
57 27 0 0 0 0 0 9 0 0
58 54 0 0 6 0 0 6 0 0
62 44 0 0 33 0 0 0 0 0
fl=./elf/./elf/dl-init.c
fn=_dl_init
31 36 2 2 12 0 0 0 0 0
33 32 0 0 6 0 0 5 0 0
77 12 1 1 0 0 0 6 0 0
78 1 0 0 1 1 0 0 0 0
79 1 0 0 1 0 0 0 0 0
82 3 1 1 1 0 0 0 0 0
85 2 1 1 0 0 0 1 0 0
90 2 0 0 0 0 0 0 0 0
115 1 0 0 1 0 0 0 0 0
116 20 0 0 0 0 0 0 0 0
117 10 0 0 10 0 0 0 0 0
123 8 1 1 7 0 0 0 0 0
fn=call_init.part.0
26 45 1 1 0 0 0 25 0 0
39 15 1 1 5 0 0 5 0 0
42 15 0 0 10 4 0 0 0 0
43 2 0 0 0 0 0 0 0 0
47 8 0 0 4 0 0 0 0 0
55 12 0 0 4 3 0 0 0 0
56 12 0 0 4 2 0 2 1 0
59 4 1 1 4 2 0 0 0 0
60 8 0 0 0 0 0 0 0 0
66 6 0 0 4 2 0 0 0 0
68 4 0 0 4 0 0 0 0 0
69 22 0 0 0 0 0 0 0 0
70 12 0 0 3 2 0 3 0 0
72 30 1 1 30 0 0 0 0 0
fl=./elf/./elf/dl-load.c
fn=_dl_dst_count
238 24 1 1 0 0 0 20 1 1
241 8 0 0 0 0 0 4 0 0
244 8 0 0 0 0 0 0 0 0
245 4 1 1 0 0 0 0 0 0
264 28 0 0 24 0 0 0 0 0
fn=_dl_init_paths
706 13 1 1 0 0 0 8 0 0
720 4 1 1 0 0 0 2 1 1
725 1 0 0 0 0 0 1 0 0
727 2 0 0 0 0 0 0 0 0
734 5 0 0 0 0 0 0 0 0
735 2 1 1 1 0 0 0 0 0
739 4 0 0 0 0 0 1 1 1
741 4 0 0 2 0 0 0 0 0
747 1 0 0 0 0 0 1 0 0
748 1 1 1 0 0 0 1 0 0
756 8 0 0 0 0 0 4 0 0
758 8 0 0 0 0 0 4 1 1
759 4 0 0 0 0 0 4 1 1
761 5 0 0 0 0 0 4 0 0
762 7 0 0 3 1 1 4 1 1
763 7 1 1 0 0 0 0 0 0
766 9 0 0 3 1 1 0 0 0
767 10 0 0 5 0 0 1 0 0
768 18 0 0 0 0 0 4 0 0
770 26 3 3 6 0 0 6 0 0
776 1 0 0 0 0 0 1 0 0
777 1 0 0 0 0 0 1 0 0
782 1 0 0 1 0 0 0 0 0
785 3 0 0 0 0 0 0 0 0
787 4 0 0 1 0 0 0 0 0
789 3 1 1 1 0 0 0 0 0
806 1 0 0 0 0 0 1 0 0
808 3 2 2 1 0 0 0 0 0
822 2 1 1 0 0 0 1 0 0
825 5 1 1 2 0 0 0 0 0
827 23 1 1 2 0 0 2 0 0
831 2 0 0 0 0 0 0 0 0
832 140 1 1 35 0 0 0 0 0
833 34 0 0 0 0 0 0 0 0
834 68 0 0 0 0 0 0 0 0
836 1 0 0 0 0 0 1 0 0
837 1 0 0 0 0 0 0 0 0
838 2 1 1 0 0 0 0 0 0
844 6 0 0 1 0 0 1 0 0
847 3 0 0 2 0 0 0 0 0
853 1 0 0 0 0 0 1 0 0
857 8 0 0 7 0 0 0 0 0
fn=_dl_map_object
682 15 1 1 5 0 0 0 0 0
696 10 0 0 2 0 0 4 0 0
2022 50 1 1 0 0 0 40 4 4
2024 3 0 0 0 0 0 3 1 1
2030 10 0 0 0 0 0 0 0 0
2031 20 1 1 5 1 1 0 0 0
2034 82 0 0 19 0 0 0 0 0
2039 112 1 1 32 0 0 0 0 0
2041 80 0 0 0 0 0 16 1 1
2045 28 0 0 14 0 0 0 0 0
2046 42 0 0 14 0 0 0 0 0
2049 20 0 0 12 0 0 0 0 0
2050 12 1 1 4 0 0 0 0 0
2051 16 0 0 0 0 0 4 0 0
2068 21 2 2 6 0 0 3 0 0
2069 9 0 0 0 0 0 3 0 0
2077 9 0 0 3 0 0 0 0 0
2092 3 0 0 0 0 0 3 1 1
2094 15 0 0 0 0 0 3 0 0
2098 8 1 1 0 0 0 4 0 0
2100 4 0 0 2 0 0 0 0 0
2107 8 0 0 2 0 0 0 0 0
2111 4 1 1 2 0 0 2 0 0
2112 2 1 1 0 0 0 0 0 0
2116 6 0 0 2 0 0 0 0 0
2117 2 0 0 0 0 0 0 0 0
2131 10 1 1 4 0 0 0 0 0
2132 20 1 1 4 0 0 2 0 0
2133 2 0 0 0 0 0 0 0 0
2142 4 1 1 0 0 0 0 0 0
2157 6 2 1 2 0 0 0 0 0
2158 28 1 1 2 0 0 8 0 0
2164 8 1 1 1 0 0 0 0 0
2165 1 0 0 0 0 0 0 0 0
2173 1 1 1 0 0 0 1 0 0
2187 2 0 0 0 0 0 0 0 0
2189 3 0 0 1 0 0 0 0 0
2193 3 1 1 0 0 0 1 0 0
2195 2 0 0 0 0 0 0 0 0
2199 2 0 0 0 0 0 0 0 0
2207 3 0 0 1 0 0 0 0 0
2230 7 1 1 0 0 0 2 0 0
2234 3 0 0 1 0 0 0 0 0
2235 2 0 0 0 0 0 1 0 0
2252 4 1 1 2 0 0 0 0 0
2258 1 0 0 0 0 0 1 0 0
2259 4 1 1 0 0 0 1 0 0
2260 2 0 0 0 0 0 0 0 0
2261 3 0 0 0 0 0 0 0 0
2265 6 0 0 0 0 0 2 0 0
2268 3 1 1 1 0 0 0 0 0
2280 12 0 0 3 0 0 0 0 0
2282 8 1 1 0 0 0 0 0 0
2326 6 0 0 3 0 0 3 0 0
2327 45 1 1 9 0 0 15 0 0
2329 45 0 0 35 0 0 0 0 0
fn=_dl_map_object_from_fd
944 42 1 1 0 0 0 33 2 2
954 9 0 0 3 0 0 6 1 1
961 12 0 0 3 0 0 3 0 0
999 48 0 0 15 0 0 0 0 0
1000 18 0 0 9 0 0 0 0 0
1018 6 1 1 3 0 0 0 0 0
1046 12 1 1 3 0 0 3 0 0
1056 6 0 0 3 0 0 0 0 0
1063 24 1 1 15 0 0 3 0 0
1064 6 0 0 0 0 0 0 0 0
1075 9 0 0 6 0 0 3 1 1
1076 12 0 0 6 0 0 6 0 0
1077 6 1 1 3 0 0 3 0 0
1079 9 0 0 0 0 0 0 0 0
1080 12 0 0 6 0 0 0 0 0
1081 4 0 0 0 0 0 2 0 0
1084 17 3 3 1 0 0 1 0 0
1085 6 0 0 1 0 0 1 1 1
1096 6 0 0 0 0 0 3 0 0
1098 3 0 0 0 0 0 3 0 0
1100 66 2 2 6 0 0 3 0 0
1101 3 0 0 0 0 0 0 0 0
1102 3 0 0 0 0 0 3 0 0
1103 3 1 1 0 0 0 3 0 0
1104 3 0 0 0 0 0 0 0 0
1110 123 1 1 3 0 0 0 0 0
1111 309 2 2 36 1 1 0 0 0
1117 6 1 1 3 0 0 0 0 0
1124 7 0 0 4 0 0 3 0 0
1125 9 0 0 3 0 0 3 0 0
1126 30 1 1 6 0 0 3 0 0
1131 2 0 0 1 0 0 1 0 0
1132 1 0 0 0 0 0 0 0 0
1137 81 0 0 27 0 0 3 0 0
1145 24 0 0 0 0 0 0 0 0
1146 90 0 0 0 0 0 15 4 4
1147 36 1 1 12 0 0 0 0 0
1148 36 0 0 0 0 0 12 0 0
1149 24 1 1 12 0 0 12 2 2
1151 84 0 0 12 0 0 0 0 0
1153 24 0 0 12 0 0 12 2 2
1157 24 0 0 0 0 0 0 0 0
1158 45 0 0 18 0 0 9 0 0
1162 24 1 1 0 0 0 0 0 0
1163 96 0 0 12 0 0 12 0 0
1173 12 0 0 0 0 0 0 0 0
1176 3 0 0 1 0 0 0 0 0
1180 4 0 0 0 0 0 1 1 1
1181 1 0 0 1 0 0 0 0 0
1185 5 1 1 0 0 0 1 0 0
1186 2 0 0 1 0 0 1 0 0
1189 1 0 0 0 0 0 1 0 0
1194 4 0 0 1 0 0 0 0 0
1195 6 0 0 3 0 0 3 0 0
1201 15 1 1 3 0 0 3 0 0
1209 6 1 1 3 0 0 3 0 0
1210 3 0 0 0 0 0 0 0 0
1213 12 0 0 6 0 0 3 1 1
1218 9 0 0 0 0 0 0 0 0
1228 54 0 0 0 0 0 0 0 0
1229 24 0 0 0 0 0 12 0 0
1235 6 1 1 0 0 0 0 0 0
1245 12 0 0 6 0 0 0 0 0
1252 21 1 1 9 0 0 3 0 0
1268 12 2 2 6 0 0 0 0 0
1269 9 0 0 3 0 0 3 0 0
1275 10 2 2 2 0 0 0 0 0
1276 6 0 0 0 0 0 0 0 0
1278 6 1 1 0 0 0 0 0 0
1288 9 0 0 3 0 0 0 0 0
1307 9 0 0 3 0 0 3 0 0
1309 15 1 1 6 0 0 0 0 0
1361 9 0 0 3 2 2 0 0 0
1362 2 0 0 1 0 0 1 0 0
1368 111 1 1 45 0 0 9 0 0
1369 168 0 0 36 30 30 0 0 0
1375 48 1 1 3 0 0 3 0 0
1380 12 1 1 3 0 0 3 0 0
1393 6 0 0 3 0 0 0 0 0
1395 12 0 0 6 0 0 3 0 0
1397 6 1 1 3 0 0 0 0 0
1413 6 0 0 0 0 0 3 0 0
1417 6 0 0 3 0 0 0 0 0
1418 6 0 0 3 0 0 0 0 0
1435 6 0 0 3 0 0 0 0 0
1436 1 0 0 0 0 0 1 0 0
1439 6 1 1 3 0 0 3 0 0
1444 6 0 0 3 0 0 0 0 0
1454 6 0 0 3 0 0 0 0 0
1461 18 0 0 6 0 0 0 0 0
1462 9 1 1 3 0 0 0 0 0
1463 9 0 0 3 0 0 1 0 0
1464 3 0 0 1 0 0 0 0 0
1465 5 0 0 1 0 0 1 0 0
1471 6 1 1 3 0 0 0 0 0
1472 4 0 0 1 0 0 0 0 0
1477 2 0 0 0 0 0 1 0 0
1484 9 0 0 3 0 0 3 0 0
1487 12 0 0 6 0 0 0 0 0
1506 15 2 2 6 0 0 0 0 0
1510 21 1 1 9 0 0 0 0 0
1511 12 0 0 3 0 0 3 0 0
1515 27 1 1 21 0 0 0 0 0
fn=_dl_process_pt_gnu_property
868 8 2 1 0 0 0 0 0 0
869 8 1 1 8 0 0 0 0 0
870 4 0 0 4 0 0 0 0 0
876 8 0 0 4 0 0 0 0 0
882 20 0 0 0 0 0 0 0 0
885 12 0 0 4 3 3 0 0 0
886 8 0 0 4 1 1 0 0 0
887 8 1 1 4 0 0 0 0 0
930 4 0 0 4 0 0 0 0 0
fn=expand_dynamic_string_token
241 9 1 1 0 0 0 3 1 1
244 6 0 0 0 0 0 0 0 0
385 27 1 1 0 0 0 18 0 0
399 6 0 0 0 0 0 0 0 0
410 21 0 0 18 0 0 0 0 0
fn=fillin_rpath.isra.0
468 15 2 2 0 0 0 11 0 0
472 1 0 0 0 0 0 0 0 0
474 18 0 0 3 0 0 3 0 0
481 4 0 0 2 0 0 0 0 0
483 8 0 0 2 0 0 2 0 0
487 4 0 0 0 0 0 0 0 0
492 6 1 1 0 0 0 2 0 0
493 4 0 0 0 0 0 0 0 0
500 10 0 0 2 0 0 0 0 0
505 8 1 1 0 0 0 4 0 0
509 33 1 1 11 0 0 0 0 0
510 18 0 0 9 0 0 0 0 0
528 12 2 2 2 0 0 2 0 0
532 6 1 1 4 0 0 0 0 0
534 4 0 0 0 0 0 0 0 0
538 2 0 0 0 0 0 2 1 1
539 4 0 0 2 0 0 0 0 0
540 8 0 0 0 0 0 4 0 0
541 2 0 0 0 0 0 2 0 0
543 4 1 1 2 0 0 0 0 0
549 8 0 0 2 0 0 0 0 0
550 56 2 2 2 0 0 0 0 0
551 18 0 0 0 0 0 8 0 0
553 4 0 0 2 0 0 2 0 0
554 6 0 0 2 0 0 0 0 0
555 2 0 0 0 0 0 2 0 0
561 4 0 0 2 0 0 2 0 0
562 4 0 0 0 0 0 2 0 0
565 4 1 1 0 0 0 2 0 0
571 1 0 0 0 0 0 1 0 0
574 8 0 0 7 0 0 0 0 0
fn=open_path
1870 28 2 2 2 0 0 22 3 3
1871 4 0 0 2 0 0 2 0 0
1874 2 0 0 0 0 0 2 0 0
1875 4 1 1 0 0 0 4 0 0
1877 4 0 0 0 0 0 0 0 0
1882 42 2 2 6 1 1 0 0 0
1885 6 0 0 6 0 0 0 0 0
1889 3 0 0 0 0 0 3 0 0
1894 18 1 1 3 0 0 3 0 0
1901 15 0 0 6 0 0 3 1 1
1902 186 3 3 32 0 0 1 0 0
1905 60 0 0 30 0 0 0 0 0
1910 360 1 1 150 0 0 60 0 0
1913 60 0 0 0 0 0 30 0 0
1919 90 0 0 30 0 0 0 0 0
1922 210 1 1 90 0 0 30 0 0
1924 90 0 0 30 0 0 0 0 0
1926 20 0 0 0 0 0 0 0 0
1931 20 0 0 0 0 0 0 0 0
1932 70 0 0 30 0 0 0 0 0
1938 30 1 1 20 0 0 10 0 0
1940 60 0 0 10 0 0 10 0 0
1941 2 0 0 1 0 0 0 0 0
1943 38 1 1 1 0 0 11 0 0
1950 80 1 1 20 0 0 0 0 0
1952 43 0 0 1 0 0 0 0 0
1960 15 0 0 0 0 0 3 0 0
1977 2 0 0 1 0 0 1 0 0
1978 3 1 1 1 0 0 0 0 0
1980 5 0 0 1 0 0 2 0 0
1981 2 0 0 1 0 0 0 0 0
1988 1 0 0 0 0 0 0 0 0
1991 16 1 1 4 0 0 0 0 0
1996 4 0 0 4 0 0 0 0 0
1998 8 0 0 6 0 0 0 0 0
2001 3 0 0 1 0 0 0 0 0
2015 18 0 0 14 0 0 0 0 0
fn=open_verify.constprop.0
1568 341 1 1 0 0 0 186 1 1
1607 93 0 0 31 0 0 0 0 0
1612 58 1 1 0 0 0 0 0 0
1626 155 0 0 0 0 0 31 0 0
1628 62 1 1 0 0 0 0 0 0
1633 2 0 0 0 0 0 0 0 0
1639 2 0 0 0 0 0 2 0 0
1640 2 0 0 0 0 0 2 1 1
1645 20 0 0 2 0 0 4 0 0
1647 4 1 1 0 0 0 0 0 0
1649 4 0 0 2 0 0 2 0 0
1651 4 0 0 0 0 0 0 0 0
1657 4 0 0 0 0 0 0 0 0
1674 31 3 3 11 0 0 0 0 0
1748 4 1 1 2 0 0 0 0 0
1753 4 0 0 2 0 0 0 0 0
1755 8 0 0 2 0 0 0 0 0
1761 4 0 0 2 1 1 0 0 0
1767 10 1 1 2 0 0 0 0 0
1768 8 0 0 2 0 0 0 0 0
1769 2 0 0 1 0 0 0 0 0
1772 16 3 3 1 0 0 0 0 0
1773 9 1 1 1 0 0 2 0 0
1789 127 0 0 1 0 0 0 0 0
1790 52 0 0 24 12 12 0 0 0
1791 16 2 1 4 0 0 0 0 0
1795 16 0 0 8 0 0 0 0 0
1796 6 0 0 2 0 0 0 0 0
1801 4 0 0 0 0 0 0 0 0
1802 32 1 1 2 0 0 0 0 0
1812 28 1 1 6 0 0 8 1 1
1820 36 2 2 10 1 1 0 0 0
1822 4 0 0 0 0 0 0 0 0
1823 36 2 2 12 0 0 0 0 0
1826 12 0 0 0 0 0 0 0 0
1831 1 0 0 0 0 0 0 0 0
1832 8 0 0 3 0 0 0 0 0
1835 2 0 0 0 0 0 0 0 0
1838 3 0 0 1 0 0 0 0 0
1839 5 0 0 1 0 0 0 0 0
1840 2 0 0 1 0 0 0 0 0
1841 3 0 0 1 0 0 0 0 0
1842 3 0 0 1 0 0 0 0 0
1856 279 1 1 217 0 0 0 0 0
fn=open_verify.constprop.1
1568 11 1 1 0 0 0 6 0 0
1607 3 1 1 1 0 0 0 0 0
1626 5 0 0 0 0 0 1 0 0
1628 2 0 0 0 0 0 0 0 0
1633 1 0 0 0 0 0 0 0 0
1639 1 0 0 0 0 0 1 0 0
1640 1 0 0 0 0 0 1 0 0
1645 10 1 1 1 0 0 2 0 0
1647 2 0 0 0 0 0 0 0 0
1649 2 0 0 1 0 0 1 0 0
1651 2 0 0 0 0 0 0 0 0
1657 2 0 0 0 0 0 0 0 0
1674 14 2 2 5 1 1 0 0 0
1748 2 0 0 1 0 0 0 0 0
1753 2 0 0 1 0 0 0 0 0
1755 4 1 1 1 0 0 0 0 0
1761 2 0 0 1 0 0 0 0 0
1767 5 0 0 1 0 0 0 0 0
1768 4 0 0 1 0 0 0 0 0
1769 2 0 0 1 0 0 0 0 0
1789 70 1 1 0 0 0 0 0 0
1790 28 1 1 13 8 8 0 0 0
1791 8 0 0 2 1 1 0 0 0
1795 8 0 0 4 0 0 0 0 0
1796 6 1 1 2 0 0 0 0 0
1820 15 1 1 4 2 2 0 0 0
1822 2 0 0 0 0 0 0 0 0
1823 18 1 1 6 0 0 0 0 0
1826 6 0 0 0 0 0 0 0 0
1832 4 1 1 2 0 0 0 0 0
1856 9 0 0 7 0 0 0 0 0
fl=./elf/./elf/dl-lookup-direct.c
fn=_dl_lookup_direct
32 15 1 1 9 0 0 0 0 0
33 9 0 0 0 0 0 0 0 0
35 6 0 0 3 3 3 0 0 0
36 6 0 0 3 0 0 0 0 0
48 12 0 0 3 0 0 6 0 0
51 6 1 1 6 0 0 0 0 0
53 18 0 0 3 0 0 3 0 0
57 9 0 0 9 1 0 0 0 0
58 21 1 1 9 0 0 0 0 0
59 15 0 0 6 0 0 3 0 0
74 36 2 2 0 0 0 24 0 0
76 6 0 0 3 0 0 0 0 0
78 21 0 0 9 1 0 0 0 0
79 6 1 1 0 0 0 0 0 0
81 12 0 0 3 0 0 3 0 0
84 25 0 0 5 3 2 0 0 0
86 9 0 0 3 0 0 0 0 0
93 6 1 1 0 0 0 0 0 0
115 3 0 0 0 0 0 0 0 0
116 27 0 0 21 0 0 0 0 0
fl=./elf/./elf/dl-lookup.c
fn=_dl_lookup_symbol_x
204 2262 0 0 754 0 0 754 0 0
580 754 0 0 0 0 0 0 0 0
581 27236 0 0 6809 207 168 0 0 0
582 25728 7 1 0 0 0 0 0 0
583 377 0 0 0 0 0 0 0 0
840 5278 16 2 0 0 0 3770 8 0
842 754 0 0 0 0 0 377 1 0
843 754 0 0 0 0 0 377 0 0
846 377 0 0 377 7 0 0 0 0
850 2260 3 1 879 0 0 377 3 0
852 2262 7 1 377 0 0 377 0 0
853 754 4 0 377 0 0 0 0 0
855 754 0 0 754 2 0 0 0 0
859 804 0 0 10 0 0 0 0 0
860 6409 7 1 2262 0 0 2639 5 1
865 1131 0 0 377 0 0 0 0 0
867 60 1 1 10 0 0 0 0 0
884 377 7 1 0 0 0 377 0 0
885 30 1 1 0 0 0 0 0 0
888 754 0 0 377 0 0 0 0 0
889 2553 0 0 363 0 0 0 0 0
896 367 7 1 367 0 0 0 0 0
929 1468 0 0 367 0 0 0 0 0
943 1101 0 0 367 10 0 0 0 0
944 2 1 1 0 0 0 1 0 0
946 1101 0 0 367 0 0 0 0 0
953 3393 0 0 2639 0 0 0 0 0
1008 734 0 0 367 0 0 0 0 0
fn=check_match
70 4862 7 1 748 0 0 1870 1 1
73 2618 7 1 748 90 68 0 0 0
78 367 7 1 0 0 0 0 0 0
86 1855 0 0 0 0 0 0 0 0
89 1240 0 0 166 0 0 83 3 0
93 371 0 0 371 8 0 0 0 0
94 742 0 0 0 0 0 0 0 0
96 258 3 1 0 0 0 0 0 0
115 258 0 0 258 46 26 0 0 0
116 1032 0 0 387 13 0 0 0 0
117 625 10 2 250 3 0 125 0 0
118 8 0 0 4 0 0 0 0 0
119 8 0 0 0 0 0 0 0 0
144 484 4 0 0 0 0 0 0 0
146 1452 0 0 484 2 1 0 0 0
147 968 0 0 0 0 0 0 0 0
155 10 0 0 0 0 0 0 0 0
162 2244 0 0 2244 0 0 0 0 0
fn=do_lookup_x
171 70 2 2 50 0 0 0 0 0
363 4901 14 2 754 0 0 3393 10 1
364 377 0 0 377 4 0 0 0 0
370 377 0 0 377 0 0 0 0 0
374 2572 7 1 2572 31 0 0 0 0
377 2572 0 0 0 0 0 0 0 0
381 4842 8 1 381 0 0 1131 6 1
385 2570 0 0 1285 22 0 0 0 0
389 2570 7 1 1285 5 0 0 0 0
395 3855 7 1 1285 7 0 0 0 0
399 1285 0 0 0 0 0 1285 0 0
400 1285 0 0 0 0 0 1285 0 0
403 6425 0 0 3855 47 0 0 0 0
404 3855 7 1 2570 4 0 1285 0 0
407 1285 0 0 1285 0 0 0 0 0
408 2570 0 0 0 0 0 0 0 0
410 1285 0 0 1285 100 38 0 0 0
411 1131 0 0 0 0 0 377 0 0
412 2570 0 0 2570 0 0 0 0 0
415 6425 0 0 2570 0 0 0 0 0
418 8995 0 0 0 0 0 0 0 0
421 758 0 0 758 130 70 0 0 0
422 1516 7 1 0 0 0 0 0 0
423 758 0 0 0 0 0 0 0 0
425 4524 7 1 1131 0 0 1885 0 0
428 3365 6 1 673 145 108 0 0 0
430 1122 0 0 374 0 0 0 0 0
431 5236 6 1 1870 0 0 2244 8 1
432 748 0 0 0 0 0 0 0 0
435 1122 0 0 0 0 0 0 0 0
438 932 0 0 7 0 0 0 0 0
452 2936 7 1 1835 0 0 0 0 0
469 20 1 1 10 0 0 0 0 0
477 734 7 1 367 0 0 0 0 0
528 734 0 0 0 0 0 0 0 0
535 2852 0 0 367 0 0 0 0 0
539 63 2 1 21 2 0 0 0 0
551 734 0 0 367 0 0 367 0 0
552 367 0 0 0 0 0 367 0 0
553 734 0 0 0 0 0 0 0 0
570 2757 0 0 0 0 0 0 0 0
573 10 0 0 0 0 0 0 0 0
574 3016 6 1 2639 0 0 0 0 0
fl=./elf/./elf/dl-minimal-malloc.c
fn=__minimal_calloc
78 50 2 2 0 0 0 0 0 0
82 10 0 0 0 0 0 0 0 0
85 10 0 0 0 0 0 0 0 0
86 30 0 0 0 0 0 0 0 0
fn=__minimal_free
95 5 0 0 0 0 0 0 0 0
97 20 1 1 10 0 0 0 0 0
fn=__minimal_malloc
35 155 1 1 0 0 0 62 1 1
36 93 0 0 31 2 1 0 0 0
41 3 0 0 0 0 0 1 0 0
42 2 1 1 1 0 0 0 0 0
43 2 0 0 0 0 0 0 0 0
47 124 1 1 31 0 0 31 0 0
50 209 0 0 0 0 0 0 0 0
55 8 1 1 2 0 0 0 0 0
56 8 0 0 0 0 0 0 0 0
58 2 0 0 0 0 0 0 0 0
59 16 0 0 0 0 0 2 0 0
61 4 0 0 0 0 0 0 0 0
63 4 0 0 2 0 0 0 0 0
65 6 0 0 0 0 0 2 0 0
68 31 0 0 0 0 0 31 2 1
69 33 0 0 0 0 0 31 0 0
71 124 0 0 93 0 0 0 0 0
fn=__minimal_realloc
109 6 0 0 0 0 0 2 0 0
110 2 1 1 0 0 0 0 0 0
117 3 1 1 2 0 0 0 0 0
fl=./elf/./elf/dl-minimal.c
fn=__rtld_malloc_init_real
76 8 1 1 0 0 0 5 0 0
86 2 0 0 0 0 0 1 0 0
87 1 0 0 0 0 0 1 0 0
89 1 0 0 0 0 0 1 0 0
91 6 0 0 0 0 0 1 0 0
92 5 1 1 0 0 0 1 0 0
93 5 0 0 0 0 0 1 0 0
94 4 0 0 0 0 0 1 0 0
99 1 0 0 0 0 0 1 0 0
100 1 0 0 0 0 0 1 0 0
101 1 1 1 0 0 0 1 0 0
102 1 0 0 0 0 0 1 0 0
103 7 0 0 6 0 0 0 0 0
fn=__rtld_malloc_init_stubs
42 1 1 1 0 0 0 0 0 0
43 2 0 0 0 0 0 1 1 1
44 2 0 0 0 0 0 1 0 0
45 2 1 1 0 0 0 1 0 0
46 2 0 0 0 0 0 1 0 0
47 1 0 0 1 0 0 0 0 0
fn=lookup_malloc_symbol
61 28 1 1 0 0 0 12 0 0
63 4 0 0 0 0 0 4 0 0
64 28 1 1 4 0 0 12 0 0
68 28 0 0 16 0 0 0 0 0
69 28 0 0 12 0 0 0 0 0
71 4 1 1 0 0 0 4 0 0
72 20 0 0 16 0 0 0 0 0
fn=strsep
239 3 1 1 0 0 0 0 0 0
242 6 0 0 3 1 1 0 0 0
244 3 0 0 3 0 0 0 0 0
245 6 0 0 0 0 0 0 0 0
249 179 1 1 35 0 0 0 0 0
254 134 0 0 67 0 0 0 0 0
256 198 0 0 66 1 1 0 0 0
260 2 0 0 0 0 0 1 0 0
264 33 0 0 0 0 0 0 0 0
267 2 0 0 0 0 0 2 0 0
271 6 0 0 3 0 0 0 0 0
fl=./elf/./elf/dl-misc.c
fn=_dl_name_match_p
68 174 1 1 0 0 0 58 0 0
69 116 0 0 29 0 0 29 1 1
70 5 0 0 0 0 0 0 0 0
72 29 0 0 29 0 0 0 0 0
74 118 0 0 0 0 0 0 0 0
75 175 1 1 35 0 0 35 0 0
80 30 0 0 30 0 0 0 0 0
82 24 0 0 0 0 0 0 0 0
83 116 0 0 87 0 0 0 0 0
fn=_dl_sysdep_read_whole_file
36 9 1 1 0 0 0 4 0 0
39 3 0 0 0 0 0 1 0 0
40 2 0 0 0 0 0 0 0 0
42 6 1 1 0 0 0 1 0 0
44 2 0 0 1 0 0 1 1 1
47 2 0 0 0 0 0 0 0 0
49 8 0 0 0 0 0 1 0 0
60 3 0 0 0 0 0 1 0 0
63 7 0 0 5 0 0 0 0 0
fl=./elf/./elf/dl-object.c
fn=_dl_add_to_namespace_list
31 24 2 2 0 0 0 12 1 1
33 12 0 0 4 0 0 4 0 0
35 31 0 0 4 0 0 0 0 0
38 36 0 0 9 0 0 0 0 0
40 3 0 0 0 0 0 3 0 0
42 3 0 0 0 0 0 3 0 0
45 2 0 0 0 0 0 1 0 0
46 12 1 1 4 0 0 0 0 0
47 8 0 0 4 0 0 4 0 0
48 8 0 0 0 0 0 4 0 0
50 8 0 0 4 0 0 0 0 0
51 12 0 0 12 0 0 0 0 0
fn=_dl_new_object
59 56 1 1 0 0 0 32 2 2
62 8 1 1 0 0 0 0 0 0
64 2 2 2 0 0 0 0 0 0
66 3 0 0 1 0 0 0 0 0
67 2 1 1 0 0 0 0 0 0
71 2 0 0 0 0 0 0 0 0
77 5 0 0 0 0 0 1 0 0
80 6 0 0 3 0 0 3 0 0
83 12 0 0 0 0 0 3 1 1
87 6 0 0 0 0 0 0 0 0
92 7 0 0 0 0 0 4 0 0
95 8 0 0 0 0 0 0 0 0
98 4 0 0 0 0 0 4 3 3
99 4 0 0 0 0 0 4 4 4
100 8 0 0 4 0 0 0 0 0
103 8 0 0 0 0 0 4 1 1
104 28 1 1 8 0 0 12 2 2
106 4 0 0 0 0 0 4 0 0
119 14 0 0 7 0 0 0 0 0
125 1 0 0 0 0 0 0 0 0
127 28 1 1 8 4 4 8 0 0
130 8 0 0 4 0 0 0 0 0
131 11 1 1 0 0 0 4 4 4
132 4 0 0 0 0 0 4 0 0
136 4 0 0 0 0 0 4 0 0
139 69 1 1 5 0 0 0 0 0
141 16 0 0 0 0 0 16 4 4
149 8 1 1 0 0 0 4 0 0
150 4 0 0 0 0 0 4 4 4
153 1 1 1 0 0 0 0 0 0
155 24 0 0 4 1 1 0 0 0
157 12 0 0 0 0 0 3 1 1
160 10 0 0 0 0 0 0 0 0
164 12 1 0 3 0 0 0 0 0
168 18 1 1 3 0 0 0 0 0
176 2 1 1 0 0 0 1 0 0
179 8 0 0 0 0 0 4 2 2
189 12 0 0 4 0 0 0 0 0
191 15 1 1 0 0 0 9 0 0
195 8 0 0 0 0 0 0 0 0
200 8 0 0 0 0 0 0 0 0
208 3 0 0 0 0 0 0 0 0
212 3 0 0 0 0 0 0 0 0
217 2 1 1 0 0 0 0 0 0
219 2 0 0 0 0 0 0 0 0
224 4 0 0 1 0 0 1 0 0
225 2 0 0 0 0 0 0 0 0
239 3 0 0 0 0 0 1 0 0
240 2 0 0 1 0 0 0 0 0
241 2 0 0 0 0 0 1 0 0
245 12 0 0 3 0 0 3 0 0
250 128 0 0 0 0 0 0 0 0
251 128 0 0 64 0 0 0 0 0
253 6 0 0 0 0 0 0 0 0
256 3 0 0 0 0 0 3 0 0
259 3 0 0 0 0 0 3 2 2
263 36 1 1 28 0 0 0 0 0
fl=./elf/./elf/dl-reloc.c
fn=_dl_relocate_object
194 65 1 1 0 0 0 40 0 0
204 8 0 0 0 0 0 0 0 0
205 15 0 0 0 0 0 10 0 0
208 10 0 0 0 0 0 5 0 0
210 15 1 1 0 0 0 0 0 0
212 5 0 0 5 0 0 0 0 0
213 15 0 0 5 2 0 0 0 0
232 10 1 1 5 0 0 0 0 0
238 25 0 0 10 0 0 0 0 0
239 10 1 1 5 4 0 0 0 0
240 2 0 0 0 0 0 0 0 0
242 10 0 0 0 0 0 0 0 0
249 20 2 2 5 1 0 5 0 0
288 288 7 7 125 19 0 36 0 0
291 30 0 0 10 0 0 0 0 0
308 20 1 1 0 0 0 0 0 0
315 5 0 0 5 0 0 0 0 0
318 10 0 0 5 0 0 0 0 0
335 15 0 0 5 5 0 0 0 0
337 40 0 0 35 2 0 0 0 0
343 30 2 2 15 0 0 0 0 0
346 10 0 0 0 0 0 0 0 0
350 10 0 0 0 0 0 0 0 0
351 30 0 0 0 0 0 5 0 0
fl=./elf/./elf/dl-runtime.c
fn=_dl_fixup
46 384 14 2 0 0 0 192 0 0
48 240 0 0 192 14 0 0 0 0
49 144 0 0 96 2 0 0 0 0
54 48 0 0 48 5 0 0 0 0
55 192 7 1 48 9 0 0 0 0
56 336 0 0 48 40 0 48 0 0
58 96 0 0 48 6 0 0 0 0
63 96 0 0 0 0 0 0 0 0
67 96 0 0 48 44 8 0 0 0
69 192 0 0 48 13 0 0 0 0
71 144 7 1 48 3 0 0 0 0
75 144 0 0 96 23 0 0 0 0
76 192 0 0 48 1 0 0 0 0
84 48 0 0 0 0 0 0 0 0
85 144 0 0 48 1 0 0 0 0
87 1 1 0 0 0 0 1 0 0
88 1 0 0 0 0 0 0 0 0
95 528 6 1 96 5 0 144 4 0
99 240 7 1 144 0 0 0 0 0
100 4 1 1 2 0 0 0 0 0
109 480 0 0 192 2 0 48 0 0
124 192 0 0 48 0 0 0 0 0
125 8 0 0 0 0 0 4 0 0
133 144 7 1 48 1 0 0 0 0
159 144 0 0 48 1 0 0 0 0
163 288 0 0 240 0 0 0 0 0
fl=./elf/./elf/dl-setup_hash.c
fn=_dl_setup_hash
25 10 1 1 0 0 0 0 0 0
28 15 1 1 5 0 0 0 0 0
31 15 0 0 10 0 0 0 0 0
32 10 0 0 5 3 3 5 1 1
33 5 0 0 5 0 0 0 0 0
34 5 0 0 5 0 0 0 0 0
36 15 0 0 0 0 0 0 0 0
37 5 0 0 0 0 0 5 0 0
38 15 0 0 5 0 0 5 0 0
40 20 1 1 0 0 0 5 0 0
41 10 0 0 0 0 0 0 0 0
45 15 0 0 0 0 0 5 0 0
50 5 0 0 5 0 0 0 0 0
fl=./elf/./elf/dl-sort-maps.c
fn=_dl_sort_maps
145 50 0 0 10 0 0 10 0 0
186 2 0 0 0 0 0 0 0 0
187 38 0 0 0 0 0 0 0 0
188 20 0 0 20 0 0 0 0 0
223 38 6 3 2 0 0 0 0 0
228 4 0 0 0 0 0 2 0 0
230 2 0 0 0 0 0 2 0 0
231 16 0 0 0 0 0 0 0 0
233 24 0 0 0 0 0 0 0 0
235 10 2 1 10 0 0 0 0 0
238 20 0 0 10 0 0 0 0 0
256 4 0 0 2 0 0 0 0 0
269 2 2 1 0 0 0 0 0 0
276 10 2 1 0 0 0 2 0 0
290 22 4 1 0 0 0 14 0 0
298 6 0 0 2 2 0 0 0 0
302 18 4 2 14 0 0 0 0 0
fn=_dl_sort_maps_init
281 2 1 1 0 0 0 0 0 0
282 4 0 0 0 0 0 1 0 0
283 1 0 0 0 0 0 1 0 0
284 3 0 0 1 0 0 0 0 0
285 2 0 0 1 0 0 0 0 0
fn=dfs_traversal.part.0
140 80 2 1 0 0 0 40 0 0
148 10 2 1 10 0 0 0 0 0
150 30 0 0 10 3 0 0 0 0
152 88 0 0 22 3 0 0 0 0
155 30 0 0 15 0 0 0 0 0
161 35 1 0 5 0 0 0 0 0
176 30 0 0 10 0 0 10 0 0
177 10 0 0 0 0 0 10 0 0
178 60 1 1 50 0 0 0 0 0
fl=./elf/./elf/dl-tunables.c
fn=__GI___tunable_set_val
102 45 1 1 5 0 0 0 0 0
111 5 0 0 5 0 0 0 0 0
112 25 0 0 10 0 0 0 0 0
113 40 1 1 10 0 0 0 0 0
116 15 0 0 0 0 0 0 0 0
119 10 0 0 0 0 0 0 0 0
123 10 0 0 0 0 0 0 0 0
130 10 1 1 0 0 0 0 0 0
131 10 0 0 0 0 0 0 0 0
134 30 0 0 0 0 0 5 0 0
135 5 0 0 0 0 0 5 0 0
136 5 0 0 0 0 0 5 0 0
137 5 0 0 0 0 0 5 0 0
157 25 1 1 0 0 0 0 0 0
161 5 0 0 5 0 0 0 0 0
fn=__GI___tunables_init
71 230 0 0 46 0 0 0 0 0
74 90 0 0 0 0 0 0 0 0
77 4067 1 1 581 31 31 0 0 0
81 90 1 1 0 0 0 0 0 0
86 180 0 0 0 0 0 0 0 0
273 7 0 0 1 0 0 0 0 0
282 9 2 2 0 0 0 6 1 1
305 6300 0 0 0 0 0 0 0 0
311 9900 1 1 3150 35 35 0 0 0
323 180 0 0 45 0 0 0 0 0
357 8 0 0 7 0 0 0 0 0
fn=__tunable_get_val
405 33 1 1 0 0 0 0 0 0
408 357 1 1 33 28 17 0 0 0
417 43 0 0 33 2 0 10 0 0
427 23 0 0 0 0 0 23 0 0
428 23 0 0 0 0 0 0 0 0
434 165 0 0 33 7 0 0 0 0
436 33 1 1 33 0 0 0 0 0
fl=./elf/./elf/dl-tunables.h
fn=__GI___tunable_set_val
121 10 0 0 0 0 0 0 0 0
122 5 0 0 0 0 0 0 0 0
131 20 1 1 0 0 0 0 0 0
fn=__GI___tunables_init
140 809 0 0 536 1 1 0 0 0
141 1972 1 1 0 0 0 0 0 0
fl=./elf/./elf/dl-version.c
fn=_dl_check_all_versions
361 6 1 1 0 0 0 4 0 0
363 2 0 0 0 0 0 0 0 0
365 20 0 0 5 0 0 0 0 0
366 5 0 0 0 0 0 0 0 0
367 45 1 1 5 0 0 5 0 0
370 7 0 0 5 0 0 0 0 0
fn=_dl_check_map_versions
36 41 1 1 6 0 0 0 0 0
37 10 0 0 10 0 0 0 0 0
38 65 1 1 0 0 0 13 0 0
56 60 0 0 45 0 0 0 0 0
64 45 1 1 15 0 0 0 0 0
70 45 0 0 15 1 0 0 0 0
86 15 0 0 15 1 0 0 0 0
87 30 0 0 0 0 0 0 0 0
89 15 0 0 15 0 0 0 0 0
94 541 1 1 218 16 16 30 0 0
108 436 0 0 218 4 4 0 0 0
110 15 1 1 15 1 1 0 0 0
113 123 0 0 18 0 0 15 0 0
120 609 0 0 203 3 3 0 0 0
124 203 0 0 0 0 0 0 0 0
142 6 0 0 0 0 0 6 0 0
155 50 2 2 0 0 0 40 0 0
156 5 0 0 0 0 0 5 0 0
164 5 1 1 0 0 0 0 0 0
170 15 0 0 5 0 0 0 0 0
172 25 0 0 10 1 0 5 0 0
174 10 0 0 5 1 0 5 0 0
175 10 1 1 5 0 0 5 0 0
177 10 0 0 0 0 0 0 0 0
180 9 0 0 6 0 0 3 0 0
184 9 0 0 3 3 3 0 0 0
200 6 0 0 6 0 0 0 0 0
208 9 0 0 3 0 0 0 0 0
213 12 0 0 6 1 1 0 0 0
217 145 1 1 115 0 0 0 0 0
219 15 0 0 15 1 1 0 0 0
221 42 0 0 15 3 3 15 0 0
224 60 1 1 15 0 0 0 0 0
227 45 0 0 15 0 0 0 0 0
232 12 0 0 0 0 0 0 0 0
236 12 1 1 6 0 0 0 0 0
250 11 2 2 5 0 0 0 0 0
253 8 0 0 6 0 0 0 0 0
256 176 0 0 44 0 0 0 0 0
259 132 0 0 44 0 0 0 0 0
263 42 0 0 0 0 0 0 0 0
267 8 1 1 0 0 0 0 0 0
272 4 0 0 0 0 0 4 1 0
273 8 0 0 0 0 0 0 0 0
274 8 0 0 0 0 0 0 0 0
284 4 0 0 0 0 0 4 0 0
287 20 1 1 12 1 0 4 0 0
289 12 0 0 4 0 0 0 0 0
292 12 0 0 9 0 0 0 0 0
296 9 0 0 3 0 0 0 0 0
299 45 2 2 15 0 0 0 0 0
301 60 0 0 0 0 0 0 0 0
303 75 0 0 15 0 0 15 0 0
304 30 0 0 0 0 0 15 5 5
305 45 0 0 15 0 0 15 1 1
306 45 0 0 15 0 0 15 2 2
309 45 0 0 15 0 0 0 0 0
314 12 0 0 0 0 0 0 0 0
317 9 0 0 3 0 0 0 0 0
327 12 1 1 4 0 0 0 0 0
330 8 0 0 6 0 0 0 0 0
334 42 0 0 42 0 0 0 0 0
336 88 0 0 44 0 0 0 0 0
340 42 0 0 42 0 0 0 0 0
341 210 0 0 42 0 0 42 12 12
342 126 0 0 42 0 0 42 0 0
343 42 0 0 0 0 0 42 5 5
346 132 0 0 44 0 0 0 0 0
350 42 0 0 0 0 0 0 0 0
356 45 1 1 40 0 0 0 0 0
fl=./elf/./elf/do-rel.h
fn=_dl_relocate_object
49 30 0 0 10 0 0 10 0 0
50 10 1 1 5 0 0 0 0 0
52 6 0 0 0 0 0 4 0 0
53 8 1 1 0 0 0 6 1 0
60 30 0 0 10 0 0 0 0 0
63 568 1 1 2 0 0 0 0 0
65 736 1 1 184 69 69 0 0 0
67 120 0 0 0 0 0 0 0 0
76 12 0 0 0 0 0 0 0 0
77 131 0 0 1 0 0 0 0 0
78 80 0 0 40 0 0 0 0 0
86 48 1 1 24 0 0 8 0 0
88 16 0 0 0 0 0 0 0 0
100 24 1 1 0 0 0 0 0 0
110 12 0 0 0 0 0 0 0 0
113 5362 0 0 0 0 0 0 0 0
114 3564 0 0 1782 225 223 0 0 0
120 32 0 0 8 5 0 8 1 0
124 24 0 0 12 3 0 6 0 0
126 1032 1 1 346 0 0 0 0 0
128 1700 0 0 1020 146 136 0 0 0
129 1360 0 0 340 0 0 340 0 0
130 1020 1 1 680 0 0 340 0 0
131 1360 0 0 340 1 0 0 0 0
133 1020 1 1 0 0 0 0 0 0
135 10 1 1 2 0 0 4 0 0
138 2 0 0 0 0 0 0 0 0
142 338 0 0 0 0 0 338 0 0
145 1063 2 2 338 0 0 0 0 0
146 81 1 1 27 0 0 0 0 0
158 20 1 1 8 0 0 0 0 0
159 16 1 1 2 0 0 0 0 0
160 6 1 1 2 0 0 0 0 0
163 6 0 0 4 0 0 0 0 0
165 8 0 0 2 0 0 2 0 0
166 2 0 0 2 0 0 0 0 0
167 6 0 0 4 0 0 2 0 0
175 25 0 0 8 0 0 1 0 0
177 42 1 1 12 1 1 6 0 0
178 12 0 0 12 0 0 0 0 0
180 18 0 0 0 0 0 0 0 0
188 6 0 0 0 0 0 6 0 0
191 18 0 0 6 0 0 0 0 0
205 4 0 0 1 0 0 0 0 0
fn=_dl_start
49 4 0 0 2 0 0 0 0 0
50 1 0 0 1 0 0 0 0 0
86 10 0 0 4 0 0 0 0 0
88 4 0 0 0 0 0 0 0 0
113 431 0 0 0 0 0 0 0 0
114 284 1 1 142 18 18 0 0 0
118 4 0 0 2 0 0 0 0 0
126 28 0 0 0 0 0 0 0 0
128 21 1 1 7 2 2 0 0 0
129 14 0 0 0 0 0 0 0 0
130 14 0 0 7 0 0 0 0 0
fl=./elf/./elf/get-dynamic-info.h
fn=_dl_map_object_from_fd
39 6 0 0 0 0 0 0 0 0
43 3 0 0 0 0 0 0 0 0
45 249 0 0 63 19 19 0 0 0
49 120 0 0 0 0 0 0 0 0
54 63 1 1 0 0 0 0 0 0
55 42 0 0 0 0 0 0 0 0
56 15 0 0 0 0 0 0 0 0
58 3 0 0 0 0 0 0 0 0
59 15 1 1 0 0 0 0 0 0
61 3 0 0 0 0 0 0 0 0
62 15 2 2 0 0 0 0 0 0
64 15 0 0 0 0 0 0 0 0
68 60 0 0 0 0 0 60 16 16
72 12 0 0 3 0 0 0 0 0
82 10 1 1 4 0 0 0 0 0
83 12 0 0 6 0 0 0 0 0
84 12 0 0 6 0 0 0 0 0
85 12 0 0 6 0 0 0 0 0
87 12 0 0 6 0 0 0 0 0
92 11 1 1 5 1 1 0 0 0
93 11 0 0 5 1 1 0 0 0
94 12 0 0 6 0 0 0 0 0
97 9 0 0 3 0 0 0 0 0
102 4 0 0 2 0 0 0 0 0
109 6 1 1 3 0 0 0 0 0
110 9 0 0 6 0 0 0 0 0
132 9 0 0 3 1 1 0 0 0
137 2 0 0 1 0 0 1 0 0
139 2 0 0 0 0 0 0 0 0
141 2 0 0 0 0 0 0 0 0
143 2 0 0 0 0 0 0 0 0
147 9 1 1 3 0 0 0 0 0
149 3 0 0 1 0 0 1 0 0
150 2 0 0 0 0 0 0 0 0
159 2 1 1 1 0 0 0 0 0
160 3 1 1 0 0 0 0 0 0
165 2 0 0 0 0 0 0 0 0
169 6 0 0 3 0 0 0 0 0
fl=./elf/./elf/libc_early_init.c
fn=__libc_early_init
33 7 1 1 1 0 0 2 0 0
35 1 0 0 0 0 0 1 0 0
38 2 1 1 1 1 0 1 1 1
41 1 0 0 0 0 0 1 1 1
47 4 0 0 2 0 0 0 0 0
49 2 0 0 1 0 0 0 0 0
fl=./elf/./elf/rtld.c
fn=_dl_start
85 8 1 1 0 0 0 2 1 1
488 3 0 0 0 0 0 1 0 0
489 1 0 0 0 0 0 1 0 0
490 6 0 0 0 0 0 1 0 0
492 2 1 1 0 0 0 1 1 1
501 1 0 0 0 0 0 1 0 0
507 4 1 0 1 0 0 1 0 0
509 2 0 0 1 0 0 0 0 0
527 10 2 2 0 0 0 7 2 2
553 1 0 0 0 0 0 1 1 1
556 2 1 1 0 0 0 1 1 1
557 1 0 0 1 1 1 0 0 0
573 56 3 3 12 0 0 8 1 1
575 1 1 1 1 0 0 0 0 0
588 1 0 0 0 0 0 1 0 0
592 2 0 0 0 0 0 1 0 0
607 9 0 0 7 2 0 0 0 0
fn=dl_main
85 16 3 3 0 0 0 1 0 0
92 12 1 1 0 0 0 0 0 0
93 2 0 0 1 0 0 1 1 0
101 7 0 0 3 0 0 0 0 0
205 2 0 0 0 0 0 1 0 0
207 1 1 1 0 0 0 1 0 0
232 2 1 1 2 1 1 0 0 0
233 4 1 1 3 0 0 0 0 0
234 4 0 0 0 0 0 0 0 0
304 3 0 0 0 0 0 3 0 0
310 1 0 0 0 0 0 1 0 0
311 2 0 0 0 0 0 1 0 0
862 1 0 0 1 0 0 0 0 0
864 1 1 1 0 0 0 1 0 0
870 1 0 0 1 0 0 0 0 0
873 1 0 0 0 0 0 1 0 0
875 1 0 0 0 0 0 1 0 0
880 1 0 0 0 0 0 1 0 0
1140 2 0 0 1 0 0 1 0 0
1143 1 0 0 0 0 0 1 0 0
1146 1 0 0 0 0 0 1 0 0
1148 2 0 0 1 1 1 1 1 1
1150 1 0 0 1 0 0 0 0 0
1151 1 0 0 1 0 0 0 0 0
1166 1 0 0 0 0 0 0 0 0
1169 46 4 4 2 0 0 0 0 0
1170 117 1 1 22 7 7 0 0 0
1174 3 1 1 2 0 0 1 0 0
1179 3 1 1 2 0 0 1 0 0
1180 9 0 0 2 0 0 1 0 0
1189 2 0 0 0 0 0 1 0 0
1190 2 0 0 2 1 1 0 0 0
1192 1 0 0 0 0 0 1 0 0
1199 3 1 1 1 0 0 0 0 0
1211 1 0 0 0 0 0 0 0 0
1217 1 0 0 0 0 0 1 0 0
1225 8 0 0 4 0 0 0 0 0
1226 18 2 2 5 1 1 0 0 0
1227 8 0 0 4 0 0 0 0 0
1228 1 0 0 0 0 0 1 0 0
1230 12 0 0 4 0 0 0 0 0
1231 14 1 1 0 0 0 0 0 0
1235 8 0 0 4 3 3 0 0 0
1236 8 0 0 4 0 0 0 0 0
1237 4 0 0 0 0 0 4 0 0
1238 10 0 0 5 0 0 0 0 0
1239 1 0 0 0 0 0 1 0 0
1243 12 1 1 0 0 0 0 0 0
1271 2 0 0 1 0 0 1 1 1
1275 4 0 0 2 1 1 1 0 0
1277 1 0 0 0 0 0 0 0 0
1281 26 0 0 13 0 0 0 0 0
1282 61 1 1 13 0 0 0 0 0
1288 17 0 0 0 0 0 1 0 0
1294 3 0 0 1 1 1 0 0 0
1297 4 0 0 2 0 0 0 0 0
1299 3 1 1 1 0 0 0 0 0
1301 2 0 0 1 0 0 0 0 0
1320 14 2 2 0 0 0 10 1 1
1325 1 0 0 0 0 0 0 0 0
1326 1 0 0 0 0 0 1 0 0
1332 1 0 0 0 0 0 1 1 1
1348 3 0 0 2 0 0 1 0 0
1349 4 1 1 2 0 0 0 0 0
1627 10 2 2 0 0 0 2 0 0
1629 2 0 0 0 0 0 0 0 0
1630 2 0 0 1 0 0 1 0 0
1631 2 0 0 1 0 0 1 0 0
1632 3 1 1 2 0 0 1 0 0
1636 3 0 0 0 0 0 1 0 0
1637 2 0 0 1 0 0 0 0 0
1662 3 0 0 1 0 0 0 0 0
1663 6 0 0 2 0 0 1 0 0
1664 3 1 1 2 0 0 0 0 0
1665 3 0 0 3 0 0 0 0 0
1668 1 0 0 0 0 0 1 0 0
1670 1 0 0 0 0 0 1 1 1
1671 1 1 1 0 0 0 1 1 1
1673 2 0 0 1 0 0 0 0 0
1674 2 0 0 0 0 0 1 0 0
1678 2 0 0 1 0 0 0 0 0
1680 2 0 0 1 0 0 0 0 0
1688 3 0 0 1 0 0 0 0 0
1695 2 1 1 0 0 0 1 0 0
1698 2 0 0 1 0 0 0 0 0
1723 9 0 0 1 0 0 2 0 0
1731 4 0 0 1 0 0 2 0 0
1733 1 0 0 0 0 0 1 0 0
1738 2 0 0 1 0 0 0 0 0
1741 4 1 1 2 0 0 1 0 0
1742 4 0 0 1 0 0 1 0 0
1743 2 0 0 0 0 0 1 0 0
1744 1 0 0 0 0 0 1 0 0
1745 1 1 1 1 0 0 0 0 0
1746 1 0 0 1 0 0 0 0 0
1751 2 0 0 1 0 0 0 0 0
1752 3 1 1 1 0 0 1 0 0
1764 2 0 0 1 1 1 0 0 0
1765 2 0 0 1 0 0 0 0 0
1767 2 0 0 1 0 0 0 0 0
1769 1 0 0 0 0 0 1 0 0
1770 3 1 1 1 0 0 1 0 0
1775 5 0 0 0 0 0 0 0 0
1776 5 0 0 1 1 1 0 0 0
1778 4 1 1 2 1 1 1 1 1
1784 2 0 0 1 1 1 0 0 0
1786 3 1 1 2 0 0 0 0 0
1793 2 1 1 1 0 0 0 0 0
1797 1 1 1 0 0 0 1 0 0
1798 2 0 0 1 0 0 0 0 0
1822 2 0 0 0 0 0 2 0 0
1828 2 0 0 1 0 0 1 0 0
1829 1 0 0 0 0 0 1 0 0
1830 1 1 1 0 0 0 0 0 0
1834 3 0 0 0 0 0 1 0 0
1839 3 0 0 2 0 0 0 0 0
1841 1 0 0 0 0 0 0 0 0
1843 2 0 0 1 0 0 0 0 0
1847 5 0 0 1 0 0 1 0 0
1852 2 0 0 1 0 0 0 0 0
1868 6 1 1 0 0 0 1 0 0
1944 4 0 0 2 0 0 0 0 0
1948 19 3 3 1 0 0 0 0 0
1949 1 0 0 0 0 0 0 0 0
1952 3 0 0 0 0 0 1 0 0
1953 1 0 0 1 0 0 0 0 0
1954 2 0 0 0 0 0 0 0 0
1955 2 0 0 0 0 0 0 0 0
1960 3 0 0 1 0 0 0 0 0
1970 8 0 0 1 0 0 1 0 0
1976 23 1 1 1 0 0 0 0 0
1977 13 0 0 11 0 0 0 0 0
1980 4 0 0 3 0 0 1 0 0
1981 3 1 1 1 0 0 0 0 0
1982 1 0 0 0 0 0 1 0 0
1984 15 0 0 0 0 0 0 0 0
1985 16 1 1 5 0 0 0 0 0
1995 2 1 1 0 0 0 1 0 0
1997 3 0 0 1 0 0 1 0 0
1998 2 0 0 0 0 0 0 0 0
2000 2 0 0 0 0 0 1 0 0
2002 3 0 0 0 0 0 0 0 0
2004 3 0 0 1 0 0 0 0 0
2005 1 0 0 1 0 0 0 0 0
2006 2 1 1 0 0 0 0 0 0
2018 2 0 0 0 0 0 0 0 0
2019 2 0 0 0 0 0 1 0 0
2020 3 0 0 1 0 0 0 0 0
2031 4 1 1 0 0 0 1 0 0
2032 4 0 0 0 0 0 1 0 0
2033 5 1 1 0 0 0 1 0 0
2043 2 0 0 1 1 0 1 0 0
2044 2 0 0 0 0 0 0 0 0
2045 4 1 1 0 0 0 1 0 0
2047 2 0 0 1 0 0 0 0 0
2052 3 0 0 1 0 0 0 0 0
2282 3 0 0 1 0 0 0 0 0
2331 1 0 0 1 0 0 0 0 0
2338 2 0 0 0 0 0 1 0 0
2342 2 1 1 1 0 0 1 0 0
2348 2 0 0 1 0 0 1 0 0
2351 2 0 0 0 0 0 0 0 0
2359 2 0 0 2 0 0 0 0 0
2361 2 0 0 0 0 0 0 0 0
2415 3 1 1 1 0 0 0 0 0
2418 1 1 1 1 0 0 0 0 0
2422 1 0 0 1 0 0 0 0 0
2423 29 2 2 1 1 0 1 0 0
2425 10 0 0 10 2 0 0 0 0
2430 10 0 0 10 3 0 0 0 0
2432 12 0 0 0 0 0 0 0 0
2434 1 1 1 0 0 0 1 0 0
2435 1 0 0 1 0 0 0 0 0
2438 5 0 0 5 0 0 0 0 0
2440 15 1 1 0 0 0 0 0 0
2441 32 0 0 8 4 0 4 0 0
2445 12 0 0 6 2 0 0 0 0
2446 3 0 0 0 0 0 1 0 0
2454 2 1 1 1 0 0 0 0 0
2459 4 0 0 2 2 0 0 0 0
2461 1 0 0 1 0 0 0 0 0
2468 3 0 0 0 0 0 1 0 0
2471 2 1 1 1 0 0 0 0 0
2481 3 1 1 2 1 0 0 0 0
2483 4 0 0 1 0 0 0 0 0
2493 1 0 0 0 0 0 1 0 0
2498 2 0 0 0 0 0 1 0 0
2501 1 0 0 0 0 0 1 0 0
2507 1 0 0 1 0 0 0 0 0
2508 5 0 0 1 0 0 1 0 0
2516 3 0 0 1 0 0 1 0 0
2523 1 0 0 0 0 0 1 0 0
2527 3 1 1 0 0 0 1 0 0
2532 3 0 0 0 0 0 1 0 0
2533 1 0 0 0 0 0 1 0 0
2534 1 0 0 0 0 0 1 0 0
2535 1 0 0 0 0 0 0 0 0
2539 1 0 0 0 0 0 1 0 0
2544 8 0 0 7 2 0 0 0 0
2677 3 0 0 1 0 0 2 1 1
2679 1 0 0 0 0 0 0 0 0
2683 6 1 1 1 0 0 1 1 1
2685 16 0 0 0 0 0 3 0 0
2687 2 0 0 0 0 0 0 0 0
2689 107 0 0 21 0 0 0 0 0
2690 19 1 1 0 0 0 0 0 0
2698 13 0 0 2 1 1 0 0 0
2719 2 1 1 1 0 0 0 0 0
2726 6 1 1 3 0 0 0 0 0
2728 2 0 0 0 0 0 1 0 0
2729 1 0 0 0 0 0 0 0 0
2774 3 1 1 1 0 0 0 0 0
2775 5 1 1 2 0 0 0 0 0
2777 2 1 1 0 0 0 1 0 0
2778 2 0 0 0 0 0 1 0 0
2779 1 0 0 0 0 0 0 0 0
2818 1 0 0 0 0 0 0 0 0
2829 1 0 0 0 0 0 0 0 0
2845 4 1 1 1 0 0 0 0 0
2877 2 0 0 0 0 0 0 0 0
fn=handle_preload_list
191 3 1 1 1 0 0 0 0 0
831 1 1 1 0 0 0 1 1 1
835 1 0 0 0 0 0 1 0 0
836 2 0 0 1 0 0 1 0 0
837 1 0 0 0 0 0 1 0 0
839 1 0 0 1 0 0 0 0 0
841 7 0 0 0 0 0 1 0 0
842 3 0 0 1 0 0 0 0 0
850 3 0 0 1 0 0 0 0 0
894 12 1 1 1 1 1 8 1 1
895 3 1 1 0 0 0 0 0 0
899 5 0 0 2 0 0 0 0 0
902 4 0 0 0 0 0 1 0 0
903 3 0 0 0 0 0 0 0 0
905 5 1 1 0 0 0 1 0 0
906 2 0 0 0 0 0 1 0 0
912 1 0 0 0 0 0 0 0 0
914 2 0 0 1 0 0 0 0 0
916 2 0 0 1 0 0 0 0 0
917 1 0 0 0 0 0 0 0 0
920 9 0 0 7 0 0 0 0 0
fn=init_tls
756 3 1 1 0 0 0 2 0 0
758 2 0 0 1 0 0 1 0 0
762 3 0 0 1 0 0 0 0 0
768 2 1 1 0 0 0 1 0 0
771 1 0 0 0 0 0 1 0 0
772 1 0 0 0 0 0 0 0 0
773 1 0 0 0 0 0 0 0 0
777 1 0 0 0 0 0 0 0 0
779 1 0 0 0 0 0 1 0 0
783 2 0 0 1 1 1 0 0 0
784 2 0 0 0 0 0 0 0 0
785 14 1 1 1 0 0 0 0 0
786 5 1 1 5 0 0 0 0 0
787 10 0 0 5 1 0 0 0 0
791 3 0 0 0 0 0 1 0 0
793 1 0 0 0 0 0 0 0 0
795 3 0 0 1 0 0 0 0 0
798 2 1 1 0 0 0 1 0 0
801 1 0 0 0 0 0 1 0 0
808 2 0 0 0 0 0 1 0 0
809 2 0 0 0 0 0 0 0 0
815 2 0 0 1 0 0 1 0 0
818 8 0 0 0 0 0 2 0 0
821 1 0 0 0 0 0 1 0 0
822 1 0 0 0 0 0 1 0 0
825 5 0 0 3 0 0 0 0 0
fn=map_doit
663 3 1 1 0 0 0 1 0 0
665 4 0 0 1 0 0 0 0 0
666 6 1 1 2 0 0 2 1 1
668 2 0 0 2 0 0 0 0 0
fn=version_check_doit
696 3 1 1 0 0 0 1 0 0
698 6 1 1 2 0 0 1 0 0
702 2 0 0 2 0 0 0 0 0
fl=./elf/./get-dynamic-info.h
fn=_dl_start
45 75 0 0 19 5 5 0 0 0
49 36 1 1 0 0 0 0 0 0
54 21 0 0 0 0 0 0 0 0
55 14 0 0 0 0 0 0 0 0
56 5 0 0 0 0 0 0 0 0
58 1 0 0 0 0 0 0 0 0
59 5 1 1 0 0 0 0 0 0
61 1 0 0 0 0 0 0 0 0
62 5 1 1 0 0 0 0 0 0
64 5 0 0 0 0 0 0 0 0
68 19 0 0 0 0 0 18 6 6
72 3 0 0 0 0 0 0 0 0
82 4 1 1 2 0 0 0 0 0
83 4 0 0 2 0 0 0 0 0
84 4 0 0 2 0 0 0 0 0
85 4 0 0 2 0 0 0 0 0
87 4 1 1 2 0 0 0 0 0
92 4 0 0 2 0 0 0 0 0
93 4 0 0 2 0 0 0 0 0
94 4 0 0 2 0 0 0 0 0
97 3 1 1 1 0 0 0 0 0
102 2 0 0 1 0 0 0 0 0
109 3 0 0 1 0 0 0 0 0
110 3 0 0 2 0 0 0 0 0
118 2 0 0 1 1 1 0 0 0
119 2 1 1 1 0 0 0 0 0
124 3 0 0 1 0 0 0 0 0
127 3 0 0 1 0 0 0 0 0
fn=dl_main
39 3 1 1 1 0 0 0 0 0
43 1 0 0 0 0 0 0 0 0
45 111 0 0 28 7 7 0 0 0
49 54 1 1 0 0 0 0 0 0
54 25 0 0 0 0 0 0 0 0
55 17 0 0 0 0 0 0 0 0
56 5 0 0 0 0 0 0 0 0
58 1 0 0 0 0 0 0 0 0
59 5 1 1 0 0 0 0 0 0
61 1 0 0 0 0 0 0 0 0
62 5 0 0 0 0 0 0 0 0
64 5 0 0 0 0 0 0 0 0
68 27 0 0 0 0 0 27 6 6
72 5 2 2 2 0 0 0 0 0
82 3 0 0 1 0 0 0 0 0
83 4 0 0 2 0 0 0 0 0
84 4 1 1 2 0 0 0 0 0
85 4 0 0 2 0 0 0 0 0
87 4 0 0 2 0 0 0 0 0
92 4 0 0 2 0 0 0 0 0
93 4 1 1 2 0 0 0 0 0
94 5 0 0 2 0 0 0 0 0
97 3 0 0 1 0 0 0 0 0
102 2 0 0 1 0 0 0 0 0
109 2 0 0 1 0 0 0 0 0
110 3 0 0 2 0 0 0 0 0
132 3 1 1 1 0 0 0 0 0
137 2 0 0 1 0 0 1 0 0
139 2 0 0 0 0 0 0 0 0
141 2 0 0 0 0 0 0 0 0
143 2 0 0 0 0 0 0 0 0
144 1 0 0 0 0 0 1 0 0
147 3 1 1 1 0 0 0 0 0
149 3 0 0 1 0 0 1 0 0
150 2 0 0 0 0 0 0 0 0
159 2 0 0 1 0 0 0 0 0
160 3 1 1 0 0 0 0 0 0
165 2 0 0 0 0 0 0 0 0
166 2 0 0 1 0 0 1 0 0
169 2 1 1 1 0 0 0 0 0
fl=./elf/./setup-vdso.h
fn=dl_main
24 2 0 0 1 1 1 0 0 0
fl=./io/../sysdeps/unix/sysv/linux/access.c
fn=access
25 1 1 1 0 0 0 0 0 0
27 7 0 0 0 0 0 1 0 0
31 1 0 0 1 0 0 0 0 0
fl=./io/../sysdeps/unix/sysv/linux/close.c
fn=close
26 1 1 1 0 0 0 0 0 0
27 7 0 0 1 0 0 0 0 0
28 1 0 0 1 0 0 0 0 0
fl=./io/../sysdeps/unix/sysv/linux/close_nocancel.c
fn=__GI___close_nocancel
25 4 1 1 0 0 0 0 0 0
26 16 0 0 0 0 0 0 0 0
27 4 0 0 4 0 0 0 0 0
fn=__close_nocancel
25 1 1 1 0 0 0 0 0 0
26 4 0 0 0 0 0 0 0 0
27 1 0 0 1 0 0 0 0 0
fl=./io/../sysdeps/unix/sysv/linux/fstat64.c
fn=fstat
29 10 2 2 0 0 0 0 0 0
30 10 0 0 0 0 0 0 0 0
35 15 0 0 0 0 0 0 0 0
fl=./io/../sysdeps/unix/sysv/linux/fstatat64.c
fn=fstatat
98 30 0 0 0 0 0 0 0 0
153 30 2 2 0 0 0 0 0 0
167 18 0 0 0 0 0 9 0 0
168 54 1 1 9 0 0 0 0 0
169 6 0 0 6 0 0 0 0 0
fl=./io/../sysdeps/unix/sysv/linux/open64.c
fn=open
30 10 2 2 1 0 0 4 0 0
33 7 0 0 0 0 0 0 0 0
41 10 1 1 1 0 0 0 0 0
43 7 0 0 5 0 0 0 0 0
fl=./io/../sysdeps/unix/sysv/linux/open64_nocancel.c
fn=__open_nocancel
28 140 2 2 1 0 0 35 3 2
31 238 2 2 0 0 0 0 0 0
39 325 1 0 0 0 0 29 0 0
41 38 0 0 36 0 0 0 0 0
fl=./io/../sysdeps/unix/sysv/linux/pread64_nocancel.c
fn=__pread64_nocancel
25 8 1 1 0 0 0 0 0 0
26 16 0 0 0 0 0 0 0 0
27 4 0 0 4 0 0 0 0 0
fl=./io/../sysdeps/unix/sysv/linux/read.c
fn=read
25 1 1 1 0 0 0 0 0 0
26 6 0 0 1 0 0 0 0 0
27 1 0 0 1 0 0 0 0 0
fl=./io/../sysdeps/unix/sysv/linux/read_nocancel.c
fn=__read_nocancel
25 4 2 2 0 0 0 0 0 0
26 16 0 0 0 0 0 0 0 0
27 4 0 0 4 0 0 0 0 0
fl=./io/../sysdeps/unix/sysv/linux/stat64.c
fn=stat
28 20 1 1 0 0 0 0 0 0
29 40 0 0 0 0 0 0 0 0
fl=./io/../sysdeps/unix/sysv/linux/write.c
fn=write
25 10 2 2 0 0 0 6 0 0
26 32 1 1 10 0 0 6 0 0
27 4 0 0 2 0 0 0 0 0
fl=./libio/../include/sys/sysmacros.h
fn=_IO_file_doallocate
47 6 0 0 0 0 0 0 0 0
fl=./libio/./libio/filedoalloc.c
fn=_IO_file_doallocate
78 9 1 1 1 0 0 4 1 0
84 9 1 1 3 2 0 1 1 0
86 4 1 1 1 0 0 0 0 0
89 2 0 0 0 0 0 0 0 0
91 2 1 1 1 1 0 0 0 0
94 2 0 0 1 0 0 0 0 0
97 4 0 0 1 0 0 0 0 0
101 3 0 0 0 0 0 1 0 0
102 2 0 0 0 0 0 0 0 0
104 4 0 0 0 0 0 1 0 0
105 1 1 1 0 0 0 0 0 0
106 8 0 0 6 0 0 0 0 0
fl=./libio/./libio/fileops.c
fn=_IO_do_write@@GLIBC_2.2.5
423 12 2 2 0 0 0 6 0 0
425 13 0 0 0 0 0 0 0 0
426 10 0 0 9 0 0 0 0 0
433 2 0 0 1 0 0 0 0 0
440 4 1 1 2 0 0 0 0 0
443 1 0 0 1 0 0 0 0 0
448 5 0 0 1 0 0 1 0 0
449 5 0 0 1 0 0 0 0 0
451 3 0 0 1 0 0 2 0 0
452 2 0 0 0 0 0 1 0 0
453 1 0 0 0 0 0 1 0 0
454 2 1 1 1 0 0 0 0 0
455 4 1 1 1 0 0 0 0 0
fn=_IO_file_overflow@@GLIBC_2.2.5
731 85 1 1 0 0 0 51 0 0
732 68 0 0 17 0 0 0 0 0
739 81 0 0 17 0 0 0 0 0
742 4 1 1 0 0 0 0 0 0
744 4 1 1 0 0 0 2 1 0
745 12 0 0 2 0 0 4 0 0
754 6 1 1 2 0 0 0 0 0
763 6 0 0 2 0 0 0 0 0
765 2 0 0 0 0 0 2 0 0
766 2 0 0 0 0 0 2 0 0
767 4 0 0 0 0 0 2 0 0
768 6 0 0 2 0 0 4 0 0
770 6 0 0 0 0 0 2 0 0
771 10 1 1 2 0 0 0 0 0
772 2 0 0 0 0 0 2 0 0
774 34 0 0 0 0 0 0 0 0
775 6 0 0 0 0 0 0 0 0
776 18 0 0 15 0 0 0 0 0
777 28 0 0 14 0 0 0 0 0
780 42 0 0 0 0 0 28 0 0
781 42 0 0 14 0 0 0 0 0
782 56 0 0 0 0 0 0 0 0
786 14 0 0 0 0 0 0 0 0
787 65 0 0 65 0 0 0 0 0
fn=_IO_file_setbuf@@GLIBC_2.2.5
381 3 1 1 0 0 0 1 0 0
382 3 0 0 0 0 0 1 0 0
385 1 0 0 1 0 0 0 0 0
387 3 1 1 0 0 0 3 0 0
389 2 0 0 0 0 0 0 0 0
390 2 0 0 2 0 0 0 0 0
fn=_IO_file_stat
1146 1 1 1 0 0 0 0 0 0
1147 2 0 0 1 0 0 0 0 0
fn=_IO_file_sync@@GLIBC_2.2.5
792 5 1 1 0 0 0 2 0 0
797 4 1 1 2 0 0 0 0 0
799 1 0 0 1 0 0 0 0 0
800 2 0 0 1 0 0 0 0 0
811 2 1 1 0 0 0 1 0 0
815 4 0 0 3 0 0 0 0 0
fn=_IO_file_write@@GLIBC_2.2.5
1173 14 1 1 0 0 0 8 0 0
1175 16 0 0 0 0 0 0 0 0
1179 6 1 1 2 0 0 0 0 0
1180 6 0 0 2 0 0 2 0 0
1181 4 0 0 0 0 0 0 0 0
1186 2 0 0 0 0 0 0 0 0
1187 2 0 0 0 0 0 0 0 0
1189 6 1 1 0 0 0 0 0 0
1190 6 0 0 2 0 0 0 0 0
1193 12 0 0 10 0 0 0 0 0
fn=_IO_file_xsputn@@GLIBC_2.2.5
433 2 0 0 1 0 0 0 0 0
440 4 0 0 2 0 0 0 0 0
443 3 2 2 1 0 0 0 0 0
448 6 1 1 1 1 0 2 0 0
449 6 0 0 2 0 0 0 0 0
451 3 0 0 1 0 0 2 0 0
452 2 1 1 0 0 0 1 0 0
453 1 0 0 0 0 0 1 0 0
454 2 1 1 1 0 0 0 0 0
455 4 0 0 1 0 0 0 0 0
1197 80 1 1 0 0 0 60 1 0
1203 38 0 0 0 0 0 0 0 0
1204 10 0 0 0 0 0 0 0 0
1210 36 0 0 9 0 0 0 0 0
1212 32 0 0 16 1 1 0 0 0
1213 14 0 0 0 0 0 0 0 0
1216 63 0 0 0 0 0 0 0 0
1218 48 0 0 16 0 0 0 0 0
1220 1 1 1 0 0 0 0 0 0
1227 6 0 0 2 0 0 0 0 0
1231 5 1 1 0 0 0 0 0 0
1233 7 0 0 0 0 0 0 0 0
1235 28 0 0 0 0 0 14 0 0
1236 7 0 0 0 0 0 0 0 0
1237 21 0 0 0 0 0 0 0 0
1239 14 0 0 0 0 0 0 0 0
1243 18 0 0 6 0 0 3 0 0
1249 6 0 0 6 0 0 0 0 0
1250 17 0 0 0 0 0 0 0 0
1252 6 0 0 0 0 0 0 0 0
1255 2 0 0 0 0 0 0 0 0
1256 2 0 0 0 0 0 0 0 0
1263 9 1 1 0 0 0 0 0 0
1264 4 0 0 0 0 0 1 0 0
1266 3 0 0 0 0 0 0 0 0
1267 90 1 1 70 0 0 0 0 0
fl=./libio/./libio/genops.c
fn=_IO_cleanup
786 6 1 1 0 0 0 3 0 0
787 11 1 1 4 0 0 2 0 0
790 12 0 0 4 0 0 0 0 0
799 9 1 1 3 1 0 0 0 0
801 6 0 0 2 0 0 0 0 0
807 13 1 1 5 1 0 2 0 0
815 5 1 1 2 1 0 0 0 0
817 2 0 0 0 0 0 1 0 0
819 4 2 2 2 0 0 1 0 0
820 1 0 0 0 0 0 1 0 0
824 5 0 0 2 1 0 1 0 0
826 3 0 0 1 0 0 0 0 0
830 5 1 1 1 0 0 0 0 0
831 8 0 0 3 0 0 2 0 0
838 3 0 0 0 0 0 3 0 0
842 9 1 1 3 0 0 2 0 0
843 2 0 0 0 0 0 1 0 0
863 11 1 1 1 0 0 7 0 0
866 3 0 0 0 0 0 1 0 0
878 12 0 0 9 0 0 0 0 0
fn=_IO_default_setbuf
330 5 1 1 1 0 0 0 0 0
332 4 0 0 0 0 0 1 0 0
337 2 0 0 0 0 0 1 0 0
452 9 2 2 0 0 0 4 0 0
453 5 0 0 2 0 0 1 0 0
455 4 0 0 0 0 0 0 0 0
457 3 1 1 1 0 0 1 0 0
458 2 0 0 0 0 0 0 0 0
462 1 0 0 0 0 0 0 0 0
466 4 0 0 0 0 0 3 0 0
467 1 0 0 0 0 0 0 0 0
468 6 0 0 5 0 0 0 0 0
fn=_IO_default_xsputn
371 130 1 1 0 0 0 60 1 1
374 20 0 0 0 0 0 0 0 0
375 10 0 0 0 0 0 0 0 0
379 45 1 1 22 0 0 0 0 0
381 27 0 0 0 0 0 0 0 0
384 18 0 0 0 0 0 0 0 0
389 18 1 1 0 0 0 0 0 0
393 200 3 3 0 0 0 0 0 0
394 114 2 2 36 0 0 45 1 1
397 9 0 0 0 0 0 0 0 0
399 29 0 0 3 0 0 1 0 0
401 1 0 0 0 0 0 0 0 0
404 80 1 1 70 0 0 0 0 0
fn=_IO_doallocbuf
330 1 0 0 0 0 0 0 0 0
332 4 0 0 0 0 0 1 0 0
337 2 0 0 0 0 0 1 0 0
343 8 1 1 0 0 0 6 1 1
344 4 0 0 2 0 0 0 0 0
346 11 0 0 3 0 0 0 0 0
347 5 0 0 2 0 0 1 0 0
349 2 1 1 0 0 0 0 0 0
350 8 0 0 8 0 0 0 0 0
fn=_IO_enable_locks
518 1 1 1 0 0 0 0 0 0
521 3 0 0 1 1 1 0 0 0
523 1 0 0 0 0 0 1 0 0
524 9 1 1 0 0 0 0 0 0
525 3 0 0 3 3 0 0 0 0
526 1 0 0 1 0 0 0 0 0
1067 1 0 0 1 1 0 0 0 0
1081 3 0 0 3 0 0 0 0 0
fn=_IO_flush_all_lockp
686 12 2 2 1 0 0 7 0 0
687 1 0 0 0 0 0 0 0 0
691 6 0 0 0 0 0 3 0 0
692 11 1 1 4 1 0 2 0 0
695 12 0 0 4 4 0 0 0 0
697 3 1 1 0 0 0 3 0 0
698 6 0 0 0 0 0 0 0 0
701 21 2 2 9 6 1 0 0 0
709 6 1 1 0 0 0 0 0 0
711 3 0 0 0 0 0 3 0 0
715 9 0 0 3 0 0 2 0 0
716 2 1 1 0 0 0 1 0 0
720 12 0 0 9 0 0 0 0 0
fn=_IO_setb
329 9 1 1 0 0 0 2 0 0
330 4 1 1 2 0 0 0 0 0
332 1 0 0 0 0 0 1 0 0
335 6 0 0 0 0 0 1 0 0
338 4 0 0 3 0 0 0 0 0
fn=__overflow
199 39 1 1 0 0 0 13 0 0
201 39 0 0 13 0 0 0 0 0
203 39 1 1 26 0 0 0 0 0
204 26 0 0 13 0 0 0 0 0
fl=./libio/./libio/libioP.h
fn=_IO_cleanup
940 4 0 0 0 0 0 0 0 0
942 2 0 0 0 0 0 0 0 0
943 2 0 0 0 0 0 0 0 0
fn=_IO_default_setbuf
940 3 0 0 0 0 0 0 0 0
942 2 0 0 0 0 0 0 0 0
943 2 0 0 0 0 0 0 0 0
fn=_IO_default_xsputn
940 30 0 0 0 0 0 0 0 0
942 2 0 0 0 0 0 0 0 0
943 2 0 0 0 0 0 0 0 0
fn=_IO_do_write@@GLIBC_2.2.5
940 4 0 0 0 0 0 0 0 0
942 2 1 1 0 0 0 0 0 0
943 2 0 0 0 0 0 0 0 0
fn=_IO_doallocbuf
940 3 1 1 0 0 0 0 0 0
942 2 0 0 0 0 0 0 0 0
943 2 0 0 0 0 0 0 0 0
fn=_IO_file_doallocate
940 3 0 0 0 0 0 0 0 0
942 2 0 0 0 0 0 0 0 0
943 2 0 0 0 0 0 0 0 0
fn=_IO_file_xsputn@@GLIBC_2.2.5
940 9 0 0 0 0 0 0 0 0
942 8 2 2 0 0 0 0 0 0
943 8 0 0 0 0 0 0 0 0
fn=_IO_flush_all_lockp
940 4 1 1 0 0 0 0 0 0
fn=__overflow
940 39 0 0 0 0 0 0 0 0
942 26 0 0 0 0 0 0 0 0
943 26 0 0 0 0 0 0 0 0
fl=./libio/./libio/vtables.c
fn=check_stdfiles_vtables
83 1 1 1 0 0 0 0 0 0
84 4 0 0 2 1 0 0 0 0
85 3 1 1 2 1 0 0 0 0
86 3 0 0 2 2 0 0 0 0
88 1 0 0 1 0 0 0 0 0
fl=./malloc/../sysdeps/unix/sysv/linux/malloc-sysdep.h
fn=_int_free
38 3 0 0 1 0 0 0 0 0
41 3 0 0 2 2 0 1 0 0
43 3 1 1 0 0 0 1 0 0
45 6 0 0 0 0 0 2 0 0
47 3 0 0 1 0 0 0 0 0
50 5 1 1 0 0 0 3 0 0
51 10 1 1 4 0 0 2 0 0
fl=./malloc/../sysdeps/unix/sysv/linux/not-cancel.h
fn=_int_free
59 3 0 0 1 0 0 1 0 0
fl=./malloc/../sysdeps/unix/sysv/linux/tls-internal.h
fn=__libc_thread_freeres
34 12 0 0 8 4 0 4 0 0
35 12 0 0 8 4 0 4 0 0
fl=./malloc/./malloc/arena.c
fn=__malloc_arena_thread_freeres
61 49 4 1 49 0 0 0 0 0
156 245 0 0 0 0 0 0 0 0
162 249 4 1 49 0 0 0 0 0
999 32 8 2 0 0 0 24 0 0
1005 8 0 0 8 0 0 0 0 0
1006 4 0 0 0 0 0 4 0 0
1008 8 0 0 0 0 0 0 0 0
1010 16 4 1 4 0 0 0 0 0
1013 12 0 0 4 0 0 0 0 0
1014 12 0 0 0 0 0 4 0 0
1016 8 0 0 4 0 0 4 0 0
1017 4 0 0 0 0 0 4 0 0
1019 16 0 0 8 0 0 0 0 0
1021 32 0 0 28 0 0 0 0 0
fn=_int_free
61 8945 0 0 1789 0 0 0 0 0
156 3578 1 1 0 0 0 0 0 0
616 2 0 0 1 0 0 0 0 0
617 2 1 1 0 0 0 0 0 0
622 2 0 0 1 0 0 0 0 0
631 6 0 0 1 0 0 2 0 0
634 1 0 0 0 0 0 1 0 0
635 1 0 0 0 0 0 0 0 0
645 1789 0 0 0 0 0 0 0 0
651 5367 1 1 0 0 0 0 0 0
691 7156 1 1 1789 1 0 0 0 0
692 3578 1 1 1789 0 0 0 0 0
697 6 0 0 1 0 0 0 0 0
701 3 0 0 1 0 0 0 0 0
702 2 0 0 0 0 0 0 0 0
709 1 1 1 1 0 0 0 0 0
712 4 0 0 0 0 0 1 0 0
714 1 0 0 0 0 0 0 0 0
fn=alloc_new_heap
51 4 1 1 1 0 0 0 0 0
61 2 0 0 0 0 0 0 0 0
484 8 1 1 0 0 0 6 1 1
491 3 0 0 0 0 0 0 0 0
493 3 0 0 0 0 0 0 0 0
499 7 1 1 0 0 0 1 0 0
506 3 0 0 1 0 0 0 0 0
508 2 0 0 0 0 0 0 0 0
518 8 2 2 0 0 0 1 0 0
519 2 0 0 0 0 0 0 0 0
521 2 0 0 0 0 0 0 0 0
522 3 0 0 0 0 0 0 0 0
524 3 0 0 0 0 0 0 0 0
525 5 1 1 1 0 0 2 0 0
527 1 0 0 0 0 0 0 0 0
528 4 1 1 0 0 0 1 0 0
545 6 0 0 0 0 0 1 0 0
554 2 0 0 1 0 0 1 0 0
556 1 0 0 0 0 0 1 1 1
557 1 0 0 0 0 0 0 0 0
559 9 1 1 7 0 0 0 0 0
fn=arena_get2.part.0
565 3 1 1 1 0 0 0 0 0
576 8 0 0 2 0 0 1 0 0
725 2 0 0 0 0 0 0 0 0
744 2 1 1 1 0 0 0 0 0
746 2 0 0 0 0 0 0 0 0
755 3 1 1 0 0 0 1 0 0
757 1 0 0 0 0 0 1 0 0
759 3 0 0 1 0 0 2 1 1
762 1 0 0 0 0 0 0 0 0
763 1 1 1 0 0 0 0 0 0
764 2 0 0 0 0 0 0 0 0
765 2 0 0 0 0 0 0 0 0
766 1 1 1 0 0 0 1 0 0
767 4 0 0 0 0 0 1 0 0
769 1 0 0 0 0 0 0 0 0
770 2 0 0 2 0 0 0 0 0
771 1 0 0 0 0 0 1 0 0
772 1 0 0 0 0 0 1 0 0
774 4 0 0 1 0 0 0 0 0
777 2 1 1 1 0 0 1 0 0
782 1 0 0 0 0 0 1 0 0
784 4 0 0 2 0 0 0 0 0
786 4 0 0 1 0 0 0 0 0
788 4 1 1 2 0 0 0 0 0
800 4 0 0 1 0 0 0 0 0
924 7 0 0 0 0 0 5 1 1
934 3 2 2 1 0 0 0 0 0
936 3 0 0 1 1 0 0 0 0
938 3 1 1 2 1 0 0 0 0
959 3 0 0 0 0 0 0 0 0
961 7 1 1 2 0 0 0 0 0
971 7 1 1 6 0 0 0 0 0
fn=calloc
162 12 0 0 0 0 0 0 0 0
fn=free
61 404842 0 0 404842 4 0 0 0 0
156 2024210 100000 0 0 0 0 0 0 0
162 2024627 0 0 404842 4 0 0 0 0
fn=get_free_list
725 6 0 0 0 0 0 0 0 0
809 12 4 1 0 0 0 12 0 0
810 8 0 0 8 0 0 0 0 0
811 1 1 1 0 0 0 0 0 0
812 8 0 0 4 0 0 0 0 0
814 12 3 1 3 0 0 0 0 0
815 3 0 0 3 0 0 0 0 0
816 6 0 0 0 0 0 0 0 0
818 6 0 0 3 0 0 3 0 0
821 6 0 0 3 0 0 0 0 0
822 3 0 0 0 0 0 3 0 0
826 12 3 1 6 0 0 0 0 0
828 6 0 0 0 0 0 0 0 0
830 3 0 0 0 0 0 0 0 0
831 12 0 0 3 0 0 0 0 0
832 3 0 0 0 0 0 3 0 0
837 20 3 0 16 0 0 0 0 0
fn=malloc
61 2308 0 0 2308 0 0 0 0 0
156 11540 0 0 0 0 0 0 0 0
162 11744 5 1 2308 0 0 0 0 0
315 1 1 1 0 0 0 1 0 0
fn=ptmalloc_init.part.0
313 6 1 1 1 0 0 3 0 0
318 1 0 0 0 0 0 1 0 0
343 2 2 2 1 0 0 0 0 0
347 3 0 0 1 1 0 1 0 0
352 4 0 0 0 0 0 1 0 0
353 4 1 1 0 0 0 1 0 0
354 4 0 0 0 0 0 1 0 0
355 4 0 0 0 0 0 1 0 0
356 4 1 1 0 0 0 1 0 0
357 4 0 0 0 0 0 1 0 0
358 4 0 0 0 0 0 1 0 0
360 4 1 1 0 0 0 1 0 0
361 4 0 0 0 0 0 1 0 0
362 4 0 0 0 0 0 1 0 0
365 4 0 0 0 0 0 1 0 0
366 4 1 1 0 0 0 1 0 0
367 2 0 0 1 1 1 0 0 0
430 7 0 0 5 0 0 0 0 0
fn=realloc
162 12 1 1 0 0 0 0 0 0
fn=sysmalloc
61 1728 555 1 576 0 0 0 0 0
156 1152 555 1 0 0 0 0 0 0
565 1 1 1 0 0 0 1 0 0
585 576 0 0 576 0 0 0 0 0
589 1728 0 0 0 0 0 0 0 0
590 576 0 0 0 0 0 0 0 0
591 1152 555 1 0 0 0 0 0 0
594 1728 555 0 576 0 0 0 0 0
596 7488 560 1 1728 0 0 2304 0 0
601 1152 0 0 0 0 0 576 0 0
604 576 0 0 0 0 0 576 0 0
605 576 0 0 0 0 0 0 0 0
fn=tcache_init.part.0
930 8 4 0 0 0 0 4 0 0
931 11 1 1 0 0 0 1 0 0
fl=./malloc/./malloc/malloc.c
fn=__malloc_arena_thread_freeres
3206 8 0 0 8 0 0 0 0 0
3208 8 0 0 4 0 0 4 0 0
3210 8 0 0 0 0 0 0 0 0
3214 12 0 0 0 0 0 4 0 0
3218 772 4 1 256 0 0 4 0 0
3220 936 0 0 305 18 0 0 0 0
3223 98 0 0 0 0 0 0 0 0
3224 49 4 1 0 0 0 49 0 0
3226 196 0 0 49 16 0 49 0 0
3231 12 0 0 0 0 0 4 0 0
3241 147 0 0 98 0 0 0 0 0
3364 98 0 0 98 0 0 0 0 0
3366 49 0 0 0 0 0 0 0 0
3368 147 4 1 49 3 0 0 0 0
3385 98 4 1 49 0 0 0 0 0
3391 147 0 0 0 0 0 49 0 0
3394 49 0 0 0 0 0 49 0 0
fn=_int_free
2012 7074 2 1 2358 5 0 0 0 0
3181 805348 100007 1 402674 0 0 402674 0 0
3183 1610696 0 0 402674 40 0 402674 0 0
3184 402674 0 0 0 0 0 402674 0 0
3185 805348 0 0 0 0 0 402674 0 0
4421 4455352 200013 2 405032 0 0 2835224 6 0
4431 1215096 0 0 405032 0 0 0 0 0
4437 2025160 0 0 0 0 0 0 0 0
4438 810064 0 0 0 0 0 0 0 0
4442 1620128 0 0 0 0 0 0 0 0
4449 809958 0 0 0 0 0 0 0 0
4450 2835118 100008 1 1215043 5 0 0 0 0
4453 402710 0 0 0 0 0 0 0 0
4459 1208130 0 0 805420 2 1 0 0 0
4479 2013550 99883 1 805420 35 0 0 0 0
4482 402674 0 0 0 0 0 0 0 0
4493 4716 126 0 2358 15 0 0 0 0
4504 128 0 0 32 9 0 0 0 0
4506 96 0 0 32 1 0 0 0 0
4527 32 0 0 0 0 0 32 1 0
4528 32 0 0 0 0 0 0 0 0
4529 56 1 1 0 0 0 0 0 0
4532 96 0 0 32 1 0 0 0 0
4534 96 0 0 32 0 0 0 0 0
4538 8 0 0 0 0 0 0 0 0
4540 16 0 0 0 0 0 4 0 0
4541 4 0 0 0 0 0 4 0 0
4548 56 0 0 0 0 0 0 0 0
4551 168 0 0 0 0 0 28 0 0
4553 112 0 0 56 0 0 0 0 0
4554 56 0 0 0 0 0 0 0 0
4560 128 0 0 0 0 0 0 0 0
4569 4652 125 0 2326 0 0 0 0 0
4572 2326 0 0 2326 0 0 0 0 0
4575 9314 0 0 0 0 0 10 0 0
4576 11580 119 0 2316 3 0 2316 2 0
4578 2326 134 1 0 0 0 0 0 0
4582 6978 0 0 2326 9 0 0 0 0
4585 4682 0 0 2326 1 0 0 0 0
4587 45 8 1 15 4 0 0 0 0
4590 6978 0 0 2326 54 0 0 0 0
4593 4652 0 0 0 0 0 0 0 0
4594 4652 0 0 0 0 0 0 0 0
4595 4652 131 1 2326 7 0 0 0 0
4601 4652 0 0 2326 0 0 0 0 0
4602 2145 0 0 2145 0 0 0 0 0
4603 2145 0 0 0 0 0 0 0 0
4604 2145 0 0 0 0 0 0 0 0
4605 8580 0 0 2145 23 0 0 0 0
4607 4290 0 0 0 0 0 2145 0 0
4610 4652 137 1 2326 0 0 0 0 0
4615 4454 0 0 2227 2127 0 0 0 0
4616 122 3 1 0 0 0 61 0 0
4617 122 0 0 0 0 0 0 0 0
4619 2166 0 0 2166 0 0 0 0 0
4627 2227 0 0 0 0 0 0 0 0
4628 8908 0 0 2227 0 0 0 0 0
4629 4454 0 0 2227 3 0 0 0 0
4631 2227 0 0 0 0 0 2227 0 0
4633 4454 38 1 0 0 0 0 0 0
4635 6624 39 1 0 0 0 2208 11 0
4638 2227 0 0 0 0 0 2227 0 0
4639 2227 0 0 0 0 0 2227 0 0
4641 6681 0 0 0 0 0 2227 0 0
4642 2227 0 0 0 0 0 2227 0 0
4653 99 2 1 0 0 0 0 0 0
4654 297 0 0 0 0 0 99 0 0
4655 198 0 0 0 0 0 99 0 0
4672 4652 95 0 0 0 0 0 0 0
4673 5367 1 1 1789 0 0 0 0 0
4676 5367 1 1 0 0 0 0 0 0
4678 1789 0 0 1789 0 0 0 0 0
4687 5367 0 0 1789 0 0 0 0 0
4688 3578 0 0 1789 2 0 1789 0 0
4692 6978 0 0 2326 0 0 0 0 0
4693 9264 130 1 4632 0 0 0 0 0
4702 4455352 199890 2 3645288 0 0 0 0 0
fn=_int_malloc
1343 4840 2114 1 0 0 0 0 0 0
1362 12100 121 1 0 0 0 0 0 0
2005 7266 71 1 2423 0 0 0 0 0
3177 2 0 0 1 0 0 1 0 0
3181 849 0 0 284 0 0 284 0 0
3183 569 2 1 1 0 0 283 0 0
3185 2 0 0 0 0 0 1 0 0
3186 2 0 0 0 0 0 0 0 0
3771 21780 2113 1 0 0 0 14520 84 10
3811 4840 561 1 0 0 0 0 0 0
3838 4840 0 0 2420 93 0 0 0 0
3843 54 0 0 54 1 1 0 0 0
3845 270 5 1 0 0 0 0 0 0
3853 162 5 1 0 0 0 0 0 0
3901 4732 0 0 0 0 0 0 0 0
3903 111 0 0 0 0 0 111 12 12
3904 403 17 2 0 0 0 0 0 0
3906 339 0 0 113 19 0 0 0 0
3908 2 0 0 2 1 0 0 0 0
3909 4 0 0 2 1 0 0 0 0
3911 2 0 0 2 0 0 0 0 0
3912 2 0 0 0 0 0 2 0 0
3913 2 0 0 0 0 0 2 0 0
3915 6 2 1 0 0 0 0 0 0
3921 4 0 0 0 0 0 0 0 0
3922 12 0 0 6 0 0 0 0 0
3927 13 0 0 4 0 0 0 0 0
3928 6 0 0 0 0 0 0 0 0
3932 1 0 0 1 0 0 0 0 0
3933 1 0 0 1 0 0 0 0 0
3934 2 0 0 0 0 0 0 0 0
3936 1 0 0 0 0 0 1 0 0
3937 1 0 0 0 0 0 1 0 0
3944 2 0 0 0 0 0 0 0 0
3963 74247 18 3 0 0 0 23210 243 20
3964 6921 6 1 2307 0 0 0 0 0
3965 3 0 0 0 0 0 1 0 0
3982 12075 0 0 2413 0 0 4831 386 6
3983 7254 2104 0 0 0 0 0 0 0
3984 7254 0 0 4836 0 0 0 0 0
3988 2418 0 0 0 0 0 2418 0 0
3993 281 0 0 0 0 0 0 0 0
3994 10491 0 0 2691 1 0 0 0 0
3996 311 0 0 311 2 0 0 0 0
3997 1244 0 0 311 1 0 0 0 0
3998 311 0 0 0 0 0 0 0 0
4000 622 37 1 0 0 0 0 0 0
4001 933 0 0 311 0 0 0 0 0
4003 311 0 0 311 0 0 0 0 0
4004 1244 0 0 0 0 0 0 0 0
4006 1244 0 0 311 0 0 0 0 0
4008 622 14 1 311 0 0 0 0 0
4009 622 0 0 311 0 0 0 0 0
4011 622 0 0 0 0 0 0 0 0
4022 1244 0 0 0 0 0 0 0 0
4023 118 13 1 59 0 0 0 0 0
4024 94 0 0 47 0 0 0 0 0
4025 562 0 0 0 0 0 281 0 0
4028 70 0 0 35 0 0 0 0 0
4029 35 0 0 0 0 0 0 0 0
4030 35 0 0 0 0 0 35 0 0
4031 105 0 0 0 0 0 35 0 0
4032 35 0 0 0 0 0 35 21 21
4033 70 0 0 0 0 0 0 0 0
4035 40 5 1 0 0 0 20 7 7
4039 280 1 0 0 0 0 35 0 0
4041 105 0 0 0 0 0 35 2 2
4042 35 0 0 0 0 0 35 0 0
4045 38 0 0 0 0 0 0 0 0
4053 276 0 0 0 0 0 276 0 0
4054 276 0 0 0 0 0 276 0 0
4058 552 0 0 0 0 0 0 0 0
4060 6 1 1 0 0 0 3 0 0
4061 9681 3 1 0 0 0 4836 0 0
4066 6 0 0 3 0 0 0 0 0
4067 843 33 1 562 0 0 281 0 0
4087 546 204 1 0 0 0 0 0 0
4089 142 0 0 0 0 0 0 0 0
4090 284 0 0 0 0 0 0 0 0
4091 71 0 0 71 41 0 0 0 0
4095 1625 207 2 0 0 0 0 0 0
4096 808 173 1 0 0 0 0 0 0
4097 202 0 0 202 102 0 0 0 0
4100 404 0 0 0 0 0 0 0 0
4103 6 3 1 0 0 0 3 0 0
4105 12 0 0 6 0 0 0 0 0
4106 6 0 0 3 0 0 0 0 0
4118 15 3 1 6 0 0 0 0 0
4119 6 0 0 0 0 0 0 0 0
4125 3 0 0 0 0 0 0 0 0
4128 6 3 0 3 0 0 0 0 0
4138 3 0 0 3 0 0 0 0 0
4139 6 0 0 3 0 0 0 0 0
4144 597 173 1 0 0 0 199 2 0
4147 1638 11 1 273 1 0 0 0 0
4149 1092 0 0 0 0 0 273 0 0
4150 273 0 0 0 0 0 273 16 0
4151 273 0 0 0 0 0 273 0 0
4156 546 0 0 546 0 0 0 0 0
4157 546 0 0 0 0 0 0 0 0
4158 843 0 0 281 0 0 281 0 0
4166 819 11 0 0 0 0 0 0 0
4183 4760 538 1 0 0 0 0 0 0
4185 9216 2111 0 2304 0 0 0 0 0
4188 6912 0 0 2304 613 0 0 0 0
4189 16 0 0 8 0 0 0 0 0
4192 12 6 1 12 0 0 0 0 0
4193 36 0 0 6 0 0 0 0 0
4199 12 0 0 6 0 0 0 0 0
4200 6 0 0 3 0 0 0 0 0
4201 3 0 0 3 0 0 0 0 0
4204 12 0 0 0 0 0 0 0 0
4205 18 6 1 0 0 0 12 1 1
4208 18 0 0 6 0 0 0 0 0
4210 5 0 0 5 0 0 0 0 0
4211 15 5 1 0 0 0 0 0 0
4212 10 0 0 5 0 0 0 0 0
4217 1 0 0 0 0 0 0 0 0
4221 4 0 0 1 0 0 0 0 0
4222 2 0 0 1 0 0 0 0 0
4225 1 0 0 0 0 0 1 0 0
4226 1 0 0 0 0 0 1 0 0
4227 1 0 0 0 0 0 1 0 0
4228 2 1 1 0 0 0 0 0 0
4233 8 0 0 0 0 0 1 0 0
4235 3 0 0 0 0 0 1 1 1
4236 1 0 0 0 0 0 1 0 0
4239 6 0 0 0 0 0 0 0 0
4256 4748 10 1 2374 0 0 0 0 0
4257 4748 0 0 0 0 0 0 0 0
4258 4748 0 0 0 0 0 0 0 0
4259 4748 0 0 2374 1 0 0 0 0
4260 7122 0 0 0 0 0 0 0 0
4265 5868 2117 1 0 0 0 0 0 0
4269 13082 2069 1 0 0 0 0 0 0
4272 9120 150 2 2247 0 0 0 0 0
4274 664 0 0 0 0 0 0 0 0
4275 332 0 0 0 0 0 0 0 0
4279 5788 0 0 0 0 0 0 0 0
4281 2477 0 0 0 0 0 0 0 0
4283 4954 0 0 0 0 0 0 0 0
4287 417 0 0 417 19 0 0 0 0
4290 834 0 0 0 0 0 0 0 0
4292 1025 36 1 0 0 0 205 0 0
4293 205 0 0 0 0 0 0 0 0
4294 205 0 0 0 0 0 0 0 0
4299 636 171 1 424 12 0 0 0 0
4302 424 0 0 0 0 0 0 0 0
4304 424 0 0 0 0 0 0 0 0
4307 848 0 0 0 0 0 636 6 6
4310 848 0 0 424 0 0 0 0 0
4312 2 0 0 2 0 0 0 0 0
4313 6 2 0 0 0 0 0 0 0
4314 4 0 0 2 0 0 0 0 0
4320 210 0 0 0 0 0 0 0 0
4325 840 172 1 210 0 0 0 0 0
4326 420 0 0 210 0 0 0 0 0
4329 210 0 0 0 0 0 210 82 19
4330 210 0 0 0 0 0 210 0 0
4331 210 0 0 0 0 0 210 0 0
4334 420 0 0 0 0 0 0 0 0
4335 31 0 0 0 0 0 31 0 0
4336 420 0 0 0 0 0 0 0 0
4338 302 138 1 0 0 0 151 17 5
4341 1680 34 0 0 0 0 210 0 0
4343 630 0 0 0 0 0 210 20 4
4344 210 0 0 0 0 0 210 0 0
4347 212 0 0 0 0 0 0 0 0
4369 2162 1954 0 2162 0 0 0 0 0
4370 4324 0 0 2162 23 0 0 0 0
4372 4324 0 0 2162 0 0 0 0 0
4375 7640 556 1 0 0 0 1154 0 0
4377 1585 0 0 0 0 0 0 0 0
4378 3170 1495 1 1585 0 0 0 0 0
4379 1585 0 0 0 0 0 1585 0 0
4380 12680 1494 1 0 0 0 1585 0 0
4382 3170 0 0 0 0 0 1585 1337 1297
4385 1585 0 0 0 0 0 0 0 0
4392 1731 0 0 577 0 0 0 0 0
4397 4840 0 0 0 0 0 0 0 0
4399 1665 20 3 0 0 0 999 12 11
4407 2885 556 1 577 0 0 577 0 0
4408 1154 0 0 0 0 0 0 0 0
4413 21780 4253 2 16940 0 0 0 0 0
fn=_int_realloc
4818 14 1 1 0 0 0 12 0 0
4829 8 1 1 2 0 0 0 0 0
4830 10 0 0 2 0 0 0 0 0
4836 4 0 0 0 0 0 0 0 0
4838 4 0 0 0 0 0 0 0 0
4839 6 0 0 2 0 0 0 0 0
4841 8 1 1 0 0 0 0 0 0
4844 4 0 0 0 0 0 0 0 0
4854 4 1 1 2 0 0 0 0 0
4858 6 0 0 0 0 0 0 0 0
4866 4 0 0 2 0 0 0 0 0
4867 4 0 0 0 0 0 0 0 0
4868 2 1 1 0 0 0 0 0 0
4872 6 0 0 1 0 0 1 0 0
4878 4 1 1 0 0 0 1 0 0
4879 2 0 0 0 0 0 0 0 0
4882 1 0 0 0 0 0 0 0 0
4883 1 0 0 1 0 0 0 0 0
4888 2 0 0 0 0 0 0 0 0
4895 1 0 0 0 0 0 0 0 0
4896 7 1 1 1 0 0 0 0 0
4899 2 0 0 0 0 0 1 0 0
4900 4 0 0 0 0 0 1 0 0
4902 1 0 0 0 0 0 0 0 0
4911 2 0 0 0 0 0 0 0 0
4913 2 0 0 0 0 0 0 0 0
4915 1 0 0 0 0 0 0 0 0
4920 1 0 0 0 0 0 0 0 0
4923 2 0 0 0 0 0 1 0 0
4924 3 0 0 0 0 0 1 0 0
4927 1 0 0 1 0 0 0 0 0
4928 4 0 0 0 0 0 1 0 0
4932 1 0 0 0 0 0 0 0 0
4933 18 0 0 14 0 0 0 0 0
fn=alloc_new_heap
2028 4 0 0 1 0 0 0 0 0
fn=arena_get2.part.0
1966 383 0 0 0 0 0 0 0 0
1969 381 0 0 0 0 0 127 33 33
1973 3 0 0 0 0 0 0 0 0
1975 1 0 0 1 0 0 0 0 0
1978 1 0 0 0 0 0 1 0 0
fn=calloc
3624 24 1 1 0 0 0 16 0 0
3634 36 1 1 0 0 0 0 0 0
3642 8 0 0 4 0 0 0 0 0
3645 12 0 0 8 0 0 0 0 0
3647 12 0 0 4 0 0 0 0 0
3650 24 1 1 9 2 0 0 0 0
3657 4 1 1 4 0 0 0 0 0
3658 9 1 1 4 0 0 0 0 0
3665 10 0 0 0 0 0 0 0 0
3679 12 1 1 0 0 0 4 0 0
3681 28 1 1 4 0 0 0 0 0
3684 12 0 0 4 0 0 0 0 0
3686 6 0 0 0 0 0 0 0 0
3693 6 1 1 0 0 0 0 0 0
3694 12 0 0 6 0 0 0 0 0
3698 8 1 1 0 0 0 0 0 0
3701 16 1 1 0 0 0 0 0 0
3709 8 0 0 4 0 0 0 0 0
3712 8 0 0 0 0 0 0 0 0
3714 4 0 0 4 0 0 0 0 0
3721 16 0 0 0 0 0 0 0 0
3732 4 0 0 0 0 0 0 0 0
3734 8 0 0 0 0 0 0 0 0
3736 8 0 0 0 0 0 0 0 0
3737 12 0 0 0 0 0 0 0 0
3762 20 1 1 16 0 0 0 0 0
fn=free
3241 16 0 0 8 0 0 4 0 0
3352 1619932 100006 1 0 0 0 809962 0 0
3356 809978 0 0 0 0 0 0 0 0
3364 809962 0 0 809962 65 0 0 0 0
3366 404981 0 0 0 0 0 0 0 0
3368 1214943 100008 1 404981 278 0 0 0 0
3385 1214943 0 0 809962 4 0 0 0 0
3391 809962 7 1 0 0 0 404981 7 0
3394 404981 0 0 0 0 0 404981 0 0
3395 1619932 4 1 1214951 0 0 0 0 0
fn=malloc
1343 809956 4 0 0 0 0 0 0 0
1362 2024890 100001 2 0 0 0 0 0 0
3193 805136 0 0 402568 7 0 0 0 0
3194 805136 0 0 0 0 0 0 0 0
3196 1610272 0 0 402568 990 0 402568 0 0
3197 805136 0 0 0 0 0 402568 0 0
3198 402568 0 0 0 0 0 402568 0 0
3241 20 0 0 10 3 0 5 4 4
3287 2429868 100014 1 0 0 0 1214934 0 0
3294 809956 0 0 404978 1 1 0 0 0
3304 1214934 4 1 0 0 0 0 0 0
3306 1619912 0 0 809956 1 0 0 0 0
3309 809956 0 0 404978 1 0 0 0 0
3310 20 0 0 5 0 0 0 0 0
3311 1208127 4 1 402709 4 0 0 0 0
3319 7230 7 1 2410 0 0 0 0 0
3321 408 1 1 0 0 0 102 0 0
3322 510 0 0 102 0 0 0 0 0
3327 18464 0 0 6924 95 0 0 0 0
3329 6924 0 0 0 0 0 2308 218 0
3332 4616 2112 1 0 0 0 0 0 0
3340 9232 0 0 4616 0 0 0 0 0
3344 18464 0 0 2308 0 0 0 0 0
3347 2024890 2023 0 1619912 0 0 0 0 0
fn=malloc_consolidate
4715 8 1 1 0 0 0 6 0 0
4730 1 0 0 0 0 0 1 0 0
4732 2 0 0 0 0 0 1 0 0
4743 1 1 1 0 0 0 0 0 0
4745 20 0 0 20 0 0 0 0 0
4746 20 0 0 0 0 0 0 0 0
4749 8 1 1 0 0 0 0 0 0
4753 12 0 0 4 0 0 0 0 0
4754 16 0 0 0 0 0 0 0 0
4759 20 1 1 4 0 0 0 0 0
4762 8 0 0 0 0 0 0 0 0
4763 4 0 0 0 0 0 0 0 0
4764 12 0 0 4 0 0 0 0 0
4766 8 0 0 0 0 0 0 0 0
4775 8 1 1 4 0 0 0 0 0
4778 8 1 1 4 0 0 0 0 0
4779 2 1 1 0 0 0 0 0 0
4780 14 0 0 4 0 0 6 0 0
4782 4 0 0 0 0 0 2 0 0
4784 4 0 0 4 0 0 0 0 0
4785 8 0 0 0 0 0 4 0 0
4786 8 0 0 4 0 0 4 0 0
4788 8 0 0 0 0 0 0 0 0
4793 12 0 0 0 0 0 4 0 0
4795 4 0 0 0 0 0 4 0 0
4796 6 0 0 0 0 0 4 0 0
4805 11 0 0 0 0 0 0 0 0
4808 30 0 0 10 0 0 0 0 0
4809 8 0 0 7 0 0 0 0 0
fn=ptmalloc_init.part.0
1966 385 1 1 0 0 0 0 0 0
1969 381 0 0 0 0 0 127 33 32
1977 1 0 0 0 0 0 1 1 1
1978 1 0 0 0 0 0 1 1 1
1980 1 0 0 0 0 0 1 0 0
3162 7 1 1 0 0 0 1 0 0
fn=realloc
1343 4 0 0 0 0 0 0 0 0
1362 12 0 0 0 0 0 0 0 0
3400 20 1 1 0 0 0 12 0 0
3406 4 0 0 2 0 0 0 0 0
3410 4 0 0 0 0 0 0 0 0
3417 4 1 1 0 0 0 0 0 0
3426 2 0 0 0 0 0 0 0 0
3428 6 0 0 2 0 0 0 0 0
3430 4 0 0 0 0 0 0 0 0
3431 2 0 0 0 0 0 0 0 0
3434 6 0 0 4 0 0 0 0 0
3442 8 0 0 0 0 0 0 0 0
3443 4 1 1 0 0 0 0 0 0
3452 4 0 0 0 0 0 0 0 0
3483 6 0 0 2 0 0 0 0 0
3485 12 2 2 0 0 0 2 0 0
3486 14 1 1 2 0 0 0 0 0
3515 18 1 1 14 0 0 0 0 0
fn=sysmalloc
2028 8 0 0 2 0 0 0 0 0
2548 5193 108 1 0 0 0 3462 386 5
2568 2308 0 0 1731 217 0 577 2 0
2579 1154 23 1 0 0 0 0 0 0
2580 1731 0 0 577 189 1 577 70 5
2606 577 0 0 577 0 0 0 0 0
2607 1731 0 0 577 0 0 0 0 0
2608 577 0 0 0 0 0 0 0 0
2610 2 1 1 0 0 0 0 0 0
2617 6340 555 0 0 0 0 0 0 0
2623 1731 1 1 0 0 0 0 0 0
2626 1731 0 0 0 0 0 0 0 0
2633 576 0 0 576 0 0 0 0 0
2634 2304 0 0 0 0 0 0 0 0
2637 2880 0 0 1152 0 0 576 0 0
2638 2304 0 0 0 0 0 576 0 0
2687 2 1 1 1 0 0 0 0 0
2696 4 0 0 1 0 0 0 0 0
2709 3 0 0 1 0 0 0 0 0
2713 3 1 1 0 0 0 1 0 0
2717 5 0 0 0 0 0 1 0 0
2725 2 1 1 0 0 0 0 0 0
2727 2 1 1 0 0 0 1 0 0
2728 3 0 0 1 0 0 0 0 0
2729 2 0 0 1 0 0 0 0 0
2730 1 0 0 0 0 0 0 0 0
2733 2 0 0 0 0 0 0 0 0
2764 2 1 1 1 1 0 0 0 0
2765 2 1 1 0 0 0 1 0 0
2766 5 0 0 2 0 0 1 0 0
2772 2 1 1 0 0 0 0 0 0
2775 4 2 2 1 0 0 0 0 0
2815 3 1 1 0 0 0 0 0 0
2837 2 0 0 0 0 0 0 0 0
2838 7 0 0 0 0 0 0 0 0
2840 2 1 1 0 0 0 0 0 0
2841 4 0 0 0 0 0 2 0 0
2853 3 0 0 1 0 0 0 0 0
2895 1 0 0 0 0 0 1 0 0
2896 4 0 0 0 0 0 1 1 1
2897 5 1 1 2 0 0 1 0 0
2908 2 1 1 0 0 0 0 0 0
2941 1154 556 1 577 37 0 0 0 0
2942 577 0 0 0 0 0 577 0 0
2946 576 0 0 576 0 0 0 0 0
2947 1154 0 0 577 0 0 0 0 0
2950 1154 0 0 0 0 0 0 0 0
2952 577 0 0 0 0 0 0 0 0
2953 577 0 0 0 0 0 0 0 0
2954 577 0 0 0 0 0 577 0 0
2955 4616 556 1 0 0 0 577 0 0
2956 1154 0 0 0 0 0 577 577 577
2958 1154 0 0 0 0 0 0 0 0
2964 6347 556 1 5193 0 0 0 0 0
fn=tcache_init.part.0
3235 15 5 1 0 0 0 10 0 0
3244 24 0 0 11 0 0 0 0 0
3245 21 4 1 0 0 0 5 0 0
3246 10 0 0 0 0 0 0 0 0
3253 3 1 0 0 0 0 0 0 0
3254 20 1 0 10 0 0 0 0 0
3261 10 0 0 0 0 0 0 0 0
3263 10 0 0 5 0 0 5 0 0
3264 440 1 1 0 0 0 405 45 18
3267 20 0 0 15 0 0 0 0 0
fn=unlink_chunk.constprop.0
1626 2427 175 1 0 0 0 0 0 0
1628 12135 0 0 4854 13 0 0 0 0
1631 12135 181 1 4854 16 0 0 0 0
1632 2427 0 0 2427 0 0 0 0 0
1634 9708 0 0 4854 61 0 0 0 0
1637 2427 0 0 0 0 0 2427 0 0
1638 2427 0 0 0 0 0 2427 0 0
1639 11901 0 0 2349 7 0 0 0 0
1641 398 0 0 199 0 0 0 0 0
1642 1194 167 1 398 0 0 0 0 0
1645 398 0 0 199 44 0 0 0 0
1659 199 0 0 0 0 0 199 0 0
1660 398 0 0 199 0 0 199 0 0
1663 4854 4 0 2427 0 0 0 0 0
fl=./malloc/./malloc/morecore.c
fn=__glibc_morecore
25 4 2 2 0 0 0 0 0 0
26 4 0 0 2 0 0 0 0 0
29 2 0 0 0 0 0 2 0 0
30 4 0 0 0 0 0 0 0 0
34 4 0 0 2 0 0 0 0 0
fl=./malloc/./malloc/scratch_buffer_set_array_size.c
fn=__libc_scratch_buffer_set_array_size
30 30 2 2 0 0 0 9 0 0
34 3 0 0 0 0 0 0 0 0
35 6 0 0 0 0 0 0 0 0
45 6 0 0 3 0 0 0 0 0
46 3 0 0 0 0 0 0 0 0
63 12 1 1 12 0 0 0 0 0
fl=./malloc/./malloc/thread-freeres.c
fn=__libc_thread_freeres
34 8 4 1 0 0 0 0 0 0
36 4 0 0 0 0 0 4 0 0
38 4 0 0 0 0 0 4 0 0
40 4 4 0 0 0 0 4 0 0
44 4 0 0 0 0 0 0 0 0
45 4 0 0 0 0 0 0 0 0
fl=./misc/../sysdeps/unix/syscall-template.S
fn=madvise
117 25 9 2 0 0 0 0 0 0
122 5 0 0 5 0 0 0 0 0
fn=mprotect
117 2940 557 2 0 0 0 0 0 0
122 588 0 0 588 0 0 0 0 0
fn=munmap
117 15 2 2 0 0 0 0 0 0
122 3 0 0 3 0 0 0 0 0
fl=./misc/../sysdeps/unix/sysv/linux/brk.c
fn=brk
35 2 1 1 0 0 0 0 0 0
36 8 0 0 2 0 0 2 0 0
37 4 0 0 0 0 0 0 0 0
43 2 0 0 0 0 0 0 0 0
44 2 0 0 2 0 0 0 0 0
fl=./misc/../sysdeps/unix/sysv/linux/clone-internal.c
fn=__clone_internal
49 36 2 2 0 0 0 20 0 0
53 8 0 0 8 0 0 0 0 0
54 16 0 0 0 0 0 4 0 0
55 16 0 0 4 0 0 0 0 0
60 4 1 1 0 0 0 4 0 0
66 8 0 0 8 0 0 0 0 0
81 8 0 0 8 0 0 0 0 0
83 32 0 0 12 0 0 8 0 0
88 8 0 0 8 0 0 0 0 0
89 24 0 0 24 0 0 0 0 0
fl=./misc/../sysdeps/unix/sysv/linux/getpagesize.c
fn=getpagesize
27 8 5 1 0 0 0 0 0 0
28 32 0 0 16 3 0 0 0 0
30 8 0 0 8 0 0 0 0 0
fl=./misc/../sysdeps/unix/sysv/linux/mmap64.c
fn=mmap
47 44 2 2 0 0 0 0 0 0
50 44 0 0 0 0 0 0 0 0
58 88 0 0 0 0 0 0 0 0
60 22 0 0 22 0 0 0 0 0
fl=./misc/../sysdeps/unix/sysv/linux/x86_64/clone.S
fn=clone
52 4 1 1 0 0 0 0 0 0
54 4 0 0 0 0 0 0 0 0
55 4 0 0 0 0 0 0 0 0
56 4 0 0 0 0 0 0 0 0
59 4 0 0 0 0 0 0 0 0
60 4 0 0 0 0 0 0 0 0
63 4 0 0 0 0 0 4 4 4
65 4 0 0 0 0 0 0 0 0
69 4 0 0 0 0 0 4 0 0
72 4 0 0 0 0 0 0 0 0
73 4 0 0 0 0 0 0 0 0
74 4 0 0 0 0 0 0 0 0
75 4 0 0 4 0 0 0 0 0
76 4 0 0 0 0 0 0 0 0
81 4 0 0 0 0 0 0 0 0
83 8 3 0 0 0 0 0 0 0
84 8 0 0 0 0 0 0 0 0
85 8 0 0 0 0 0 0 0 0
87 4 0 0 4 0 0 0 0 0
95 4 0 0 0 0 0 0 0 0
98 4 4 1 4 3 0 0 0 0
99 4 0 0 4 0 0 0 0 0
100 4 0 0 0 0 0 4 0 0
fl=./misc/../sysdeps/unix/sysv/linux/x86_64/clone3.S
fn=clone3
42 4 1 1 0 0 0 0 0 0
44 4 0 0 0 0 0 0 0 0
45 4 0 0 0 0 0 0 0 0
46 4 0 0 0 0 0 0 0 0
47 4 0 0 0 0 0 0 0 0
48 4 0 0 0 0 0 0 0 0
52 4 0 0 0 0 0 0 0 0
55 4 0 0 0 0 0 0 0 0
60 4 0 0 0 0 0 0 0 0
62 4 0 0 0 0 0 0 0 0
63 4 0 0 0 0 0 0 0 0
89 20 0 0 8 0 0 4 0 0
fl=./misc/./misc/init-misc.c
fn=__init_misc
30 5 2 2 0 0 0 2 0 0
31 5 0 0 1 0 0 0 0 0
33 3 0 0 0 0 0 1 0 0
37 5 0 0 1 0 0 1 1 0
38 3 0 0 2 0 0 1 0 0
40 4 0 0 3 0 0 0 0 0
fl=./misc/./misc/sbrk.c
fn=sbrk
37 10 1 1 0 0 0 6 0 0
40 4 0 0 4 0 0 0 0 0
43 4 0 0 2 0 0 0 0 0
58 4 1 1 0 0 0 0 0 0
59 4 0 0 0 0 0 1 0 0
62 4 0 0 0 0 0 0 0 0
63 2 0 0 2 0 0 0 0 0
66 4 1 1 0 0 0 0 0 0
74 3 0 0 0 0 0 1 0 0
78 10 0 0 8 0 0 0 0 0
fl=./nptl/../include/list.h
fn=__nptl_deallocate_stack
43 4 0 0 0 0 0 4 0 0
44 8 1 1 0 0 0 4 0 0
45 4 0 0 0 0 0 4 0 0
47 4 0 0 0 0 0 4 0 0
55 12 1 1 8 0 0 4 1 0
56 4 0 0 0 0 0 4 2 0
fn=__nptl_stack_list_add
45 4 0 0 0 0 0 4 0 0
47 4 0 0 0 0 0 4 0 0
fl=./nptl/../sysdeps/unix/sysv/linux/internal-signals.h
fn=pthread_create@@GLIBC_2.34
76 28 1 1 0 0 0 0 0 0
110 24 0 0 0 0 0 0 0 0
fn=start_thread
110 20 1 1 0 0 0 0 0 0
fl=./nptl/../sysdeps/unix/sysv/linux/rseq-internal.h
fn=start_thread
32 12 4 1 0 0 0 0 0 0
40 4 0 0 0 0 0 4 4 4
fl=./nptl/../sysdeps/unix/sysv/linux/sigsetops.h
fn=pthread_create@@GLIBC_2.34
54 1 0 0 0 0 0 1 0 0
104 2 0 0 1 0 0 0 0 0
112 4 1 1 4 0 0 0 0 0
113 4 0 0 0 0 0 0 0 0
fn=start_thread
112 12 4 1 4 0 0 4 4 0
fl=./nptl/../sysdeps/unix/sysv/linux/x86/elision-conf.c
fn=__lll_elision_init
96 6 1 1 1 0 0 2 0 0
101 5 1 1 0 0 0 1 0 0
103 4 0 0 0 0 0 1 0 0
105 4 0 0 0 0 0 1 0 0
107 4 0 0 0 0 0 1 0 0
109 4 1 1 0 0 0 1 0 0
113 3 0 0 1 1 1 0 0 0
114 1 0 0 0 0 0 1 1 1
115 6 0 0 4 0 0 0 0 0
fl=./nptl/../sysdeps/x86/nptl/tls-setup.h
fn=pthread_create@@GLIBC_2.34
22 8 0 0 4 1 0 4 4 4
fl=./nptl/./nptl-stack.h
fn=pthread_create@@GLIBC_2.34
58 40 1 1 12 1 0 4 0 0
fl=./nptl/./nptl/alloca_cutoff.c
fn=__libc_alloca_cutoff
27 4 1 1 0 0 0 0 0 0
28 36 1 0 4 1 0 0 0 0
35 4 0 0 4 0 0 0 0 0
fl=./nptl/./nptl/allocatestack.c
fn=pthread_create@@GLIBC_2.34
63 16 0 0 4 1 0 0 0 0
71 16 1 1 4 1 0 0 0 0
96 16 1 1 8 0 0 0 0 0
167 8 0 0 0 0 0 0 0 0
171 28 0 0 8 0 0 8 0 0
220 16 1 1 0 0 0 4 0 0
224 8 0 0 0 0 0 0 0 0
229 12 0 0 4 0 0 0 0 0
239 8 0 0 4 0 0 0 0 0
332 8 0 0 0 0 0 4 0 0
333 24 0 0 8 2 0 0 0 0
337 8 0 0 0 0 0 0 0 0
347 24 1 1 4 0 0 4 0 0
351 16 0 0 0 0 0 0 0 0
355 8 0 0 0 0 0 0 0 0
356 12 0 0 4 0 0 0 0 0
357 4 0 0 0 0 0 0 0 0
370 52 1 1 12 0 0 20 0 0
373 20 0 0 12 0 0 0 0 0
378 8 0 0 4 0 0 0 0 0
383 8 0 0 4 0 0 0 0 0
384 4 0 0 0 0 0 0 0 0
393 12 1 1 4 0 0 0 0 0
405 8 0 0 4 0 0 4 4 4
406 4 0 0 0 0 0 4 0 0
414 8 0 0 0 0 0 4 4 4
417 4 0 0 0 0 0 4 4 4
419 4 0 0 0 0 0 4 0 0
427 4 1 1 0 0 0 4 4 4
430 16 0 0 0 0 0 4 0 0
443 16 1 1 4 0 0 0 0 0
446 20 0 0 0 0 0 8 0 0
448 16 0 0 8 0 0 0 0 0
455 28 1 1 8 0 0 4 0 0
478 12 1 1 8 0 0 0 0 0
507 20 1 1 12 0 0 0 0 0
545 8 0 0 4 0 0 4 0 0
550 4 1 1 0 0 0 4 0 0
555 4 0 0 0 0 0 4 0 0
558 4 0 0 0 0 0 4 0 0
560 16 1 1 0 0 0 4 0 0
571 12 0 0 4 0 0 0 0 0
576 8 0 0 4 0 0 0 0 0
fn=start_thread
190 8 0 0 0 0 0 4 0 0
192 20 4 1 0 0 0 0 0 0
193 8 0 0 4 0 0 0 0 0
194 8 0 0 0 0 0 0 0 0
195 20 4 1 0 0 0 4 0 0
fl=./nptl/./nptl/cancellation.c
fn=__pthread_disable_asynccancel
56 3 1 1 0 0 0 0 0 0
59 6 0 0 0 0 0 0 0 0
63 6 0 0 3 1 0 3 1 0
64 3 0 0 3 0 0 0 0 0
fn=__pthread_enable_asynccancel
31 3 1 1 0 0 0 0 0 0
32 3 0 0 3 0 0 0 0 0
34 9 2 1 3 1 0 0 0 0
35 3 0 0 0 0 0 3 0 0
37 3 0 0 3 1 0 0 0 0
39 6 0 0 3 0 0 0 0 0
42 9 0 0 0 0 0 0 0 0
49 3 0 0 3 0 0 0 0 0
fl=./nptl/./nptl/cleanup_compat.c
fn=_pthread_cleanup_pop@@GLIBC_2.34
40 4 1 1 0 0 0 0 0 0
43 8 0 0 4 0 0 4 1 0
47 8 0 0 0 0 0 0 0 0
49 4 0 0 4 0 0 0 0 0
fn=_pthread_cleanup_push@@GLIBC_2.34
25 4 2 1 0 0 0 0 0 0
28 4 0 0 0 0 0 4 0 0
29 4 0 0 0 0 0 4 0 0
30 8 0 0 4 0 0 4 0 0
32 4 0 0 0 0 0 4 0 0
33 4 0 0 4 0 0 0 0 0
fl=./nptl/./nptl/futex-internal.c
fn=__futex_abstimed_wait_cancelable64
57 19 3 2 4 0 0 3 1 0
77 2 1 1 0 0 0 0 0 0
80 2 0 0 0 0 0 0 0 0
83 3 0 0 0 0 0 0 0 0
84 2 0 0 0 0 0 0 0 0
103 8 0 0 1 0 0 1 1 0
113 1 0 0 0 0 0 0 0 0
138 6 1 1 0 0 0 3 0 0
141 7 2 1 4 1 0 2 0 0
fl=./nptl/./nptl/libc-cleanup.c
fn=__libc_cleanup_pop_restore
39 4 1 1 0 0 0 0 0 0
42 8 0 0 4 0 0 4 0 0
44 8 0 0 4 0 0 4 0 0
45 8 0 0 0 0 0 0 0 0
47 4 0 0 4 0 0 0 0 0
fn=__libc_cleanup_push_defer
24 4 2 1 0 0 0 0 0 0
27 8 0 0 4 0 0 4 0 0
30 16 0 0 4 1 0 4 0 0
31 4 0 0 0 0 0 4 0 0
33 4 0 0 0 0 0 4 0 0
34 4 0 0 4 0 0 0 0 0
fl=./nptl/./nptl/nptl-stack.c
fn=__nptl_deallocate_stack
28 4 0 0 0 0 0 4 0 0
36 4 0 0 0 0 0 4 0 0
43 16 0 0 4 0 0 4 0 0
51 4 0 0 0 0 0 4 0 0
103 12 0 0 8 0 0 4 0 0
104 12 1 1 4 0 0 0 0 0
111 20 1 1 0 0 0 8 0 0
112 20 0 0 8 2 0 0 0 0
116 4 0 0 0 0 0 0 0 0
122 8 0 0 4 0 0 0 0 0
128 16 0 0 8 0 0 0 0 0
129 16 0 0 12 0 0 0 0 0
fn=__nptl_stack_list_add
42 4 1 1 0 0 0 0 0 0
43 36 1 1 8 0 0 8 4 4
51 4 0 0 0 0 0 4 0 0
52 4 0 0 4 0 0 0 0 0
fl=./nptl/./nptl/nptl_deallocate_tsd.c
fn=__nptl_deallocate_tsd
23 4 4 1 0 0 0 0 0 0
28 16 4 1 4 0 0 0 0 0
110 4 4 1 4 0 0 0 0 0
fl=./nptl/./nptl/nptl_free_tcb.c
fn=__nptl_free_tcb
25 12 1 1 0 0 0 4 0 0
27 16 0 0 8 3 0 0 0 0
30 12 0 0 4 3 0 0 0 0
41 8 0 0 0 0 0 0 0 0
43 4 0 0 4 0 0 0 0 0
fl=./nptl/./nptl/pthread_attr_copy.c
fn=__pthread_attr_copy
25 44 2 2 4 0 0 20 0 0
29 32 0 0 16 1 0 16 0 0
32 4 1 1 0 0 0 4 0 0
38 12 0 0 4 0 0 0 0 0
61 32 1 1 16 0 0 16 0 0
62 4 0 0 0 0 0 0 0 0
63 40 0 0 28 0 0 0 0 0
fl=./nptl/./nptl/pthread_attr_destroy.c
fn=pthread_attr_destroy
26 4 1 1 0 0 0 0 0 0
36 12 0 0 4 0 0 0 0 0
44 8 0 0 4 0 0 0 0 0
fl=./nptl/./nptl/pthread_create.c
fn=create_thread
234 56 2 2 4 0 0 28 0 0
238 12 0 0 4 0 0 0 0 0
239 8 0 0 0 0 0 0 0 0
242 8 1 1 4 0 0 0 0 0
245 12 0 0 4 0 0 4 0 0
246 8 0 0 0 0 0 0 0 0
285 48 1 1 4 0 0 36 0 0
288 4 0 0 0 0 0 0 0 0
295 16 1 1 0 0 0 4 0 0
296 8 0 0 0 0 0 0 0 0
301 4 0 0 0 0 0 4 0 0
304 8 0 0 0 0 0 0 0 0
307 8 0 0 0 0 0 0 0 0
319 8 1 1 4 0 0 0 0 0
330 4 0 0 0 0 0 0 0 0
331 40 0 0 32 0 0 0 0 0
fn=pthread_create@@GLIBC_2.34
79 2 0 0 0 0 0 1 0 0
80 1 1 1 0 0 0 1 0 0
81 4 1 1 0 0 0 1 0 0
88 6 0 0 0 0 0 0 0 0
604 16 1 1 4 0 0 0 0 0
621 60 2 2 4 0 0 44 0 0
627 12 0 0 8 1 0 0 0 0
630 2 1 1 0 0 0 1 0 0
636 4 0 0 4 0 0 0 0 0
637 16 0 0 4 0 0 0 0 0
639 16 0 0 0 0 0 4 0 0
640 8 0 0 0 0 0 0 0 0
642 8 0 0 0 0 0 4 0 0
666 4 0 0 0 0 0 4 0 0
669 4 0 0 0 0 0 4 0 0
675 8 0 0 4 0 0 4 4 4
676 8 0 0 4 0 0 4 0 0
677 4 0 0 0 0 0 4 4 4
680 4 0 0 4 0 0 0 0 0
681 32 1 1 4 0 0 4 4 4
682 12 0 0 4 1 0 0 0 0
686 4 0 0 4 1 0 0 0 0
692 16 0 0 0 0 0 4 0 0
695 16 0 0 8 1 0 8 0 0
700 8 1 1 4 1 0 4 0 0
701 8 0 0 4 0 0 4 0 0
705 8 0 0 4 0 0 4 0 0
710 8 0 0 4 0 0 4 0 0
722 8 1 1 0 0 0 0 0 0
723 8 1 1 0 0 0 0 0 0
743 8 0 0 4 1 0 0 0 0
744 3 0 0 1 0 0 1 0 0
747 12 0 0 4 0 0 4 1 0
749 4 0 0 0 0 0 0 0 0
759 4 0 0 8 0 0 0 0 0
764 8 0 0 0 0 0 8 0 0
772 12 0 0 4 0 0 0 0 0
783 64 2 2 32 0 0 32 8 8
828 28 1 1 0 0 0 4 0 0
835 9 0 0 0 0 0 1 0 0
875 8 0 0 4 0 0 0 0 0
885 8 0 0 0 0 0 4 0 0
889 8 0 0 4 0 0 0 0 0
890 8 0 0 0 0 0 4 0 0
893 80 2 2 36 0 0 4 0 0
fn=start_thread
336 32 4 1 4 3 0 16 4 4
343 8 0 0 4 3 0 0 0 0
365 16 4 1 8 1 0 4 3 0
368 4 0 0 0 0 0 4 0 0
372 4 0 0 4 3 0 0 0 0
373 8 0 0 0 0 0 0 0 0
383 20 0 0 4 0 0 0 0 0
400 16 4 1 0 0 0 4 0 0
414 8 0 0 0 0 0 4 0 0
418 20 0 0 12 0 0 0 0 0
421 8 0 0 0 0 0 0 0 0
424 8 0 0 0 0 0 4 0 0
426 8 0 0 4 0 0 0 0 0
428 4 0 0 0 0 0 0 0 0
432 8 0 0 4 3 0 0 0 0
442 16 9 2 12 3 0 4 0 0
443 4 4 0 0 0 0 4 4 0
450 4 4 1 0 0 0 4 0 0
453 4 0 0 0 0 0 4 0 0
456 4 0 0 0 0 0 4 0 0
459 12 0 0 8 0 0 0 0 0
490 8 0 0 12 4 0 0 0 0
492 16 0 0 8 4 0 0 0 0
505 4 0 0 0 0 0 0 0 0
506 20 0 0 0 0 0 0 0 0
513 20 4 1 4 0 0 0 0 0
514 8 0 0 4 0 0 4 0 0
515 16 0 0 8 0 0 0 0 0
550 12 0 0 8 0 0 0 0 0
551 8 0 0 8 4 0 0 0 0
554 12 0 0 8 0 0 0 0 0
571 12 4 1 8 0 0 0 0 0
594 20 0 0 0 0 0 0 0 0
fl=./nptl/./nptl/pthread_getattr_default_np.c
fn=pthread_getattr_default_np@@GLIBC_2.34
24 16 2 2 0 0 0 4 0 0
25 16 0 0 4 1 1 0 0 0
26 12 0 0 0 0 0 4 0 0
27 16 0 0 8 0 0 0 0 0
29 12 0 0 8 0 0 0 0 0
fl=./nptl/./nptl/pthread_join.c
fn=pthread_join@@GLIBC_2.34
23 4 2 1 0 0 0 0 0 0
24 16 2 1 0 0 0 0 0 0
fl=./nptl/./nptl/pthread_join_common.c
fn=__pthread_clockjoin_ex
39 44 2 1 4 0 0 28 0 0
43 24 0 0 4 0 0 0 0 0
48 8 0 0 4 2 0 0 0 0
52 16 1 1 4 0 0 0 0 0
55 4 0 0 0 0 0 0 0 0
57 8 0 0 0 0 0 0 0 0
58 8 0 0 4 1 0 0 0 0
77 16 0 0 4 0 0 0 0 0
87 8 0 0 0 0 0 0 0 0
92 16 2 2 0 0 0 8 0 0
97 23 0 0 5 1 0 0 0 0
105 6 1 0 0 0 0 1 0 0
107 4 0 0 0 0 0 0 0 0
114 16 1 1 4 1 0 4 0 0
117 4 1 0 4 1 0 0 0 0
121 4 1 1 0 0 0 4 0 0
124 8 0 0 0 0 0 0 0 0
128 12 0 0 0 0 0 4 0 0
133 4 0 0 0 0 0 0 0 0
136 48 1 0 36 1 0 0 0 0
fl=./nptl/./nptl/pthread_mutex_conf.c
fn=__pthread_tunables_init
50 6 2 2 1 0 0 2 0 0
51 5 0 0 0 0 0 1 0 0
53 4 0 0 0 0 0 1 0 0
55 6 0 0 4 0 0 0 0 0
fl=./nptl/./nptl/pthread_mutex_destroy.c
fn=pthread_mutex_destroy@@GLIBC_2.2.5
26 2 2 1 0 0 0 0 0 0
27 2 0 0 0 0 0 0 0 0
31 6 0 0 2 0 0 0 0 0
33 6 0 0 2 0 0 0 0 0
34 2 2 1 0 0 0 0 0 0
39 2 0 0 0 0 0 2 0 0
41 2 0 0 0 0 0 0 0 0
42 2 0 0 2 0 0 0 0 0
fl=./nptl/./nptl/pthread_mutex_init.c
fn=pthread_mutex_init@@GLIBC_2.2.5
53 20 1 1 2 0 0 10 0 0
65 4 0 0 0 0 0 0 0 0
68 10 0 0 2 0 0 0 0 0
89 8 1 1 0 0 0 6 0 0
92 6 0 0 2 0 0 0 0 0
94 4 0 0 0 0 0 0 0 0
105 12 1 1 0 0 0 0 0 0
136 8 0 0 0 0 0 0 0 0
140 2 0 0 0 0 0 2 0 0
149 2 0 0 0 0 0 0 0 0
151 2 0 0 0 0 0 0 0 0
152 18 0 0 14 0 0 0 0 0
fl=./nptl/./nptl/pthread_mutex_lock.c
fn=pthread_mutex_lock@@GLIBC_2.2.5
44 1614498 100003 1 1614498 0 0 0 0 0
45 8073228 6 1 1614744 5 0 0 0 0
46 488 0 0 0 0 0 246 0 0
48 6457008 100008 0 1614252 105 0 0 0 0
77 4843614 1 1 0 0 0 1614538 0 0
80 4843614 0 0 1614538 36 1 0 0 0
82 1614538 0 0 0 0 0 0 0 0
84 3229076 7 1 0 0 0 0 0 0
88 3229076 0 0 0 0 0 0 0 0
90 2743443 0 0 914481 4 0 0 0 0
94 2743443 0 0 914481 0 0 0 0 0
97 1400114 2117 1 0 0 0 0 0 0
108 2800228 11 1 700057 0 0 0 0 0
112 700057 0 0 700057 3 0 0 0 0
115 1400114 0 0 700057 0 0 0 0 0
118 120 0 0 40 0 0 0 0 0
122 80 0 0 0 0 0 40 0 0
124 80 0 0 0 0 0 0 0 0
130 2100051 0 0 700017 0 0 0 0 0
131 1400034 2 1 0 0 0 700017 0 0
167 1614498 0 0 1614498 4 0 0 0 0
170 1614498 0 0 0 0 0 1614498 0 0
172 1614498 0 0 1614498 0 0 0 0 0
175 1614498 0 0 0 0 0 0 0 0
177 1614498 0 0 0 0 0 0 0 0
178 4843614 0 0 3229076 0 0 0 0 0
fl=./nptl/./nptl/pthread_mutex_unlock.c
fn=pthread_mutex_unlock@@GLIBC_2.2.5
39 1614498 0 0 1614498 0 0 0 0 0
40 8072490 3 1 1614498 0 0 0 0 0
41 492 0 0 0 0 0 246 0 0
43 6457008 0 0 3228504 0 0 0 0 0
51 4843614 0 0 1614538 63 0 0 0 0
52 3229076 4 1 0 0 0 0 0 0
57 3229076 0 0 0 0 0 0 0 0
62 1614498 0 0 0 0 0 1614498 0 0
65 1614498 0 0 1614498 0 0 0 0 0
70 1614498 0 0 0 0 0 0 0 0
74 1400114 0 0 0 0 0 0 0 0
80 2800228 568 1 700057 0 0 0 0 0
84 2100171 0 0 1400114 0 0 0 0 0
87 2100131 126 1 700057 0 0 0 0 0
367 3229076 4 1 0 0 0 0 0 0
369 3229076 0 0 1614538 0 0 0 0 0
fl=./nptl/./nptl/pthread_mutexattr_destroy.c
fn=pthread_mutexattr_destroy@@GLIBC_2.34
23 2 1 1 0 0 0 0 0 0
25 4 0 0 2 0 0 0 0 0
fl=./nptl/./nptl/pthread_mutexattr_init.c
fn=pthread_mutexattr_init@@GLIBC_2.34
24 2 1 1 0 0 0 0 0 0
35 2 0 0 0 0 0 2 0 0
38 4 0 0 2 0 0 0 0 0
fl=./nptl/./nptl/pthread_mutexattr_settype.c
fn=pthread_mutexattr_settype@@GLIBC_2.34
24 2 1 1 0 0 0 0 0 0
27 4 0 0 0 0 0 0 0 0
28 2 0 0 0 0 0 0 0 0
33 6 0 0 0 0 0 0 0 0
37 8 0 0 2 0 0 2 0 0
39 2 0 0 0 0 0 0 0 0
40 2 0 0 2 0 0 0 0 0
fl=./posix/../malloc/dynarray-skeleton.c
fn=__unregister_atfork
243 3 0 0 3 0 0 0 0 0
fl=./posix/../sysdeps/unix/syscall-template.S
fn=uname
120 5 1 1 0 0 0 0 0 0
122 1 0 0 1 0 0 0 0 0
fl=./posix/../sysdeps/unix/sysv/linux/_exit.c
fn=_Exit
27 2 1 1 1 0 0 0 0 0
30 3 0 0 0 0 0 0 0 0
31 2 0 0 0 0 0 0 0 0
fl=./posix/./posix/register-atfork.c
fn=__unregister_atfork
65 6 0 0 0 0 0 0 0 0
76 9 1 1 0 0 0 3 0 0
77 12 0 0 3 1 1 0 0 0
103 12 1 1 6 0 0 0 0 0
104 6 0 0 6 0 0 0 0 0
fl=./resolv/./resolv/res-close.c
fn=__res_thread_freeres
131 16 4 1 0 0 0 12 0 0
132 4 0 0 0 0 0 4 0 0
134 20 4 1 12 12 4 0 0 0
142 16 0 0 16 0 0 0 0 0
fl=./resolv/./resolv/resolv_context.c
fn=__resolv_context_freeres
242 24 4 1 0 0 0 20 0 0
244 8 0 0 8 0 0 0 0 0
245 4 0 0 0 0 0 4 0 0
246 8 0 0 0 0 0 0 0 0
252 24 4 1 24 0 0 0 0 0
fl=./resource/../sysdeps/unix/sysv/linux/getrlimit64.c
fn=getrlimit
38 2 1 1 0 0 0 0 0 0
39 7 0 0 0 0 0 0 0 0
40 1 0 0 1 0 0 0 0 0
fl=./setjmp/../sysdeps/x86_64/bsd-_setjmp.S
fn=_setjmp
28 5 5 1 0 0 0 0 0 0
30 5 0 0 0 0 0 0 0 0
32 5 0 0 0 0 0 0 0 0
fl=./setjmp/../sysdeps/x86_64/setjmp.S
fn=__sigsetjmp
30 10 6 2 0 0 0 0 0 0
32 10 0 0 0 0 0 10 0 0
41 10 0 0 0 0 0 0 0 0
42 20 1 1 10 0 0 0 0 0
43 10 0 0 0 0 0 10 0 0
47 10 0 0 0 0 0 10 5 5
48 10 0 0 0 0 0 10 0 0
49 10 0 0 0 0 0 10 0 0
50 10 0 0 0 0 0 10 0 0
51 10 0 0 0 0 0 0 0 0
53 20 5 1 10 0 0 0 0 0
55 10 0 0 0 0 0 10 0 0
56 10 0 0 10 0 0 0 0 0
57 10 0 0 0 0 0 0 0 0
59 20 0 0 10 0 0 0 0 0
61 10 1 1 0 0 0 10 0 0
66 5 0 0 5 4 0 0 0 0
67 5 0 0 0 0 0 0 0 0
69 5 0 0 0 0 0 0 0 0
72 5 0 0 0 0 0 0 0 0
73 5 0 0 0 0 0 5 1 1
80 5 0 0 0 0 0 0 0 0
81 5 0 0 5 0 0 0 0 0
84 5 5 1 0 0 0 0 0 0
fl=./setjmp/./setjmp/sigjmp.c
fn=__sigjmp_save
28 15 0 0 0 0 0 5 0 0
29 5 0 0 0 0 0 5 0 0
30 10 0 0 0 0 0 0 0 0
34 15 0 0 10 0 0 0 0 0
fl=./signal/../sysdeps/unix/sysv/linux/libc_sigaction.c
fn=__libc_sigaction
43 6 2 2 1 0 0 1 0 0
48 2 0 0 0 0 0 0 0 0
50 2 1 1 1 0 0 1 0 0
51 16 0 0 8 0 0 8 2 0
53 6 1 1 1 0 0 2 0 0
58 11 1 1 0 0 0 0 0 0
63 4 0 0 0 0 0 0 0 0
71 6 2 2 3 0 0 0 0 0
fl=./stdio-common/../include/../locale/localeinfo.h
fn=__printf_fp_l
315 12 0 0 8 2 0 4 1 1
fl=./stdio-common/../include/rounding-mode.h
fn=__printf_fp_l
52 12 0 0 0 0 0 0 0 0
58 4 0 0 0 0 0 0 0 0
fl=./stdio-common/../libio/libioP.h
fn=__vfprintf_internal
940 8 0 0 2 1 0 2 0 0
942 54 0 0 0 0 0 0 0 0
943 36 0 0 16 0 0 0 0 0
fn=buffered_vfprintf
940 3 0 0 0 0 0 0 0 0
942 2 0 0 0 0 0 0 0 0
943 2 1 1 0 0 0 0 0 0
fl=./stdio-common/../sysdeps/generic/get-rounding-mode.h
fn=__printf_fp_l
94 4 1 1 0 0 0 4 0 0
95 28 1 1 4 0 0 0 0 0
fl=./stdio-common/../sysdeps/pthread/allocalim.h
fn=__printf_fp_l
27 8 0 0 0 0 0 4 0 0
29 20 0 0 4 0 0 0 0 0
fl=./stdio-common/./stdio-common/_itoa.c
fn=_itoa_word
163 12 1 1 0 0 0 0 0 0
166 24 1 1 0 0 0 0 0 0
168 12 0 0 0 0 0 0 0 0
177 348 1 1 24 1 1 24 0 0
186 12 1 1 6 0 0 0 0 0
fl=./stdio-common/./stdio-common/printf-parse.h
fn=__vfprintf_internal
78 24 1 1 4 0 0 0 0 0
88 10 0 0 0 0 0 0 0 0
111 48 0 0 2 0 0 14 1 1
fl=./stdio-common/./stdio-common/printf_fp.c
fn=__printf_fp
1278 12 1 1 0 0 0 0 0 0
1279 16 0 0 8 0 0 0 0 0
fn=__printf_fp_l
216 64 2 2 4 0 0 36 2 2
233 4 0 0 0 0 0 4 0 0
234 4 0 0 0 0 0 4 0 0
257 4 0 0 0 0 0 4 0 0
260 8 0 0 0 0 0 0 0 0
266 24 0 0 4 0 0 4 0 0
274 4 1 1 0 0 0 4 0 0
277 12 0 0 0 0 0 0 0 0
280 8 0 0 4 0 0 4 0 0
298 12 1 1 4 0 0 0 0 0
306 4 0 0 0 0 0 4 0 0
387 8 0 0 0 0 0 0 0 0
388 8 0 0 4 0 0 4 0 0
392 8 1 1 0 0 0 0 0 0
396 68 4 4 12 2 2 4 1 1
432 20 0 0 4 0 0 0 0 0
433 4 0 0 0 0 0 0 0 0
434 8 0 0 0 0 0 0 0 0
437 72 3 3 4 0 0 4 0 0
438 64 1 1 4 2 1 4 0 0
439 64 2 2 4 1 0 4 0 0
445 4 0 0 0 0 0 4 0 0
446 8 0 0 0 0 0 0 0 0
449 4 0 0 0 0 0 0 0 0
459 4 0 0 0 0 0 0 0 0
460 28 0 0 0 0 0 4 0 0
463 12 0 0 0 0 0 0 0 0
467 16 0 0 0 0 0 0 0 0
471 16 0 0 0 0 0 4 2 1
472 4 0 0 0 0 0 0 0 0
474 24 1 1 0 0 0 0 0 0
475 36 1 1 8 0 0 4 0 0
476 8 0 0 0 0 0 0 0 0
477 20 1 1 4 0 0 8 0 0
479 8 1 1 0 0 0 0 0 0
484 52 0 0 0 0 0 0 0 0
488 308 1 1 100 5 5 0 0 0
490 20 1 1 4 0 0 0 0 0
493 12 0 0 8 0 0 0 0 0
503 6 0 0 6 0 0 0 0 0
534 8 0 0 4 0 0 4 0 0
535 20 0 0 4 0 0 4 0 0
541 12 0 0 4 0 0 2 0 0
543 2 0 0 2 0 0 0 0 0
546 4 0 0 4 0 0 0 0 0
547 4 0 0 0 0 0 0 0 0
548 6 1 1 0 0 0 2 0 0
551 52 1 1 22 0 0 6 0 0
554 36 2 2 18 0 0 12 0 0
555 24 0 0 18 0 0 0 0 0
556 30 0 0 0 0 0 0 0 0
557 24 0 0 0 0 0 0 0 0
560 52 1 1 0 0 0 0 0 0
562 104 1 1 0 0 0 0 0 0
563 8 0 0 4 0 0 4 0 0
569 8 0 0 0 0 0 0 0 0
573 48 1 1 16 0 0 0 0 0
577 12 0 0 4 0 0 0 0 0
579 8 0 0 0 0 0 0 0 0
605 4 0 0 0 0 0 0 0 0
608 32 2 2 0 0 0 0 0 0
624 12 0 0 0 0 0 4 0 0
626 12 0 0 4 0 0 0 0 0
627 24 0 0 8 0 0 4 0 0
629 30 1 1 12 0 0 0 0 0
643 8 1 1 0 0 0 4 0 0
813 4 1 1 0 0 0 0 0 0
831 12 1 1 8 0 0 4 0 0
841 24 0 0 16 1 1 4 0 0
843 8 1 1 0 0 0 0 0 0
847 8 0 0 4 0 0 4 0 0
848 4 0 0 0 0 0 0 0 0
853 8 0 0 4 0 0 0 0 0
855 4 1 1 0 0 0 4 0 0
856 18 1 1 4 0 0 4 0 0
857 4 0 0 0 0 0 4 0 0
858 4 0 0 0 0 0 0 0 0
859 16 1 1 4 0 0 4 0 0
861 12 1 1 4 0 0 4 0 0
863 8 0 0 0 0 0 4 0 0
883 8 0 0 0 0 0 0 0 0
901 12 0 0 4 0 0 0 0 0
915 28 2 2 8 0 0 4 0 0
916 4 0 0 4 0 0 0 0 0
922 4 0 0 0 0 0 0 0 0
932 72 2 2 4 0 0 12 0 0
933 20 0 0 0 0 0 0 0 0
936 12 0 0 4 0 0 0 0 0
939 44 1 1 8 0 0 0 0 0
942 64 1 1 4 0 0 28 2 1
944 2 0 0 0 0 0 0 0 0
946 24 0 0 12 0 0 0 0 0
947 6 2 2 2 0 0 0 0 0
948 6 0 0 2 0 0 2 0 0
960 10 0 0 0 0 0 2 0 0
961 14 1 1 2 0 0 6 0 0
962 42 1 1 16 0 0 0 0 0
963 48 2 2 4 0 0 0 0 0
965 12 0 0 0 0 0 0 0 0
966 36 1 1 0 0 0 24 0 0
967 12 0 0 0 0 0 0 0 0
969 48 0 0 0 0 0 0 0 0
978 12 0 0 8 0 0 0 0 0
979 20 1 1 0 0 0 12 0 0
981 32 0 0 8 0 0 0 0 0
982 2 0 0 0 0 0 0 0 0
983 6 0 0 2 0 0 0 0 0
986 4 0 0 2 0 0 0 0 0
1003 4 0 0 0 0 0 0 0 0
1008 2 1 1 2 0 0 0 0 0
1031 6 0 0 4 0 0 0 0 0
1034 12 1 1 2 0 0 0 0 0
1037 4 0 0 0 0 0 0 0 0
1039 6 0 0 0 0 0 2 0 0
1097 12 0 0 0 0 0 0 0 0
1104 20 1 1 8 0 0 0 0 0
1107 12 1 1 4 0 0 0 0 0
1120 12 1 1 4 0 0 0 0 0
1166 28 1 1 12 0 0 0 0 0
1168 28 1 1 4 0 0 4 0 0
1170 32 1 1 8 0 0 0 0 0
1175 12 1 1 0 0 0 0 0 0
1177 8 1 1 0 0 0 0 0 0
1180 20 1 1 8 0 0 0 0 0
1188 12 1 1 4 0 0 0 0 0
1195 12 0 0 8 0 0 0 0 0
1200 16 1 1 4 0 0 8 0 0
1202 16 0 0 8 0 0 0 0 0
1203 8 0 0 0 0 0 0 0 0
1207 16 1 1 4 0 0 4 0 0
1209 12 0 0 4 0 0 0 0 0
1220 64 1 1 4 0 0 4 0 0
1227 126 1 1 12 0 0 12 0 0
1228 78 1 1 26 0 0 0 0 0
1229 8 0 0 2 0 0 2 0 0
1230 48 0 0 0 0 0 0 0 0
1233 48 0 0 0 0 0 24 0 0
1237 24 1 1 20 0 0 0 0 0
1254 426 3 3 78 0 0 39 0 0
1257 12 1 1 4 0 0 0 0 0
1268 12 0 0 8 0 0 0 0 0
1272 48 1 1 36 0 0 0 0 0
fn=hack_digit
170 112 1 1 0 0 0 56 0 0
173 84 0 0 28 0 0 0 0 0
175 84 0 0 28 0 0 0 0 0
177 56 0 0 56 0 0 0 0 0
183 56 1 1 0 0 0 0 0 0
187 224 1 1 56 0 0 28 1 1
189 112 0 0 84 0 0 28 0 0
190 28 0 0 28 0 0 0 0 0
192 56 0 0 28 0 0 28 0 0
193 168 1 1 56 0 0 0 0 0
200 56 0 0 0 0 0 0 0 0
204 84 0 0 0 0 0 28 0 0
205 56 0 0 0 0 0 0 0 0
206 140 0 0 56 0 0 56 0 0
210 140 0 0 84 0 0 0 0 0
fl=./stdio-common/./stdio-common/vfprintf-internal.c
fn=__vfprintf_internal
127 254 2 2 0 0 0 0 0 0
192 24 0 0 0 0 0 0 0 0
239 126 4 4 38 1 0 18 0 0
351 12 0 0 0 0 0 0 0 0
352 12 0 0 0 0 0 0 0 0
354 8 1 1 0 0 0 4 0 0
1180 36 2 2 0 0 0 27 6 2
1210 15 0 0 9 1 0 6 2 1
1214 2 0 0 0 0 0 2 0 0
1218 13 2 2 3 1 0 2 0 0
1222 15 0 0 6 2 1 0 0 0
1233 6 0 0 0 0 0 0 0 0
1236 8 2 2 5 0 0 0 0 0
1240 2 0 0 0 0 0 2 0 0
1244 12 1 1 6 0 0 6 2 1
1248 2 0 0 0 0 0 2 0 0
1259 14 0 0 1 0 0 7 1 0
1260 13 1 1 7 1 0 1 0 0
1263 8 0 0 4 0 0 0 0 0
1267 6 1 1 4 0 0 0 0 0
1271 16 1 1 6 2 1 2 0 0
1291 10 0 0 0 0 0 10 0 0
1292 10 0 0 0 0 0 10 0 0
1293 10 0 0 0 0 0 10 0 0
1294 10 0 0 0 0 0 10 0 0
1295 10 0 0 0 0 0 10 0 0
1298 10 0 0 0 0 0 0 0 0
1299 10 0 0 0 0 0 0 0 0
1300 10 0 0 0 0 0 0 0 0
1301 10 0 0 0 0 0 0 0 0
1302 10 0 0 0 0 0 10 0 0
1303 10 0 0 0 0 0 0 0 0
1306 10 1 1 0 0 0 10 0 0
1307 20 1 1 0 0 0 10 0 0
1313 150 1 1 30 3 3 0 0 0
1352 30 0 0 20 1 0 10 0 0
1392 8 1 1 8 0 0 0 0 0
1421 4 1 1 0 0 0 0 0 0
1422 12 0 0 4 0 0 0 0 0
1448 12 0 0 0 0 0 0 0 0
1463 54 1 1 8 1 1 0 0 0
1478 2 1 1 0 0 0 0 0 0
1479 32 0 0 6 1 1 0 0 0
1484 2 1 1 0 0 0 0 0 0
1499 8 1 1 0 0 0 0 0 0
1501 20 0 0 0 0 0 0 0 0
1516 520 16 16 118 0 0 38 0 0
1517 12 0 0 0 0 0 0 0 0
1532 16 0 0 6 0 0 2 0 0
1535 136 2 2 32 0 0 24 1 1
1555 60 3 3 16 0 0 10 0 0
1556 8 1 1 0 0 0 4 0 0
1559 8 0 0 0 0 0 0 0 0
1564 8 1 1 0 0 0 0 0 0
1583 10 0 0 10 0 0 0 0 0
1589 10 1 1 0 0 0 0 0 0
1593 40 0 0 0 0 0 0 0 0
1595 22 0 0 10 0 0 0 0 0
1608 13 2 2 6 0 0 2 0 0
1609 6 0 0 2 0 0 1 0 0
1611 1 0 0 0 0 0 0 0 0
1612 31 0 0 24 0 0 0 0 0
fn=buffered_vfprintf
2229 16 2 2 3 2 1 6 0 0
2237 6 1 1 1 0 0 0 0 0
2241 1 0 0 0 0 0 1 0 0
2247 3 1 1 0 0 0 2 1 1
2248 1 1 1 0 0 0 1 1 1
2250 1 0 0 0 0 0 1 1 1
2255 1 0 0 0 0 0 1 0 0
2257 2 0 0 1 1 0 1 1 1
2258 2 0 0 0 0 0 1 0 0
2261 3 0 0 0 0 0 1 1 1
2264 6 0 0 1 0 0 3 0 0
2265 13 2 2 7 1 1 1 0 0
2277 6 0 0 2 0 0 0 0 0
2279 4 0 0 2 1 0 1 0 0
2280 3 0 0 0 0 0 0 0 0
2285 11 1 1 5 0 0 2 0 0
2286 2 0 0 0 0 0 1 0 0
2289 11 0 0 8 0 0 0 0 0
fl=./stdlib/../sysdeps/ieee754/dbl-64/dbl2mpn.c
fn=__mpn_extract_double
33 12 1 1 0 0 0 0 0 0
35 4 0 0 0 0 0 0 0 0
37 12 0 0 0 0 0 4 0 0
38 20 0 0 0 0 0 4 0 0
47 12 0 0 0 0 0 4 1 1
56 12 1 1 0 0 0 0 0 0
103 8 0 0 0 0 0 4 0 0
107 8 0 0 4 0 0 0 0 0
fl=./stdlib/../sysdeps/unix/sysv/linux/getrandom.c
fn=getrandom
28 1 1 1 0 0 0 0 0 0
29 7 1 1 1 0 0 0 0 0
30 1 0 0 1 0 0 0 0 0
fl=./stdlib/../sysdeps/x86_64/lshift.S
fn=__mpn_lshift
28 4 1 1 0 0 0 0 0 0
29 4 0 0 0 0 0 0 0 0
30 4 0 0 0 0 0 0 0 0
32 4 0 0 0 0 0 0 0 0
33 4 0 0 0 0 0 0 0 0
34 4 0 0 0 0 0 0 0 0
46 4 1 1 0 0 0 0 0 0
47 4 0 0 0 0 0 0 0 0
48 4 0 0 4 0 0 0 0 0
49 4 0 0 0 0 0 0 0 0
50 4 0 0 0 0 0 0 0 0
51 4 0 0 0 0 0 0 0 0
52 4 0 0 0 0 0 0 0 0
58 4 0 0 0 0 0 0 0 0
59 4 0 0 0 0 0 4 0 0
60 4 0 0 4 0 0 0 0 0
fl=./stdlib/../sysdeps/x86_64/mul_1.S
fn=__mpn_mul_1
31 30 1 1 0 0 0 0 0 0
32 30 0 0 0 0 0 30 0 0
35 30 0 0 0 0 0 0 0 0
36 30 0 0 30 0 0 0 0 0
37 30 0 0 0 0 0 0 0 0
38 30 0 0 0 0 0 0 0 0
39 30 0 0 0 0 0 0 0 0
41 30 0 0 0 0 0 0 0 0
42 30 0 0 0 0 0 0 0 0
44 30 0 0 0 0 0 0 0 0
45 30 0 0 0 0 0 0 0 0
46 30 1 1 0 0 0 0 0 0
47 30 0 0 0 0 0 0 0 0
48 28 0 0 0 0 0 0 0 0
50 28 0 0 0 0 0 0 0 0
51 28 0 0 0 0 0 0 0 0
52 28 0 0 0 0 0 28 0 0
53 28 0 0 0 0 0 0 0 0
79 2 1 1 0 0 0 0 0 0
80 2 0 0 0 0 0 0 0 0
81 2 0 0 0 0 0 0 0 0
82 2 0 0 0 0 0 0 0 0
83 2 0 0 0 0 0 0 0 0
84 2 0 0 0 0 0 0 0 0
85 2 0 0 2 0 0 0 0 0
86 2 0 0 0 0 0 0 0 0
87 2 0 0 0 0 0 0 0 0
113 2 0 0 0 0 0 0 0 0
114 2 0 0 0 0 0 0 0 0
115 2 0 0 0 0 0 0 0 0
117 2 0 0 0 0 0 2 0 0
118 2 0 0 0 0 0 0 0 0
119 2 0 0 0 0 0 0 0 0
120 2 0 0 0 0 0 2 0 0
121 2 0 0 0 0 0 0 0 0
122 30 1 1 0 0 0 0 0 0
124 30 0 0 30 0 0 0 0 0
127 30 0 0 30 0 0 0 0 0
fl=./stdlib/../sysdeps/x86_64/rshift.S
fn=__mpn_rshift
28 8 1 1 0 0 0 0 0 0
29 8 0 0 0 0 0 0 0 0
30 8 0 0 0 0 0 0 0 0
31 8 0 0 0 0 0 0 0 0
44 8 1 1 0 0 0 0 0 0
45 8 0 0 0 0 0 0 0 0
61 8 1 1 0 0 0 0 0 0
62 8 0 0 8 0 0 0 0 0
63 8 0 0 8 0 0 0 0 0
64 8 0 0 0 0 0 0 0 0
65 8 0 0 0 0 0 0 0 0
66 8 0 0 0 0 0 0 0 0
67 8 0 0 0 0 0 0 0 0
72 8 0 0 0 0 0 0 0 0
73 8 0 0 0 0 0 8 0 0
74 8 0 0 0 0 0 0 0 0
75 8 0 0 0 0 0 8 0 0
76 8 0 0 8 0 0 0 0 0
fl=./stdlib/./stdlib/cmp.c
fn=__mpn_cmp
31 6 1 1 0 0 0 0 0 0
35 12 0 0 0 0 0 0 0 0
37 6 0 0 6 0 0 0 0 0
38 6 0 0 6 0 0 0 0 0
39 12 1 1 0 0 0 0 0 0
47 30 0 0 6 0 0 0 0 0
fl=./stdlib/./stdlib/cxa_atexit.c
fn=__cxa_atexit
41 2 0 0 0 0 0 0 0 0
43 6 0 0 1 1 0 0 0 0
44 2 1 1 0 0 0 1 0 0
46 2 0 0 0 0 0 0 0 0
53 3 0 0 1 0 0 0 0 0
55 1 0 0 0 0 0 1 0 0
56 2 0 0 1 0 0 1 0 0
58 1 0 0 0 0 0 1 0 0
59 4 1 1 2 0 0 0 0 0
60 1 0 0 0 0 0 0 0 0
69 9 1 1 0 0 0 4 0 0
71 6 0 0 4 0 0 0 0 0
fn=__new_exitfn
82 5 1 1 0 0 0 2 0 0
83 2 0 0 0 0 0 0 0 0
88 2 0 0 1 0 0 0 0 0
93 8 0 0 2 1 0 0 0 0
95 4 1 1 1 1 0 0 0 0
103 1 0 0 0 0 0 1 0 0
124 1 0 0 0 0 0 0 0 0
125 2 1 1 0 0 0 1 0 0
138 1 1 1 0 0 0 1 0 0
139 1 0 0 1 0 0 0 0 0
143 5 0 0 3 0 0 0 0 0
fl=./stdlib/./stdlib/cxa_finalize.c
fn=__cxa_finalize
30 27 1 1 0 0 0 18 0 0
33 18 1 1 3 0 0 0 0 0
36 18 1 1 6 0 0 0 0 0
40 18 0 0 3 0 0 0 0 0
94 21 1 1 6 1 0 0 0 0
98 18 0 0 3 1 1 0 0 0
105 6 0 0 0 0 0 0 0 0
106 6 0 0 0 0 0 3 0 0
107 12 0 0 6 0 0 0 0 0
108 24 1 1 21 0 0 0 0 0
fl=./stdlib/./stdlib/cxa_thread_atexit_impl.c
fn=__call_tls_dtors
149 20 4 1 0 0 0 10 0 0
150 20 0 0 10 0 0 0 0 0
168 20 5 1 15 0 0 0 0 0
fl=./stdlib/./stdlib/divrem.c
fn=__mpn_divrem
46 364 1 1 0 0 0 224 3 1
47 28 0 0 0 0 0 28 1 1
49 56 0 0 0 0 0 0 0 0
62 28 1 1 28 0 0 0 0 0
63 28 0 0 28 0 0 0 0 0
65 56 0 0 0 0 0 0 0 0
67 2 0 0 0 0 0 0 0 0
68 4 1 1 0 0 0 2 0 0
72 292 0 0 26 0 0 0 0 0
73 78 0 0 26 0 0 26 0 0
76 56 1 1 0 0 0 0 0 0
79 28 1 1 0 0 0 28 0 0
234 252 0 0 224 0 0 0 0 0
fl=./stdlib/./stdlib/exit.c
fn=__run_exit_handlers
40 11 1 1 0 0 0 7 0 0
45 2 0 0 0 0 0 0 0 0
46 2 0 0 0 0 0 1 1 0
48 5 1 1 1 1 0 0 0 0
56 1 0 0 1 1 0 0 0 0
58 3 0 0 0 0 0 0 0 0
62 1 0 0 0 0 0 1 0 0
66 6 0 0 2 1 0 0 0 0
68 2 0 0 0 0 0 1 0 0
71 7 1 1 1 0 0 0 0 0
98 1 0 0 0 0 0 0 0 0
105 2 1 1 0 0 0 1 0 0
106 1 0 0 1 0 0 0 0 0
107 1 0 0 1 0 0 0 0 0
109 2 1 1 1 0 0 0 0 0
112 4 0 0 2 0 0 0 0 0
113 3 0 0 0 0 0 1 0 0
114 4 0 0 1 0 0 0 0 0
124 2 1 1 1 0 0 1 0 0
125 2 0 0 0 0 0 0 0 0
131 4 0 0 2 0 0 0 0 0
133 2 0 0 1 0 0 0 0 0
134 9 1 1 1 1 0 1 0 0
136 2 0 0 0 0 0 1 0 0
fn=exit
142 4 1 1 1 0 0 1 0 0
143 4 1 1 0 0 0 1 0 0
fl=./stdlib/./stdlib/mul.c
fn=__mpn_mul
48 34 2 2 2 0 0 18 0 0
54 4 0 0 0 0 0 0 0 0
66 4 0 0 0 0 0 0 0 0
71 2 0 0 2 0 0 0 0 0
72 4 1 1 0 0 0 0 0 0
81 2 1 1 0 0 0 2 0 0
83 6 0 0 2 0 0 2 0 0
84 2 1 1 0 0 0 0 0 0
88 4 0 0 0 0 0 0 0 0
142 22 0 0 18 0 0 0 0 0
fl=./string/../include/rtld-malloc.h
fn=strdup
56 8 0 0 4 0 0 4 0 0
fl=./string/../sysdeps/x86/cacheinfo.c
fn=__x86_cacheinfo
86 3 1 1 1 0 0 0 0 0
fl=./string/../sysdeps/x86/cacheinfo.h
fn=__x86_cacheinfo
61 1 0 0 1 0 0 0 0 0
64 3 0 0 1 1 0 0 0 0
66 3 0 0 0 0 0 1 0 0
67 1 1 1 0 0 0 1 1 1
73 3 0 0 1 0 0 0 0 0
75 3 0 0 0 0 0 1 0 0
76 1 0 0 0 0 0 1 0 0
80 2 1 1 1 0 0 1 1 1
82 2 0 0 1 0 0 1 1 1
83 2 0 0 1 1 0 1 0 0
84 2 0 0 1 0 0 1 0 0
86 2 0 0 1 0 0 0 0 0
fl=./string/../sysdeps/x86_64/memcmp.S
fn=bcmp
22 1 1 1 0 0 0 0 0 0
27 1 0 0 0 0 0 0 0 0
28 1 0 0 0 0 0 0 0 0
29 1 0 0 0 0 0 0 0 0
30 1 0 0 0 0 0 0 0 0
31 1 0 0 0 0 0 0 0 0
32 1 0 0 0 0 0 0 0 0
33 1 0 0 0 0 0 0 0 0
34 1 0 0 0 0 0 0 0 0
37 1 0 0 0 0 0 0 0 0
38 1 0 0 0 0 0 0 0 0
39 1 1 1 1 0 0 0 0 0
40 1 0 0 1 0 0 0 0 0
41 1 0 0 0 0 0 0 0 0
42 1 0 0 0 0 0 0 0 0
43 1 0 0 0 0 0 0 0 0
44 1 0 0 0 0 0 0 0 0
45 1 0 0 0 0 0 0 0 0
47 1 0 0 0 0 0 0 0 0
48 1 0 0 0 0 0 0 0 0
65 1 1 1 0 0 0 0 0 0
66 1 0 0 0 0 0 0 0 0
83 1 0 0 0 0 0 0 0 0
84 1 0 0 0 0 0 0 0 0
85 1 0 0 1 0 0 0 0 0
86 1 0 0 1 0 0 0 0 0
87 1 0 0 0 0 0 0 0 0
91 1 0 0 0 0 0 0 0 0
93 1 0 0 0 0 0 0 0 0
94 1 0 0 0 0 0 0 0 0
98 1 0 0 0 0 0 0 0 0
138 1 1 1 0 0 0 0 0 0
139 1 0 0 0 0 0 0 0 0
140 1 0 0 0 0 0 0 0 0
141 1 0 0 0 0 0 0 0 0
142 1 0 0 0 0 0 0 0 0
143 1 0 0 0 0 0 0 0 0
144 1 1 1 0 0 0 0 0 0
145 1 0 0 0 0 0 0 0 0
146 1 0 0 0 0 0 0 0 0
147 1 0 0 0 0 0 0 0 0
148 1 0 0 0 0 0 0 0 0
149 1 0 0 0 0 0 0 0 0
150 1 0 0 1 0 0 0 0 0
fl=./string/../sysdeps/x86_64/multiarch/../strchr.S
fn=index
23 19 1 1 0 0 0 0 0 0
24 19 0 0 0 0 0 0 0 0
25 19 0 0 0 0 0 0 0 0
26 19 0 0 0 0 0 0 0 0
27 19 0 0 0 0 0 0 0 0
28 19 0 0 0 0 0 0 0 0
29 19 0 0 0 0 0 0 0 0
30 19 0 0 0 0 0 0 0 0
31 19 0 0 0 0 0 0 0 0
32 19 0 0 19 4 4 0 0 0
33 19 0 0 0 0 0 0 0 0
34 19 1 1 0 0 0 0 0 0
35 19 0 0 0 0 0 0 0 0
36 19 0 0 0 0 0 0 0 0
37 19 0 0 0 0 0 0 0 0
38 19 0 0 0 0 0 0 0 0
39 19 0 0 0 0 0 0 0 0
40 19 0 0 0 0 0 0 0 0
41 14 0 0 0 0 0 0 0 0
45 14 0 0 0 0 0 0 0 0
46 14 0 0 0 0 0 0 0 0
47 14 0 0 14 0 0 0 0 0
48 14 0 0 0 0 0 0 0 0
50 14 0 0 14 0 0 0 0 0
54 5 0 0 5 0 0 0 0 0
55 5 0 0 0 0 0 0 0 0
56 5 0 0 0 0 0 0 0 0
57 5 1 1 0 0 0 0 0 0
58 5 0 0 0 0 0 0 0 0
59 5 0 0 0 0 0 0 0 0
60 5 0 0 5 1 1 0 0 0
61 5 0 0 0 0 0 0 0 0
62 5 0 0 0 0 0 0 0 0
63 5 0 0 0 0 0 0 0 0
64 5 0 0 0 0 0 0 0 0
65 5 0 0 0 0 0 0 0 0
66 5 0 0 0 0 0 0 0 0
67 5 0 0 5 0 0 0 0 0
68 5 0 0 0 0 0 0 0 0
69 5 0 0 0 0 0 0 0 0
70 5 0 0 0 0 0 0 0 0
71 5 0 0 0 0 0 0 0 0
72 5 0 0 0 0 0 0 0 0
73 5 1 1 0 0 0 0 0 0
74 5 0 0 0 0 0 0 0 0
75 5 0 0 0 0 0 0 0 0
76 5 0 0 0 0 0 0 0 0
77 5 0 0 0 0 0 0 0 0
129 5 1 1 0 0 0 0 0 0
133 5 0 0 0 0 0 0 0 0
134 5 0 0 0 0 0 0 0 0
135 5 0 0 5 0 0 0 0 0
136 5 0 0 0 0 0 0 0 0
138 5 0 0 5 0 0 0 0 0
fl=./string/../sysdeps/x86_64/multiarch/ifunc-avx2.h
fn=memrchr
32 2 0 0 0 0 0 0 0 0
33 5 1 1 2 0 0 0 0 0
34 3 0 0 1 0 0 0 0 0
36 2 0 0 0 0 0 0 0 0
37 2 0 0 0 0 0 0 0 0
40 3 0 0 0 0 0 0 0 0
43 4 0 0 0 0 0 0 0 0
fn=rindex
32 2 1 1 0 0 0 0 0 0
33 5 0 0 2 0 0 0 0 0
34 3 0 0 1 0 0 0 0 0
36 2 0 0 0 0 0 0 0 0
37 2 0 0 0 0 0 0 0 0
40 3 0 0 0 0 0 0 0 0
43 4 0 0 0 0 0 0 0 0
fn=strchrnul
32 2 0 0 0 0 0 0 0 0
33 5 0 0 2 0 0 0 0 0
34 3 1 1 1 0 0 0 0 0
36 2 0 0 0 0 0 0 0 0
37 2 1 1 0 0 0 0 0 0
40 3 0 0 0 0 0 0 0 0
43 4 0 0 0 0 0 0 0 0
fn=strlen
32 2 1 1 0 0 0 0 0 0
33 5 0 0 2 0 0 0 0 0
34 3 0 0 1 0 0 0 0 0
36 2 0 0 0 0 0 0 0 0
37 2 0 0 0 0 0 0 0 0
40 3 0 0 0 0 0 0 0 0
43 4 0 0 0 0 0 0 0 0
fn=strnlen
32 4 1 1 0 0 0 0 0 0
33 10 0 0 4 1 0 0 0 0
34 6 0 0 2 0 0 0 0 0
36 4 0 0 0 0 0 0 0 0
37 4 0 0 0 0 0 0 0 0
40 6 0 0 0 0 0 0 0 0
43 8 0 0 0 0 0 0 0 0
fl=./string/../sysdeps/x86_64/multiarch/ifunc-evex.h
fn=memchr
34 2 0 0 0 0 0 0 0 0
35 5 1 1 2 0 0 0 0 0
36 3 0 0 1 0 0 0 0 0
38 2 0 0 0 0 0 0 0 0
39 2 1 1 0 0 0 0 0 0
41 2 0 0 0 0 0 0 0 0
47 3 0 0 0 0 0 0 0 0
50 4 0 0 0 0 0 0 0 0
fn=rawmemchr
34 2 0 0 0 0 0 0 0 0
35 5 0 0 2 0 0 0 0 0
36 3 0 0 1 0 0 0 0 0
38 2 0 0 0 0 0 0 0 0
39 2 0 0 0 0 0 0 0 0
41 2 1 1 0 0 0 0 0 0
47 3 0 0 0 0 0 0 0 0
50 4 0 0 0 0 0 0 0 0
fl=./string/../sysdeps/x86_64/multiarch/ifunc-memcmp.h
fn=bcmp
34 8 0 0 4 2 0 0 0 0
35 6 0 0 2 1 0 0 0 0
36 4 2 1 0 0 0 0 0 0
37 6 0 0 2 0 0 0 0 0
39 4 0 0 0 0 0 0 0 0
40 4 0 0 0 0 0 0 0 0
43 6 0 0 0 0 0 0 0 0
46 6 0 0 0 0 0 0 0 0
fl=./string/../sysdeps/x86_64/multiarch/ifunc-memmove.h
fn=memcpy@@GLIBC_2.14
52 4 0 0 0 0 0 0 0 0
53 6 0 0 4 0 0 0 0 0
56 6 0 0 2 0 0 0 0 0
57 4 1 1 0 0 0 0 0 0
70 4 0 0 0 0 0 0 0 0
72 4 1 1 0 0 0 0 0 0
80 4 0 0 0 0 0 0 0 0
88 4 0 0 0 0 0 0 0 0
90 10 1 1 2 0 0 0 0 0
fn=memmove
52 4 0 0 0 0 0 0 0 0
53 6 0 0 4 0 0 0 0 0
56 6 1 1 2 0 0 0 0 0
57 4 1 1 0 0 0 0 0 0
70 4 0 0 0 0 0 0 0 0
72 4 0 0 0 0 0 0 0 0
80 4 0 0 0 0 0 0 0 0
88 4 0 0 0 0 0 0 0 0
90 10 1 1 2 0 0 0 0 0
fn=mempcpy
52 2 0 0 0 0 0 0 0 0
53 3 0 0 2 0 0 0 0 0
56 3 0 0 1 0 0 0 0 0
57 2 1 1 0 0 0 0 0 0
70 2 0 0 0 0 0 0 0 0
72 2 1 1 0 0 0 0 0 0
80 2 0 0 0 0 0 0 0 0
88 2 0 0 0 0 0 0 0 0
90 5 1 1 1 0 0 0 0 0
fl=./string/../sysdeps/x86_64/multiarch/ifunc-memset.h
fn=memset
50 10 0 0 4 1 0 0 0 0
53 6 0 0 2 1 0 0 0 0
54 4 1 1 0 0 0 0 0 0
60 4 2 1 0 0 0 0 0 0
69 4 0 0 0 0 0 0 0 0
71 4 0 0 0 0 0 0 0 0
81 4 0 0 0 0 0 0 0 0
89 4 0 0 0 0 0 0 0 0
91 10 0 0 2 0 0 0 0 0
fl=./string/../sysdeps/x86_64/multiarch/ifunc-sse4_2.h
fn=strcspn
30 5 1 1 2 0 0 0 0 0
fn=strpbrk
30 5 1 1 2 1 0 0 0 0
fn=strspn
30 5 0 0 2 0 0 0 0 0
fl=./string/../sysdeps/x86_64/multiarch/ifunc-strcasecmp.h
fn=strcasecmp
32 5 1 1 2 0 0 0 0 0
fn=strcasecmp_l
32 5 0 0 2 0 0 0 0 0
fn=strncasecmp
32 5 0 0 2 0 0 0 0 0
fn=strncasecmp_l
32 5 0 0 2 0 0 0 0 0
fl=./string/../sysdeps/x86_64/multiarch/ifunc-strcpy.h
fn=stpcpy
36 4 0 0 2 0 0 0 0 0
37 3 0 0 1 0 0 0 0 0
39 2 1 1 0 0 0 0 0 0
40 2 0 0 0 0 0 0 0 0
43 3 0 0 0 0 0 0 0 0
46 3 0 0 0 0 0 0 0 0
fn=stpncpy
36 4 0 0 2 0 0 0 0 0
37 3 1 1 1 0 0 0 0 0
39 2 0 0 0 0 0 0 0 0
40 2 0 0 0 0 0 0 0 0
43 3 0 0 0 0 0 0 0 0
46 3 0 0 0 0 0 0 0 0
fn=strcat
36 4 0 0 2 0 0 0 0 0
37 3 0 0 1 0 0 0 0 0
39 2 1 1 0 0 0 0 0 0
40 2 0 0 0 0 0 0 0 0
43 3 0 0 0 0 0 0 0 0
46 3 0 0 0 0 0 0 0 0
fn=strcpy
36 4 0 0 2 0 0 0 0 0
37 3 0 0 1 0 0 0 0 0
39 2 1 1 0 0 0 0 0 0
40 2 0 0 0 0 0 0 0 0
43 3 0 0 0 0 0 0 0 0
46 3 0 0 0 0 0 0 0 0
fn=strncpy
36 4 0 0 2 0 0 0 0 0
37 3 0 0 1 0 0 0 0 0
39 2 1 1 0 0 0 0 0 0
40 2 0 0 0 0 0 0 0 0
43 3 0 0 0 0 0 0 0 0
46 3 0 0 0 0 0 0 0 0
fl=./string/../sysdeps/x86_64/multiarch/memchr.c
fn=memchr
29 2 1 1 1 0 0 0 0 0
fl=./string/../sysdeps/x86_64/multiarch/memcmp-avx2-movbe.S
fn=__memcmp_avx2_movbe
71 1 1 1 0 0 0 0 0 0
78 1 0 0 0 0 0 0 0 0
79 1 0 0 0 0 0 0 0 0
399 1 1 1 0 0 0 0 0 0
400 1 0 0 0 0 0 0 0 0
453 1 1 1 0 0 0 0 0 0
454 1 0 0 1 0 0 0 0 0
455 1 0 0 1 0 0 0 0 0
456 1 0 0 0 0 0 0 0 0
458 1 0 0 1 0 0 0 0 0
fl=./string/../sysdeps/x86_64/multiarch/memcmp.c
fn=bcmp
29 6 4 2 2 0 0 0 0 0
fl=./string/../sysdeps/x86_64/multiarch/memcpy.c
fn=memcpy@@GLIBC_2.14
29 2 1 1 0 0 0 0 0 0
fl=./string/../sysdeps/x86_64/multiarch/memmove-vec-unaligned-erms.S
fn=__memcpy_avx_unaligned_erms
307 340640 99999 1 0 0 0 0 0 0
308 340640 0 0 0 0 0 0 0 0
314 340649 0 0 0 0 0 0 0 0
315 340649 0 0 0 0 0 0 0 0
317 371 0 0 371 159 0 0 0 0
318 371 0 0 0 0 0 0 0 0
319 371 0 0 0 0 0 0 0 0
322 12 0 0 12 0 0 0 0 0
323 12 0 0 0 0 0 12 0 0
324 12 0 0 0 0 0 12 1 0
327 24 0 0 12 0 0 0 0 0
357 340278 0 0 0 0 0 0 0 0
358 340278 0 0 0 0 0 0 0 0
360 194924 0 0 0 0 0 0 0 0
361 194924 0 0 0 0 0 0 0 0
363 140216 0 0 0 0 0 0 0 0
367 140216 0 0 0 0 0 0 0 0
368 2357 4 0 0 0 0 0 0 0
369 2357 0 0 0 0 0 0 0 0
370 2348 0 0 2348 0 0 0 0 0
371 2348 0 0 0 0 0 0 0 0
372 2297 0 0 2297 0 0 0 0 0
373 2297 0 0 0 0 0 2297 6 0
375 2348 0 0 0 0 0 2348 0 0
377 2357 0 0 2357 0 0 0 0 0
383 137859 100005 1 137859 19 0 0 0 0
384 137859 0 0 137859 12 0 0 0 0
385 137859 0 0 0 0 0 137859 108 87
386 137859 0 0 0 0 0 137859 8 0
387 137859 0 0 137859 0 0 0 0 0
394 145354 1 0 145354 1 1 0 0 0
395 145354 0 0 145354 0 0 0 0 0
396 145354 0 0 0 0 0 145354 0 0
397 145354 0 0 0 0 0 145354 0 0
399 145354 0 0 145354 0 0 0 0 0
416 54708 54574 1 54708 0 0 0 0 0
417 54708 0 0 54708 0 0 0 0 0
418 54708 0 0 0 0 0 54708 0 0
419 54708 0 0 0 0 0 54708 0 0
420 54708 0 0 54708 0 0 0 0 0
427 14 3 0 14 0 0 0 0 0
428 14 0 0 14 0 0 0 0 0
429 14 0 0 0 0 0 14 2 1
430 14 0 0 0 0 0 14 6 5
431 14 0 0 0 0 0 14 2 2
432 14 0 0 0 0 0 14 0 0
433 28 0 0 14 0 0 0 0 0
438 359 123 1 359 0 0 0 0 0
439 359 0 0 0 0 0 0 0 0
444 359 0 0 0 0 0 0 0 0
445 359 0 0 0 0 0 0 0 0
447 14 0 0 14 0 0 0 0 0
448 14 0 0 0 0 0 0 0 0
449 14 0 0 0 0 0 0 0 0
469 345 118 1 0 0 0 0 0 0
470 345 0 0 0 0 0 0 0 0
474 345 0 0 0 0 0 0 0 0
476 345 118 1 0 0 0 0 0 0
480 345 0 0 345 109 0 0 0 0
481 345 0 0 0 0 0 0 0 0
492 345 0 0 0 0 0 0 0 0
495 345 0 0 0 0 0 0 0 0
497 345 0 0 0 0 0 0 0 0
499 345 0 0 0 0 0 0 0 0
503 345 0 0 0 0 0 0 0 0
504 345 0 0 0 0 0 0 0 0
513 309 0 0 309 101 0 0 0 0
514 309 0 0 309 56 0 0 0 0
516 309 0 0 0 0 0 0 0 0
518 309 0 0 0 0 0 0 0 0
519 309 118 1 309 94 0 0 0 0
520 309 0 0 309 57 0 0 0 0
523 309 0 0 0 0 0 0 0 0
525 309 0 0 0 0 0 0 0 0
527 309 0 0 0 0 0 0 0 0
529 618 0 0 0 0 0 0 0 0
535 2154 0 0 2154 467 0 0 0 0
536 2154 0 0 2154 591 0 0 0 0
537 2154 0 0 2154 441 0 0 0 0
538 2154 0 0 2154 568 0 0 0 0
539 2154 0 0 0 0 0 0 0 0
540 2154 0 0 0 0 0 2154 1056 1018
541 2154 0 0 0 0 0 2154 941 890
542 2154 115 1 0 0 0 2154 1023 987
543 2154 0 0 0 0 0 2154 956 900
544 2154 0 0 0 0 0 0 0 0
545 2154 0 0 0 0 0 0 0 0
546 2154 0 0 0 0 0 0 0 0
548 309 0 0 0 0 0 309 244 237
549 309 0 0 0 0 0 309 151 149
550 309 0 0 0 0 0 309 0 0
551 309 0 0 0 0 0 309 0 0
553 309 0 0 0 0 0 309 0 0
557 618 0 0 309 0 0 0 0 0
570 36 3 0 36 5 0 0 0 0
571 36 0 0 36 3 0 0 0 0
573 36 36 1 0 0 0 0 0 0
574 36 0 0 36 6 0 0 0 0
575 36 0 0 36 8 0 0 0 0
577 36 0 0 0 0 0 0 0 0
579 36 0 0 0 0 0 0 0 0
581 72 0 0 0 0 0 0 0 0
587 252 0 0 252 24 0 0 0 0
588 252 0 0 252 28 0 0 0 0
589 252 0 0 252 24 0 0 0 0
590 252 0 0 252 30 0 0 0 0
591 252 0 0 0 0 0 0 0 0
592 252 0 0 0 0 0 252 133 133
593 252 36 1 0 0 0 252 121 120
594 252 0 0 0 0 0 252 126 126
595 252 0 0 0 0 0 252 121 119
596 252 0 0 0 0 0 0 0 0
597 252 0 0 0 0 0 0 0 0
598 252 0 0 0 0 0 0 0 0
600 36 0 0 0 0 0 36 18 17
601 36 0 0 0 0 0 36 18 18
602 36 0 0 0 0 0 36 0 0
603 36 0 0 0 0 0 36 0 0
605 36 0 0 0 0 0 36 4 4
606 72 0 0 36 0 0 0 0 0
fn=__mempcpy_avx_unaligned_erms
294 9 1 1 0 0 0 0 0 0
295 9 0 0 0 0 0 0 0 0
296 9 0 0 0 0 0 0 0 0
297 9 0 0 0 0 0 0 0 0
fn=memcpy
212 22 2 1 0 0 0 0 0 0
213 22 0 0 0 0 0 0 0 0
219 102 0 0 0 0 0 0 0 0
220 102 0 0 0 0 0 0 0 0
222 46 0 0 46 2 0 0 0 0
223 46 2 0 0 0 0 0 0 0
224 46 0 0 0 0 0 0 0 0
226 36 0 0 36 0 0 0 0 0
227 36 0 0 0 0 0 36 10 10
228 36 0 0 0 0 0 36 0 0
230 36 0 0 36 0 0 0 0 0
360 56 1 1 0 0 0 0 0 0
361 56 0 0 0 0 0 0 0 0
363 15 0 0 0 0 0 0 0 0
367 15 0 0 0 0 0 0 0 0
368 6 0 0 0 0 0 0 0 0
369 6 0 0 0 0 0 0 0 0
370 3 0 0 3 2 2 0 0 0
371 3 0 0 0 0 0 0 0 0
372 2 0 0 2 0 0 0 0 0
373 2 0 0 0 0 0 2 1 1
375 3 0 0 0 0 0 3 1 1
377 6 0 0 6 0 0 0 0 0
383 9 0 0 9 0 0 0 0 0
384 9 0 0 9 0 0 0 0 0
385 9 0 0 0 0 0 9 0 0
386 9 0 0 0 0 0 9 0 0
387 9 0 0 9 0 0 0 0 0
416 41 1 1 41 1 0 0 0 0
417 41 0 0 41 0 0 0 0 0
418 41 0 0 0 0 0 41 2 2
419 41 0 0 0 0 0 41 0 0
420 41 0 0 41 0 0 0 0 0
427 10 1 0 10 0 0 0 0 0
428 10 0 0 10 0 0 0 0 0
429 10 0 0 0 0 0 10 1 1
430 10 0 0 0 0 0 10 1 1
431 10 0 0 0 0 0 10 3 3
432 10 0 0 0 0 0 10 0 0
433 10 0 0 10 0 0 0 0 0
444 10 2 1 0 0 0 0 0 0
445 10 0 0 0 0 0 0 0 0
447 10 0 0 10 0 0 0 0 0
448 10 0 0 0 0 0 0 0 0
449 10 0 0 0 0 0 0 0 0
fn=mempcpy
199 80 1 0 0 0 0 0 0 0
200 80 0 0 0 0 0 0 0 0
201 80 0 0 0 0 0 0 0 0
202 80 0 0 0 0 0 0 0 0
fl=./string/../sysdeps/x86_64/multiarch/memmove.c
fn=memmove
29 2 1 1 0 0 0 0 0 0
fl=./string/../sysdeps/x86_64/multiarch/mempcpy.c
fn=mempcpy
33 1 1 1 0 0 0 0 0 0
fl=./string/../sysdeps/x86_64/multiarch/memrchr.c
fn=memrchr
29 3 2 2 1 0 0 0 0 0
fl=./string/../sysdeps/x86_64/multiarch/memset-vec-unaligned-erms.S
fn=__memset_avx2_unaligned_erms
181 404440 100002 1 0 0 0 0 0 0
182 1213320 0 0 0 0 0 0 0 0
187 404440 0 0 0 0 0 0 0 0
188 404440 0 0 0 0 0 0 0 0
189 204380 0 0 0 0 0 0 0 0
190 204380 0 0 0 0 0 0 0 0
193 8 0 0 0 0 0 8 0 0
194 8 0 0 0 0 0 8 0 0
195 16 0 0 8 0 0 0 0 0
204 2187 0 0 0 0 0 2187 0 0
205 2187 0 0 0 0 0 2187 0 0
207 4374 0 0 2187 0 0 0 0 0
259 204372 100018 1 204372 0 0 0 0 0
260 204372 0 0 0 0 0 0 0 0
283 204368 0 0 0 0 0 204368 1777 1678
284 204368 0 0 0 0 0 204368 1844 1697
289 204368 0 0 0 0 0 0 0 0
292 204368 0 0 0 0 0 0 0 0
293 204368 0 0 0 0 0 0 0 0
296 202181 0 0 0 0 0 202181 895 835
297 202181 0 0 0 0 0 202181 922 818
310 202181 0 0 0 0 0 0 0 0
311 202181 0 0 0 0 0 0 0 0
313 202181 0 0 0 0 0 0 0 0
316 202174 0 0 0 0 0 0 0 0
319 202174 0 0 0 0 0 0 0 0
322 515107 103 1 0 0 0 515107 10672 9846
323 515107 0 0 0 0 0 515107 0 0
324 515107 0 0 0 0 0 515107 14531 11509
325 515107 0 0 0 0 0 515107 0 0
326 515107 0 0 0 0 0 0 0 0
327 515107 0 0 0 0 0 0 0 0
328 717281 0 0 0 0 0 0 0 0
331 202181 1 0 0 0 0 202181 108 3
332 202181 0 0 0 0 0 202181 11 7
333 202181 0 0 0 0 0 202181 218 1
334 202181 0 0 0 0 0 202181 227 0
337 404384 1 0 202192 0 0 0 0 0
348 4 0 0 0 0 0 0 0 0
349 4 0 0 0 0 0 0 0 0
350 4 0 0 0 0 0 0 0 0
351 61444 0 0 0 0 0 61440 909 908
352 4 0 0 0 0 0 0 0 0
353 8 0 0 4 1 0 0 0 0
365 200060 11 1 0 0 0 0 0 0
366 200060 0 0 0 0 0 0 0 0
368 200046 0 0 0 0 0 0 0 0
369 200046 0 0 0 0 0 0 0 0
370 200046 0 0 0 0 0 0 0 0
371 200030 0 0 0 0 0 0 0 0
372 200030 0 0 0 0 0 0 0 0
373 200030 0 0 0 0 0 0 0 0
374 200030 0 0 0 0 0 0 0 0
375 200030 0 0 0 0 0 0 0 0
376 200019 0 0 0 0 0 200019 1 0
377 400038 2116 1 200019 0 0 0 0 0
394 14 3 0 0 0 0 14 0 0
395 14 0 0 0 0 0 14 0 0
396 28 0 0 14 0 0 0 0 0
402 16 0 0 0 0 0 16 0 0
403 16 0 0 0 0 0 16 0 0
404 32 0 0 16 0 0 0 0 0
fn=memset
125 12 2 1 0 0 0 0 0 0
126 60 0 0 0 0 0 0 0 0
132 12 0 0 0 0 0 0 0 0
133 12 2 1 0 0 0 0 0 0
134 12 0 0 0 0 0 0 0 0
135 12 0 0 0 0 0 0 0 0
137 1 0 0 0 0 0 1 1 1
138 1 0 0 0 0 0 1 0 0
139 1 0 0 1 0 0 0 0 0
204 4 0 0 0 0 0 4 0 0
205 4 0 0 0 0 0 4 0 0
207 4 0 0 4 0 0 0 0 0
283 11 0 0 0 0 0 11 8 8
284 11 0 0 0 0 0 11 1 1
289 11 0 0 0 0 0 0 0 0
292 11 0 0 0 0 0 0 0 0
293 11 0 0 0 0 0 0 0 0
296 7 0 0 0 0 0 7 0 0
297 7 0 0 0 0 0 7 1 1
310 7 0 0 0 0 0 0 0 0
311 7 0 0 0 0 0 0 0 0
313 7 0 0 0 0 0 0 0 0
316 2 1 1 0 0 0 0 0 0
319 4 0 0 0 0 0 0 0 0
322 32 0 0 0 0 0 32 31 31
323 32 0 0 0 0 0 32 0 0
324 32 0 0 0 0 0 32 0 0
325 32 0 0 0 0 0 32 0 0
326 32 0 0 0 0 0 0 0 0
327 32 0 0 0 0 0 0 0 0
328 32 0 0 0 0 0 0 0 0
331 7 1 0 0 0 0 7 7 7
332 7 0 0 0 0 0 7 0 0
333 7 0 0 0 0 0 7 0 0
334 7 0 0 0 0 0 7 0 0
339 7 0 0 7 0 0 0 0 0
fl=./string/../sysdeps/x86_64/multiarch/memset.c
fn=memset
29 2 1 1 0 0 0 0 0 0
fl=./string/../sysdeps/x86_64/multiarch/rawmemchr.c
fn=rawmemchr
31 2 1 1 1 0 0 0 0 0
fl=./string/../sysdeps/x86_64/multiarch/stpcpy.c
fn=stpcpy
33 3 1 1 1 0 0 0 0 0
fl=./string/../sysdeps/x86_64/multiarch/stpncpy.c
fn=stpncpy
31 3 2 2 1 0 0 0 0 0
fl=./string/../sysdeps/x86_64/multiarch/strcasecmp.c
fn=strcasecmp
31 2 0 0 1 0 0 0 0 0
fl=./string/../sysdeps/x86_64/multiarch/strcasecmp_l.c
fn=strcasecmp_l
31 2 1 1 1 0 0 0 0 0
fl=./string/../sysdeps/x86_64/multiarch/strcat.c
fn=strcat
29 3 1 1 1 0 0 0 0 0
fl=./string/../sysdeps/x86_64/multiarch/strchr-avx2.S
fn=__strchrnul_avx2
51 12 1 1 0 0 0 0 0 0
53 12 0 0 0 0 0 0 0 0
54 12 0 0 0 0 0 0 0 0
55 12 0 0 0 0 0 0 0 0
56 12 0 0 0 0 0 0 0 0
57 12 0 0 0 0 0 0 0 0
60 12 0 0 0 0 0 0 0 0
61 12 0 0 0 0 0 0 0 0
65 12 0 0 12 2 1 0 0 0
66 12 0 0 0 0 0 0 0 0
67 12 0 0 0 0 0 0 0 0
68 12 0 0 0 0 0 0 0 0
69 12 0 0 0 0 0 0 0 0
70 12 0 0 0 0 0 0 0 0
71 12 0 0 0 0 0 0 0 0
72 12 1 1 0 0 0 0 0 0
78 12 0 0 0 0 0 0 0 0
79 24 0 0 12 0 0 0 0 0
fl=./string/../sysdeps/x86_64/multiarch/strchr.c
fn=index
40 2 1 1 0 0 0 0 0 0
41 4 0 0 2 0 0 0 0 0
42 3 0 0 1 0 0 0 0 0
44 2 0 0 0 0 0 0 0 0
45 2 0 0 0 0 0 0 0 0
48 3 0 0 0 0 0 0 0 0
51 3 0 0 0 0 0 0 0 0
61 3 1 1 1 0 0 0 0 0
fl=./string/../sysdeps/x86_64/multiarch/strchrnul.c
fn=strchrnul
31 3 1 1 1 0 0 0 0 0
fl=./string/../sysdeps/x86_64/multiarch/strcmp-avx2.S
fn=__strcmp_avx2
83 5 4 1 0 0 0 0 0 0
106 5 0 0 0 0 0 0 0 0
107 5 0 0 0 0 0 0 0 0
109 5 0 0 0 0 0 0 0 0
110 5 0 0 0 0 0 0 0 0
111 5 0 0 0 0 0 0 0 0
112 5 0 0 0 0 0 0 0 0
113 5 0 0 0 0 0 0 0 0
115 5 0 0 5 0 0 0 0 0
116 5 0 0 5 4 2 0 0 0
117 5 0 0 0 0 0 0 0 0
118 5 0 0 0 0 0 0 0 0
119 5 0 0 0 0 0 0 0 0
120 5 0 0 0 0 0 0 0 0
121 5 0 0 0 0 0 0 0 0
122 5 0 0 0 0 0 0 0 0
140 5 0 0 5 0 0 0 0 0
141 5 4 1 5 0 0 0 0 0
142 5 0 0 0 0 0 0 0 0
145 10 0 0 5 0 0 0 0 0
fl=./string/../sysdeps/x86_64/multiarch/strcmp.c
fn=strcmp
41 8 0 0 4 0 0 0 0 0
42 6 2 1 2 0 0 0 0 0
44 4 0 0 0 0 0 0 0 0
49 6 0 0 0 0 0 0 0 0
52 6 2 1 0 0 0 0 0 0
65 4 2 1 2 0 0 0 0 0
fl=./string/../sysdeps/x86_64/multiarch/strcpy.c
fn=strcpy
29 3 1 1 1 0 0 0 0 0
fl=./string/../sysdeps/x86_64/multiarch/strcspn.c
fn=strcspn
29 2 1 1 1 0 0 0 0 0
fl=./string/../sysdeps/x86_64/multiarch/strlen-avx2.S
fn=__strlen_avx2
50 4 1 1 0 0 0 0 0 0
63 4 0 0 0 0 0 0 0 0
64 4 0 0 0 0 0 0 0 0
65 4 0 0 0 0 0 0 0 0
68 4 0 0 0 0 0 0 0 0
70 4 0 0 0 0 0 0 0 0
71 4 0 0 0 0 0 0 0 0
74 4 1 1 4 1 1 0 0 0
75 4 0 0 0 0 0 0 0 0
83 4 0 0 0 0 0 0 0 0
84 4 0 0 0 0 0 0 0 0
85 4 0 0 0 0 0 0 0 0
90 8 0 0 4 0 0 0 0 0
fl=./string/../sysdeps/x86_64/multiarch/strlen-vec.S
fn=strlen
41 22 1 1 0 0 0 0 0 0
85 22 0 0 0 0 0 0 0 0
86 22 0 0 0 0 0 0 0 0
87 22 0 0 0 0 0 0 0 0
88 22 0 0 0 0 0 0 0 0
89 22 0 0 0 0 0 0 0 0
90 22 0 0 0 0 0 0 0 0
91 22 0 0 0 0 0 0 0 0
93 22 0 0 0 0 0 0 0 0
95 22 0 0 0 0 0 0 0 0
126 22 0 0 22 3 3 0 0 0
127 22 0 0 0 0 0 0 0 0
128 22 0 0 0 0 0 0 0 0
129 22 0 0 0 0 0 0 0 0
130 22 0 0 0 0 0 0 0 0
131 9 0 0 0 0 0 0 0 0
133 9 0 0 9 0 0 0 0 0
137 13 1 1 0 0 0 0 0 0
138 13 0 0 13 0 0 0 0 0
139 13 0 0 13 1 1 0 0 0
140 13 0 0 13 1 1 0 0 0
141 13 0 0 0 0 0 0 0 0
142 13 0 0 0 0 0 0 0 0
143 13 0 0 0 0 0 0 0 0
144 13 0 0 0 0 0 0 0 0
145 13 0 0 0 0 0 0 0 0
146 13 0 0 0 0 0 0 0 0
147 13 0 0 0 0 0 0 0 0
148 13 0 0 0 0 0 0 0 0
153 102 1 1 12 0 0 0 0 0
227 1 1 1 1 0 0 0 0 0
228 1 0 0 1 0 0 0 0 0
229 1 0 0 1 0 0 0 0 0
230 1 0 0 1 0 0 0 0 0
231 1 0 0 0 0 0 0 0 0
232 1 0 0 0 0 0 0 0 0
233 1 0 0 0 0 0 0 0 0
234 1 0 0 0 0 0 0 0 0
250 1 1 1 0 0 0 0 0 0
252 1 0 0 0 0 0 0 0 0
253 14 1 1 4 0 0 0 0 0
255 1 0 0 0 0 0 0 0 0
256 1 0 0 0 0 0 0 0 0
257 1 0 0 0 0 0 0 0 0
259 1 0 0 1 0 0 0 0 0
fl=./string/../sysdeps/x86_64/multiarch/strlen.c
fn=strlen
29 3 1 1 1 0 0 0 0 0
fl=./string/../sysdeps/x86_64/multiarch/strncase.c
fn=strncasecmp
31 2 1 1 1 0 0 0 0 0
fl=./string/../sysdeps/x86_64/multiarch/strncase_l.c
fn=strncasecmp_l
31 2 2 2 1 0 0 0 0 0
fl=./string/../sysdeps/x86_64/multiarch/strncmp.c
fn=strncmp
41 4 1 1 2 0 0 0 0 0
42 3 0 0 1 0 0 0 0 0
44 2 0 0 0 0 0 0 0 0
49 3 0 0 0 0 0 0 0 0
52 3 0 0 0 0 0 0 0 0
66 2 2 2 1 0 0 0 0 0
fl=./string/../sysdeps/x86_64/multiarch/strncpy.c
fn=strncpy
29 3 1 1 1 0 0 0 0 0
fl=./string/../sysdeps/x86_64/multiarch/strnlen.c
fn=strnlen
31 6 2 2 2 0 0 0 0 0
fl=./string/../sysdeps/x86_64/multiarch/strpbrk.c
fn=strpbrk
29 2 1 1 1 0 0 0 0 0
fl=./string/../sysdeps/x86_64/multiarch/strrchr-avx2.S
fn=__strrchr_avx2
46 1 1 1 0 0 0 0 0 0
47 1 0 0 0 0 0 0 0 0
48 1 0 0 0 0 0 0 0 0
50 1 0 0 0 0 0 0 0 0
51 1 0 0 0 0 0 0 0 0
54 1 0 0 0 0 0 0 0 0
55 1 0 0 0 0 0 0 0 0
56 1 0 0 0 0 0 0 0 0
58 1 0 0 1 1 0 0 0 0
59 1 0 0 0 0 0 0 0 0
60 1 0 0 0 0 0 0 0 0
61 1 0 0 0 0 0 0 0 0
62 1 0 0 0 0 0 0 0 0
63 1 1 1 0 0 0 0 0 0
65 1 0 0 0 0 0 0 0 0
66 1 0 0 0 0 0 0 0 0
78 1 0 0 0 0 0 0 0 0
79 1 0 0 0 0 0 0 0 0
82 1 0 0 0 0 0 0 0 0
83 1 0 0 0 0 0 0 0 0
84 1 0 0 0 0 0 0 0 0
85 1 0 0 0 0 0 0 0 0
120 1 1 1 1 0 0 0 0 0
121 1 0 0 0 0 0 0 0 0
122 1 0 0 0 0 0 0 0 0
123 1 0 0 0 0 0 0 0 0
124 1 0 0 0 0 0 0 0 0
125 1 0 0 0 0 0 0 0 0
126 1 0 0 0 0 0 0 0 0
127 1 0 0 0 0 0 0 0 0
159 1 1 1 0 0 0 0 0 0
160 1 0 0 0 0 0 0 0 0
179 1 0 0 0 0 0 0 0 0
180 1 0 0 0 0 0 0 0 0
181 1 0 0 0 0 0 0 0 0
196 1 1 1 0 0 0 0 0 0
197 1 0 0 0 0 0 0 0 0
198 1 0 0 0 0 0 0 0 0
199 1 0 0 0 0 0 0 0 0
200 1 0 0 0 0 0 0 0 0
202 1 0 0 0 0 0 0 0 0
203 1 0 0 0 0 0 0 0 0
204 1 0 0 0 0 0 0 0 0
205 2 0 0 1 0 0 0 0 0
fl=./string/../sysdeps/x86_64/multiarch/strrchr.c
fn=rindex
28 3 1 1 1 0 0 0 0 0
fl=./string/../sysdeps/x86_64/multiarch/strspn.c
fn=strspn
29 2 1 1 1 0 0 0 0 0
fl=./string/../sysdeps/x86_64/strcmp.S
fn=strcmp
108 300 5 1 0 0 0 0 0 0
141 300 0 0 0 0 0 0 0 0
142 300 0 0 0 0 0 0 0 0
144 300 0 0 0 0 0 0 0 0
145 300 0 0 0 0 0 0 0 0
166 300 0 0 0 0 0 0 0 0
167 300 0 0 0 0 0 0 0 0
168 226 0 0 0 0 0 0 0 0
169 226 0 0 0 0 0 0 0 0
170 173 0 0 173 40 23 0 0 0
171 173 5 1 173 5 5 0 0 0
172 173 0 0 173 0 0 0 0 0
173 173 0 0 173 0 0 0 0 0
194 173 0 0 0 0 0 0 0 0
195 173 0 0 0 0 0 0 0 0
196 173 0 0 0 0 0 0 0 0
197 173 0 0 0 0 0 0 0 0
198 173 0 0 0 0 0 0 0 0
199 173 0 0 0 0 0 0 0 0
200 173 0 0 0 0 0 0 0 0
205 12 0 0 0 0 0 0 0 0
206 36 0 0 0 0 0 0 0 0
215 139 5 1 0 0 0 0 0 0
216 139 0 0 0 0 0 0 0 0
217 139 0 0 0 0 0 0 0 0
218 139 0 0 0 0 0 0 0 0
219 139 0 0 0 0 0 0 0 0
220 139 0 0 0 0 0 0 0 0
221 139 0 0 0 0 0 0 0 0
222 139 0 0 0 0 0 0 0 0
223 132 0 0 0 0 0 0 0 0
224 75 0 0 0 0 0 0 0 0
225 75 0 0 0 0 0 0 0 0
226 75 0 0 0 0 0 0 0 0
228 132 0 0 0 0 0 0 0 0
229 132 0 0 0 0 0 0 0 0
230 132 0 0 0 0 0 0 0 0
231 132 0 0 132 8 2 0 0 0
232 132 0 0 0 0 0 0 0 0
233 132 0 0 0 0 0 0 0 0
243 7 2 1 7 4 2 0 0 0
244 7 0 0 0 0 0 0 0 0
245 7 0 0 0 0 0 0 0 0
247 7 0 0 7 3 2 0 0 0
253 7 0 0 0 0 0 0 0 0
254 7 0 0 0 0 0 0 0 0
255 7 0 0 0 0 0 0 0 0
256 7 0 0 0 0 0 0 0 0
257 7 0 0 0 0 0 0 0 0
262 7 0 0 0 0 0 0 0 0
264 5 0 0 0 0 0 0 0 0
265 5 0 0 0 0 0 0 0 0
266 10 0 0 0 0 0 0 0 0
274 5 1 1 5 2 1 0 0 0
275 5 0 0 5 0 0 0 0 0
278 5 0 0 0 0 0 0 0 0
279 5 0 0 0 0 0 0 0 0
280 5 0 0 0 0 0 0 0 0
281 5 0 0 0 0 0 0 0 0
282 5 0 0 0 0 0 0 0 0
283 5 0 0 0 0 0 0 0 0
444 2 1 1 0 0 0 0 0 0
445 2 0 0 2 0 0 0 0 0
446 2 0 0 2 1 0 0 0 0
447 2 0 0 0 0 0 0 0 0
448 2 0 0 0 0 0 0 0 0
450 2 0 0 0 0 0 0 0 0
451 2 0 0 0 0 0 0 0 0
452 2 1 1 0 0 0 0 0 0
453 2 0 0 0 0 0 0 0 0
454 2 0 0 0 0 0 0 0 0
455 2 0 0 0 0 0 0 0 0
456 2 0 0 0 0 0 0 0 0
457 2 0 0 2 0 0 0 0 0
460 2 0 0 0 0 0 0 0 0
461 2 0 0 0 0 0 0 0 0
462 2 0 0 0 0 0 0 0 0
468 2 0 0 0 0 0 0 0 0
469 2 0 0 0 0 0 0 0 0
470 4 0 0 0 0 0 0 0 0
474 2 1 1 0 0 0 0 0 0
475 2 0 0 0 0 0 0 0 0
478 2 0 0 2 1 1 0 0 0
479 2 0 0 2 0 0 0 0 0
480 2 0 0 0 0 0 0 0 0
483 2 0 0 0 0 0 0 0 0
484 2 0 0 0 0 0 0 0 0
485 2 0 0 0 0 0 0 0 0
491 2 0 0 0 0 0 0 0 0
492 2 0 0 0 0 0 0 0 0
493 2 0 0 0 0 0 0 0 0
494 2 0 0 0 0 0 0 0 0
495 2 0 0 0 0 0 0 0 0
496 2 1 1 0 0 0 0 0 0
503 2 0 0 0 0 0 0 0 0
504 2 0 0 0 0 0 0 0 0
506 2 0 0 0 0 0 0 0 0
507 2 0 0 0 0 0 0 0 0
509 2 0 0 2 0 0 0 0 0
510 2 0 0 2 0 0 0 0 0
511 2 0 0 0 0 0 0 0 0
514 2 0 0 0 0 0 0 0 0
515 2 0 0 0 0 0 0 0 0
516 2 0 0 0 0 0 0 0 0
522 2 0 0 0 0 0 0 0 0
523 2 0 0 0 0 0 0 0 0
524 2 0 0 0 0 0 0 0 0
525 2 0 0 0 0 0 0 0 0
526 2 1 1 0 0 0 0 0 0
527 2 0 0 0 0 0 0 0 0
568 1 1 1 0 0 0 0 0 0
569 1 0 0 1 1 1 0 0 0
570 1 0 0 1 0 0 0 0 0
571 1 0 0 0 0 0 0 0 0
572 1 0 0 0 0 0 0 0 0
574 1 0 0 0 0 0 0 0 0
575 1 0 0 0 0 0 0 0 0
576 1 1 1 0 0 0 0 0 0
577 1 0 0 0 0 0 0 0 0
578 1 0 0 0 0 0 0 0 0
579 1 0 0 0 0 0 0 0 0
580 1 0 0 0 0 0 0 0 0
581 1 0 0 1 0 0 0 0 0
585 1 0 0 0 0 0 0 0 0
586 1 0 0 0 0 0 0 0 0
587 1 0 0 0 0 0 0 0 0
593 1 0 0 0 0 0 0 0 0
594 1 0 0 0 0 0 0 0 0
595 2 0 0 0 0 0 0 0 0
599 1 1 1 0 0 0 0 0 0
600 1 0 0 0 0 0 0 0 0
603 1 0 0 1 0 0 0 0 0
604 1 0 0 1 1 1 0 0 0
605 1 0 0 0 0 0 0 0 0
608 1 0 0 0 0 0 0 0 0
609 1 0 0 0 0 0 0 0 0
610 1 0 0 0 0 0 0 0 0
616 1 0 0 0 0 0 0 0 0
617 1 0 0 0 0 0 0 0 0
618 1 0 0 0 0 0 0 0 0
619 1 0 0 0 0 0 0 0 0
620 1 0 0 0 0 0 0 0 0
621 1 1 1 0 0 0 0 0 0
943 3 1 1 0 0 0 0 0 0
944 3 0 0 3 0 0 0 0 0
945 3 0 0 3 1 0 0 0 0
946 3 0 0 0 0 0 0 0 0
947 3 0 0 0 0 0 0 0 0
949 3 0 0 0 0 0 0 0 0
950 3 0 0 0 0 0 0 0 0
951 3 1 1 0 0 0 0 0 0
952 3 0 0 0 0 0 0 0 0
953 3 0 0 0 0 0 0 0 0
954 3 0 0 0 0 0 0 0 0
955 3 0 0 0 0 0 0 0 0
956 3 0 0 3 0 0 0 0 0
960 3 0 0 0 0 0 0 0 0
961 3 0 0 0 0 0 0 0 0
962 3 0 0 0 0 0 0 0 0
968 3 0 0 0 0 0 0 0 0
969 3 0 0 0 0 0 0 0 0
970 6 0 0 0 0 0 0 0 0
974 3 1 1 0 0 0 0 0 0
975 3 0 0 0 0 0 0 0 0
978 3 0 0 3 1 1 0 0 0
979 3 0 0 3 1 1 0 0 0
980 3 0 0 0 0 0 0 0 0
983 3 0 0 0 0 0 0 0 0
984 3 0 0 0 0 0 0 0 0
985 3 0 0 0 0 0 0 0 0
991 3 0 0 0 0 0 0 0 0
992 3 0 0 0 0 0 0 0 0
993 3 0 0 0 0 0 0 0 0
994 3 0 0 0 0 0 0 0 0
995 3 0 0 0 0 0 0 0 0
996 3 1 1 0 0 0 0 0 0
1068 9 1 1 0 0 0 0 0 0
1069 9 0 0 9 2 1 0 0 0
1070 9 0 0 9 1 1 0 0 0
1071 9 0 0 0 0 0 0 0 0
1072 9 0 0 0 0 0 0 0 0
1074 9 0 0 0 0 0 0 0 0
1075 9 0 0 0 0 0 0 0 0
1076 9 1 1 0 0 0 0 0 0
1077 9 0 0 0 0 0 0 0 0
1078 9 0 0 0 0 0 0 0 0
1079 9 0 0 0 0 0 0 0 0
1080 9 0 0 0 0 0 0 0 0
1081 4 0 0 4 0 0 0 0 0
1085 4 0 0 0 0 0 0 0 0
1086 4 0 0 0 0 0 0 0 0
1087 4 0 0 0 0 0 0 0 0
1093 4 0 0 0 0 0 0 0 0
1094 4 0 0 0 0 0 0 0 0
1095 8 0 0 0 0 0 0 0 0
1099 4 1 1 0 0 0 0 0 0
1100 4 0 0 0 0 0 0 0 0
1103 4 0 0 4 1 1 0 0 0
1104 4 0 0 4 1 1 0 0 0
1105 4 0 0 0 0 0 0 0 0
1108 4 0 0 0 0 0 0 0 0
1109 4 0 0 0 0 0 0 0 0
1110 4 0 0 0 0 0 0 0 0
1116 4 0 0 0 0 0 0 0 0
1117 4 0 0 0 0 0 0 0 0
1118 4 0 0 0 0 0 0 0 0
1119 4 0 0 0 0 0 0 0 0
1120 4 0 0 0 0 0 0 0 0
1121 4 1 1 0 0 0 0 0 0
1128 1 0 0 0 0 0 0 0 0
1129 1 0 0 0 0 0 0 0 0
1131 1 0 0 0 0 0 0 0 0
1132 1 0 0 0 0 0 0 0 0
1134 1 0 0 1 0 0 0 0 0
1135 1 0 0 1 0 0 0 0 0
1136 1 0 0 0 0 0 0 0 0
1139 1 0 0 0 0 0 0 0 0
1140 1 0 0 0 0 0 0 0 0
1141 1 0 0 0 0 0 0 0 0
1147 1 0 0 0 0 0 0 0 0
1148 1 0 0 0 0 0 0 0 0
1149 1 0 0 0 0 0 0 0 0
1150 1 0 0 0 0 0 0 0 0
1151 1 1 1 0 0 0 0 0 0
1152 1 0 0 0 0 0 0 0 0
1193 4 3 1 0 0 0 0 0 0
1194 4 0 0 4 0 0 0 0 0
1195 4 0 0 4 1 1 0 0 0
1196 4 0 0 0 0 0 0 0 0
1197 4 0 0 0 0 0 0 0 0
1199 4 0 0 0 0 0 0 0 0
1200 4 0 0 0 0 0 0 0 0
1201 4 2 1 0 0 0 0 0 0
1202 4 0 0 0 0 0 0 0 0
1203 4 0 0 0 0 0 0 0 0
1204 4 0 0 0 0 0 0 0 0
1205 4 0 0 0 0 0 0 0 0
1206 1 0 0 1 0 0 0 0 0
1210 1 0 0 0 0 0 0 0 0
1211 1 0 0 0 0 0 0 0 0
1212 1 0 0 0 0 0 0 0 0
1218 1 0 0 0 0 0 0 0 0
1219 1 0 0 0 0 0 0 0 0
1220 2 0 0 0 0 0 0 0 0
1224 1 1 1 0 0 0 0 0 0
1225 1 0 0 0 0 0 0 0 0
1228 1 0 0 1 1 0 0 0 0
1229 1 0 0 1 0 0 0 0 0
1230 1 0 0 0 0 0 0 0 0
1233 1 0 0 0 0 0 0 0 0
1234 1 0 0 0 0 0 0 0 0
1235 1 0 0 0 0 0 0 0 0
1241 1 0 0 0 0 0 0 0 0
1242 1 0 0 0 0 0 0 0 0
1243 1 0 0 0 0 0 0 0 0
1244 1 0 0 0 0 0 0 0 0
1245 1 0 0 0 0 0 0 0 0
1246 1 1 1 0 0 0 0 0 0
1318 32 4 1 0 0 0 0 0 0
1319 32 0 0 32 6 1 0 0 0
1320 32 0 0 32 4 0 0 0 0
1321 32 0 0 0 0 0 0 0 0
1322 32 0 0 0 0 0 0 0 0
1324 32 0 0 0 0 0 0 0 0
1325 32 0 0 0 0 0 0 0 0
1326 32 4 1 0 0 0 0 0 0
1327 32 0 0 0 0 0 0 0 0
1328 32 0 0 0 0 0 0 0 0
1329 32 0 0 0 0 0 0 0 0
1330 32 0 0 0 0 0 0 0 0
1331 31 0 0 31 0 0 0 0 0
1335 31 0 0 0 0 0 0 0 0
1336 31 0 0 0 0 0 0 0 0
1337 31 0 0 0 0 0 0 0 0
1343 31 0 0 0 0 0 0 0 0
1344 31 0 0 0 0 0 0 0 0
1345 62 0 0 0 0 0 0 0 0
1349 31 4 1 0 0 0 0 0 0
1350 31 0 0 0 0 0 0 0 0
1353 31 0 0 31 0 0 0 0 0
1354 31 0 0 31 4 2 0 0 0
1355 31 0 0 0 0 0 0 0 0
1358 31 0 0 0 0 0 0 0 0
1359 31 0 0 0 0 0 0 0 0
1360 31 0 0 0 0 0 0 0 0
1366 31 0 0 0 0 0 0 0 0
1367 31 0 0 0 0 0 0 0 0
1368 31 0 0 0 0 0 0 0 0
1369 31 0 0 0 0 0 0 0 0
1370 31 0 0 0 0 0 0 0 0
1371 31 4 1 0 0 0 0 0 0
1443 6 1 1 0 0 0 0 0 0
1444 6 0 0 6 3 3 0 0 0
1445 6 0 0 6 0 0 0 0 0
1446 6 0 0 0 0 0 0 0 0
1447 6 0 0 0 0 0 0 0 0
1449 6 0 0 0 0 0 0 0 0
1450 6 0 0 0 0 0 0 0 0
1451 6 2 1 0 0 0 0 0 0
1452 6 0 0 0 0 0 0 0 0
1453 6 0 0 0 0 0 0 0 0
1454 6 0 0 0 0 0 0 0 0
1455 6 0 0 0 0 0 0 0 0
1456 4 0 0 4 0 0 0 0 0
1460 4 0 0 0 0 0 0 0 0
1461 4 0 0 0 0 0 0 0 0
1462 4 0 0 0 0 0 0 0 0
1468 4 0 0 0 0 0 0 0 0
1469 4 0 0 0 0 0 0 0 0
1470 8 0 0 0 0 0 0 0 0
1474 4 1 1 0 0 0 0 0 0
1475 4 0 0 0 0 0 0 0 0
1478 4 0 0 4 0 0 0 0 0
1479 4 0 0 4 2 2 0 0 0
1480 4 0 0 0 0 0 0 0 0
1483 4 0 0 0 0 0 0 0 0
1484 4 0 0 0 0 0 0 0 0
1485 4 0 0 0 0 0 0 0 0
1491 4 0 0 0 0 0 0 0 0
1492 4 0 0 0 0 0 0 0 0
1493 4 0 0 0 0 0 0 0 0
1494 4 0 0 0 0 0 0 0 0
1495 4 0 0 0 0 0 0 0 0
1496 4 1 1 0 0 0 0 0 0
1503 1 0 0 0 0 0 0 0 0
1504 1 0 0 0 0 0 0 0 0
1506 1 0 0 0 0 0 0 0 0
1507 1 0 0 0 0 0 0 0 0
1509 1 0 0 1 0 0 0 0 0
1510 1 0 0 1 0 0 0 0 0
1511 1 0 0 0 0 0 0 0 0
1514 1 0 0 0 0 0 0 0 0
1515 1 0 0 0 0 0 0 0 0
1516 1 0 0 0 0 0 0 0 0
1522 1 0 0 0 0 0 0 0 0
1523 1 0 0 0 0 0 0 0 0
1524 1 0 0 0 0 0 0 0 0
1525 1 0 0 0 0 0 0 0 0
1526 1 1 1 0 0 0 0 0 0
1527 1 0 0 0 0 0 0 0 0
1568 26 1 1 0 0 0 0 0 0
1569 26 0 0 26 0 0 0 0 0
1570 26 0 0 26 3 0 0 0 0
1571 26 0 0 0 0 0 0 0 0
1572 26 0 0 0 0 0 0 0 0
1574 26 0 0 0 0 0 0 0 0
1575 26 0 0 0 0 0 0 0 0
1576 26 1 1 0 0 0 0 0 0
1577 26 0 0 0 0 0 0 0 0
1578 26 0 0 0 0 0 0 0 0
1579 26 0 0 0 0 0 0 0 0
1580 26 0 0 0 0 0 0 0 0
1581 13 0 0 13 0 0 0 0 0
1585 13 0 0 0 0 0 0 0 0
1586 13 0 0 0 0 0 0 0 0
1587 13 0 0 0 0 0 0 0 0
1593 13 0 0 0 0 0 0 0 0
1594 13 0 0 0 0 0 0 0 0
1595 26 0 0 0 0 0 0 0 0
1599 13 1 1 0 0 0 0 0 0
1600 13 0 0 0 0 0 0 0 0
1603 13 0 0 13 2 0 0 0 0
1604 13 0 0 13 0 0 0 0 0
1605 13 0 0 0 0 0 0 0 0
1608 13 0 0 0 0 0 0 0 0
1609 13 0 0 0 0 0 0 0 0
1610 13 0 0 0 0 0 0 0 0
1616 13 0 0 0 0 0 0 0 0
1617 13 0 0 0 0 0 0 0 0
1618 13 0 0 0 0 0 0 0 0
1619 13 0 0 0 0 0 0 0 0
1620 13 0 0 0 0 0 0 0 0
1621 13 2 1 0 0 0 0 0 0
1693 8 1 1 0 0 0 0 0 0
1694 8 0 0 8 3 2 0 0 0
1695 8 0 0 8 3 1 0 0 0
1696 8 0 0 0 0 0 0 0 0
1697 8 0 0 0 0 0 0 0 0
1699 8 0 0 0 0 0 0 0 0
1700 8 0 0 0 0 0 0 0 0
1701 8 1 1 0 0 0 0 0 0
1702 8 0 0 0 0 0 0 0 0
1703 8 0 0 0 0 0 0 0 0
1704 8 0 0 0 0 0 0 0 0
1705 8 0 0 0 0 0 0 0 0
1706 5 0 0 5 0 0 0 0 0
1710 5 0 0 0 0 0 0 0 0
1711 5 0 0 0 0 0 0 0 0
1712 5 0 0 0 0 0 0 0 0
1718 5 0 0 0 0 0 0 0 0
1719 5 0 0 0 0 0 0 0 0
1720 10 0 0 0 0 0 0 0 0
1724 5 1 1 0 0 0 0 0 0
1725 5 0 0 0 0 0 0 0 0
1728 5 0 0 5 2 2 0 0 0
1729 5 0 0 5 1 1 0 0 0
1730 5 0 0 0 0 0 0 0 0
1733 5 0 0 0 0 0 0 0 0
1734 5 0 0 0 0 0 0 0 0
1735 5 0 0 0 0 0 0 0 0
1741 5 0 0 0 0 0 0 0 0
1742 5 0 0 0 0 0 0 0 0
1743 5 0 0 0 0 0 0 0 0
1744 5 0 0 0 0 0 0 0 0
1745 5 0 0 0 0 0 0 0 0
1746 5 2 1 0 0 0 0 0 0
1818 17 2 1 0 0 0 0 0 0
1819 17 0 0 17 3 3 0 0 0
1820 17 0 0 17 1 1 0 0 0
1821 17 0 0 0 0 0 0 0 0
1822 17 0 0 0 0 0 0 0 0
1824 17 0 0 0 0 0 0 0 0
1825 17 0 0 0 0 0 0 0 0
1826 17 3 1 0 0 0 0 0 0
1827 17 0 0 0 0 0 0 0 0
1828 17 0 0 0 0 0 0 0 0
1829 17 0 0 0 0 0 0 0 0
1830 17 0 0 0 0 0 0 0 0
1831 2 0 0 2 0 0 0 0 0
1835 2 0 0 0 0 0 0 0 0
1836 2 0 0 0 0 0 0 0 0
1837 2 0 0 0 0 0 0 0 0
1843 2 0 0 0 0 0 0 0 0
1844 2 0 0 0 0 0 0 0 0
1845 4 0 0 0 0 0 0 0 0
1849 2 1 1 0 0 0 0 0 0
1850 2 0 0 0 0 0 0 0 0
1853 2 0 0 2 0 0 0 0 0
1854 2 0 0 2 0 0 0 0 0
1855 2 0 0 0 0 0 0 0 0
1858 2 0 0 0 0 0 0 0 0
1859 2 0 0 0 0 0 0 0 0
1860 2 0 0 0 0 0 0 0 0
1866 2 0 0 0 0 0 0 0 0
1867 2 0 0 0 0 0 0 0 0
1868 2 0 0 0 0 0 0 0 0
1869 2 0 0 0 0 0 0 0 0
1870 2 0 0 0 0 0 0 0 0
1871 2 1 1 0 0 0 0 0 0
1878 2 0 0 0 0 0 0 0 0
1879 2 0 0 0 0 0 0 0 0
1881 2 0 0 0 0 0 0 0 0
1882 2 0 0 0 0 0 0 0 0
1884 2 0 0 2 0 0 0 0 0
1885 2 0 0 2 1 1 0 0 0
1886 2 0 0 0 0 0 0 0 0
1889 2 0 0 0 0 0 0 0 0
1890 2 0 0 0 0 0 0 0 0
1891 2 0 0 0 0 0 0 0 0
1897 2 0 0 0 0 0 0 0 0
1898 2 0 0 0 0 0 0 0 0
1899 2 0 0 0 0 0 0 0 0
1900 2 0 0 0 0 0 0 0 0
1901 2 1 1 0 0 0 0 0 0
1902 2 0 0 0 0 0 0 0 0
1943 5 1 1 0 0 0 0 0 0
1944 5 0 0 5 1 0 0 0 0
1945 5 0 0 5 2 1 0 0 0
1946 5 0 0 0 0 0 0 0 0
1947 5 0 0 0 0 0 0 0 0
1949 5 0 0 0 0 0 0 0 0
1950 5 0 0 0 0 0 0 0 0
1951 5 1 1 0 0 0 0 0 0
1952 5 0 0 0 0 0 0 0 0
1953 5 0 0 0 0 0 0 0 0
1954 5 0 0 0 0 0 0 0 0
1955 5 0 0 0 0 0 0 0 0
1956 4 0 0 4 0 0 0 0 0
1960 4 0 0 0 0 0 0 0 0
1961 4 0 0 0 0 0 0 0 0
1962 4 0 0 0 0 0 0 0 0
1968 4 0 0 0 0 0 0 0 0
1969 4 0 0 0 0 0 0 0 0
1970 8 0 0 0 0 0 0 0 0
1974 4 1 1 0 0 0 0 0 0
1975 4 0 0 0 0 0 0 0 0
1978 4 0 0 4 1 0 0 0 0
1979 4 0 0 4 0 0 0 0 0
1980 4 0 0 0 0 0 0 0 0
1983 4 0 0 0 0 0 0 0 0
1984 4 0 0 0 0 0 0 0 0
1985 4 0 0 0 0 0 0 0 0
1991 4 0 0 0 0 0 0 0 0
1992 4 0 0 0 0 0 0 0 0
1993 4 0 0 0 0 0 0 0 0
1994 4 0 0 0 0 0 0 0 0
1995 4 0 0 0 0 0 0 0 0
1996 4 1 1 0 0 0 0 0 0
2068 19 1 1 0 0 0 0 0 0
2069 19 0 0 19 2 1 0 0 0
2070 19 0 0 19 4 4 0 0 0
2071 19 0 0 0 0 0 0 0 0
2072 19 0 0 0 0 0 0 0 0
2074 19 0 0 0 0 0 0 0 0
2075 19 0 0 0 0 0 0 0 0
2076 19 1 1 0 0 0 0 0 0
2077 19 0 0 0 0 0 0 0 0
2078 19 0 0 0 0 0 0 0 0
2079 19 0 0 0 0 0 0 0 0
2080 19 0 0 0 0 0 0 0 0
2082 8 0 0 8 0 0 0 0 0
2086 8 0 0 0 0 0 0 0 0
2087 8 0 0 0 0 0 0 0 0
2088 8 0 0 0 0 0 0 0 0
2094 8 0 0 0 0 0 0 0 0
2095 8 0 0 0 0 0 0 0 0
2097 16 0 0 0 0 0 0 0 0
2101 8 1 1 0 0 0 0 0 0
2102 8 0 0 0 0 0 0 0 0
2105 8 0 0 8 3 3 0 0 0
2106 8 0 0 8 2 2 0 0 0
2107 8 0 0 0 0 0 0 0 0
2110 8 0 0 0 0 0 0 0 0
2111 8 0 0 0 0 0 0 0 0
2112 8 0 0 0 0 0 0 0 0
2118 8 0 0 0 0 0 0 0 0
2119 8 0 0 0 0 0 0 0 0
2120 8 0 0 0 0 0 0 0 0
2121 8 0 0 0 0 0 0 0 0
2122 8 0 0 0 0 0 0 0 0
2123 8 1 1 0 0 0 0 0 0
2197 83 4 0 0 0 0 0 0 0
2199 139 1 1 0 0 0 0 0 0
2200 139 0 0 0 0 0 0 0 0
2201 139 0 0 0 0 0 0 0 0
2202 139 0 0 0 0 0 0 0 0
2203 150 0 0 0 0 0 0 0 0
2208 300 5 1 0 0 0 0 0 0
2214 300 0 0 300 0 0 0 0 0
2215 300 0 0 300 0 0 0 0 0
2223 300 0 0 0 0 0 0 0 0
2224 300 0 0 300 0 0 0 0 0
fl=./string/../sysdeps/x86_64/strcspn.S
fn=strcspn
25 1 1 1 0 0 0 0 0 0
27 1 0 0 0 0 0 0 0 0
34 1 0 0 0 0 0 0 0 0
35 1 1 1 0 0 0 0 0 0
37 1 0 0 0 0 0 0 0 0
38 1 0 0 0 0 0 0 0 0
39 1 0 0 0 0 0 0 0 0
40 1 0 0 0 0 0 0 0 0
41 33 0 0 0 0 0 32 4 4
44 3 0 0 0 0 0 0 0 0
51 1 0 0 1 1 1 0 0 0
52 1 0 0 0 0 0 0 0 0
53 1 0 0 0 0 0 0 0 0
54 1 0 0 0 0 0 1 0 0
56 1 0 0 1 0 0 0 0 0
57 1 0 0 0 0 0 0 0 0
58 1 0 0 0 0 0 0 0 0
59 1 0 0 0 0 0 1 0 0
61 1 0 0 1 0 0 0 0 0
62 1 0 0 0 0 0 0 0 0
63 1 0 0 0 0 0 0 0 0
72 3 1 1 0 0 0 0 0 0
84 13 0 0 0 0 0 0 0 0
86 13 0 0 13 1 1 0 0 0
87 13 0 0 13 0 0 0 0 0
88 13 0 0 0 0 0 0 0 0
90 13 0 0 13 0 0 0 0 0
91 13 0 0 13 0 0 0 0 0
92 13 0 0 0 0 0 0 0 0
94 13 0 0 13 0 0 0 0 0
95 13 0 0 13 0 0 0 0 0
96 13 0 0 0 0 0 0 0 0
98 13 0 0 13 0 0 0 0 0
99 13 0 0 13 0 0 0 0 0
100 13 0 0 0 0 0 0 0 0
102 1 0 0 0 0 0 0 0 0
103 1 0 0 0 0 0 0 0 0
104 1 0 0 0 0 0 0 0 0
106 1 0 0 0 0 0 0 0 0
113 1 0 0 0 0 0 0 0 0
117 1 0 0 1 0 0 0 0 0
fl=./string/./string/strdup.c
fn=strdup
40 20 1 1 0 0 0 8 0 0
41 8 0 0 0 0 0 4 0 0
44 8 0 0 0 0 0 0 0 0
47 16 0 0 0 0 0 0 0 0
48 12 0 0 8 0 0 0 0 0
fl=./sunrpc/./sunrpc/rpc_thread.c
fn=__rpc_thread_destroy
21 16 4 1 0 0 0 8 0 0
22 8 0 0 8 4 0 0 0 0
24 8 0 0 0 0 0 0 0 0
39 16 4 1 12 0 0 0 0 0
fl=./time/../sysdeps/unix/sysv/linux/clock_gettime.c
fn=clock_gettime@@GLIBC_2.17
30 2 2 1 0 0 0 0 0 0
38 4 0 0 4 3 0 0 0 0
40 4 0 0 0 0 0 0 0 0
44 2 0 0 0 0 0 0 0 0
68 4 2 1 0 0 0 0 0 0
69 4 0 0 0 0 0 0 0 0
86 2 0 0 2 0 0 0 0 0
fl=./wcsmbs/../sysdeps/x86_64/multiarch/ifunc-avx2.h
fn=wcschr
32 4 0 0 0 0 0 0 0 0
33 10 1 1 4 0 0 0 0 0
34 6 0 0 2 0 0 0 0 0
36 4 0 0 0 0 0 0 0 0
37 4 0 0 0 0 0 0 0 0
40 6 0 0 0 0 0 0 0 0
43 8 0 0 0 0 0 0 0 0
fn=wcscmp
32 2 0 0 0 0 0 0 0 0
33 5 1 1 2 0 0 0 0 0
34 3 0 0 1 0 0 0 0 0
36 2 0 0 0 0 0 0 0 0
37 2 0 0 0 0 0 0 0 0
40 3 0 0 0 0 0 0 0 0
43 4 0 0 0 0 0 0 0 0
fl=./wcsmbs/../sysdeps/x86_64/multiarch/ifunc-evex.h
fn=wmemchr
34 4 0 0 0 0 0 0 0 0
35 10 1 1 4 0 0 0 0 0
36 6 0 0 2 0 0 0 0 0
38 4 0 0 0 0 0 0 0 0
39 4 1 1 0 0 0 0 0 0
41 4 0 0 0 0 0 0 0 0
47 6 0 0 0 0 0 0 0 0
50 8 0 0 0 0 0 0 0 0
fl=./wcsmbs/../sysdeps/x86_64/multiarch/ifunc-memcmp.h
fn=wmemcmp
34 4 0 0 2 0 0 0 0 0
35 3 0 0 1 0 0 0 0 0
36 2 1 1 0 0 0 0 0 0
37 3 0 0 1 0 0 0 0 0
39 2 0 0 0 0 0 0 0 0
40 2 0 0 0 0 0 0 0 0
43 3 0 0 0 0 0 0 0 0
46 3 0 0 0 0 0 0 0 0
fl=./wcsmbs/../sysdeps/x86_64/multiarch/ifunc-wcslen.h
fn=wcslen
33 2 0 0 0 0 0 0 0 0
34 4 0 0 2 0 0 0 0 0
35 3 1 1 1 0 0 0 0 0
37 2 0 0 0 0 0 0 0 0
38 2 0 0 0 0 0 0 0 0
41 3 0 0 0 0 0 0 0 0
44 3 0 0 0 0 0 0 0 0
fn=wcsnlen
33 2 0 0 0 0 0 0 0 0
34 4 0 0 2 0 0 0 0 0
35 3 1 1 1 0 0 0 0 0
37 2 0 0 0 0 0 0 0 0
38 2 0 0 0 0 0 0 0 0
41 3 0 0 0 0 0 0 0 0
44 3 0 0 0 0 0 0 0 0
fl=./wcsmbs/../sysdeps/x86_64/multiarch/ifunc-wmemset.h
fn=wmemset
33 10 0 0 4 0 0 0 0 0
34 6 0 0 2 0 0 0 0 0
36 4 0 0 0 0 0 0 0 0
44 6 0 0 0 0 0 0 0 0
47 8 1 1 0 0 0 0 0 0
fl=./wcsmbs/../sysdeps/x86_64/multiarch/wcschr.c
fn=wcschr
31 6 2 2 2 0 0 0 0 0
fl=./wcsmbs/../sysdeps/x86_64/multiarch/wcscmp.c
fn=wcscmp
30 3 1 1 1 0 0 0 0 0
fl=./wcsmbs/../sysdeps/x86_64/multiarch/wcscpy.c
fn=wcscpy
37 5 1 1 2 0 0 0 0 0
43 2 0 0 1 0 0 0 0 0
fl=./wcsmbs/../sysdeps/x86_64/multiarch/wcslen.c
fn=wcslen
29 3 1 1 1 0 0 0 0 0
fl=./wcsmbs/../sysdeps/x86_64/multiarch/wcsnlen.c
fn=wcsnlen
29 3 2 2 1 0 0 0 0 0
fl=./wcsmbs/../sysdeps/x86_64/multiarch/wmemchr.c
fn=wmemchr
31 4 1 1 2 0 0 0 0 0
fl=./wcsmbs/../sysdeps/x86_64/multiarch/wmemcmp.c
fn=wmemcmp
29 3 2 2 1 0 0 0 0 0
fl=./wcsmbs/../sysdeps/x86_64/multiarch/wmemset.c
fn=wmemset
31 4 1 1 2 0 0 0 0 0
fl=/nfs/elsrv4/users3/grad/manishamanis/cs690pf/project-manishakaler-1/coz/third_party/sqlite-3.7.17/sqlite3.c
fn=allocateBtreePage
22237 2131 0 0 0 0 0 2131 0 0
45094 2131 0 0 2131 0 0 0 0 0
51107 4262 2109 1 2131 0 0 2131 0 0
51108 2131 0 0 0 0 0 2131 0 0
51109 2131 0 0 0 0 0 2131 0 0
51110 2131 0 0 0 0 0 2131 0 0
51111 10655 0 0 0 0 0 2131 0 0
51140 12786 5 1 2131 1 0 2131 0 0
51141 4262 0 0 0 0 0 0 0 0
51142 6393 0 0 4262 4 0 2131 4 0
51166 6393 0 0 4262 0 0 2131 0 0
54499 29834 2230 2 2131 0 0 21310 0 0
54510 2131 0 0 2131 0 0 0 0 0
54512 4262 0 0 2131 5 0 0 0 0
54514 6393 0 0 0 0 0 0 0 0
54517 4262 566 1 0 0 0 0 0 0
54742 10655 101 1 2131 0 0 0 0 0
54744 6393 0 0 2131 0 0 2131 0 0
54745 4262 0 0 0 0 0 0 0 0
54746 6393 0 0 2131 0 0 2131 0 0
54747 12786 6 1 4262 73 0 0 0 0
54750 4262 0 0 2131 0 0 0 0 0
54768 6393 7 1 4262 0 0 0 0 0
54769 6393 0 0 4262 0 0 2131 0 0
54774 4262 0 0 0 0 0 2131 0 0
54775 4262 0 0 0 0 0 0 0 0
54787 10655 2109 1 8524 0 0 0 0 0
54791 6393 0 0 0 0 0 2131 0 0
54797 25572 106 2 19179 3 0 0 0 0
fn=allocateCursor
53203 100004 0 0 0 0 0 0 0 0
64990 1300052 7 1 0 0 0 700028 0 0
65009 700028 0 0 200008 0 0 0 0 0
65012 100004 0 0 0 0 0 0 0 0
65015 400016 0 0 0 0 0 0 0 0
65016 300012 0 0 0 0 0 100004 0 0
65019 500020 569 1 200008 0 0 0 0 0
65023 600024 100003 1 0 0 0 100004 0 0
65024 300012 0 0 200008 0 0 100004 0 0
65026 200008 0 0 100004 0 0 100004 0 0
65027 100004 0 0 0 0 0 100004 0 0
65028 200008 0 0 0 0 0 0 0 0
65029 300012 0 0 100004 0 0 100004 0 0
65031 200008 124 1 0 0 0 0 0 0
65032 100004 0 0 0 0 0 100004 0 0
65033 300012 0 0 200008 0 0 0 0 0
65038 900036 0 0 700028 0 0 0 0 0
fn=applyAffinity
65085 2500040 2114 1 0 0 0 1000016 0 0
65086 1000016 0 0 0 0 0 0 0 0
65091 500030 8 1 100006 0 0 0 0 0
65094 200012 0 0 0 0 0 100006 0 0
65095 800004 0 0 0 0 0 0 0 0
65098 400002 0 0 0 0 0 400002 0 0
65099 1200006 0 0 400002 0 0 0 0 0
65103 1500024 0 0 1500024 0 0 0 0 0
fn=applyNumericAffinity
65046 4400022 102115 2 400002 0 0 2800014 0 0
65047 1200006 0 0 400002 0 0 0 0 0
65050 200000 0 0 100000 0 0 0 0 0
65051 200000 0 0 0 0 0 0 0 0
65061 4400022 0 0 3600018 0 0 0 0 0
fn=assemblePage
55328 27170 8 2 0 0 0 22230 0 0
55332 2470 0 0 2470 0 0 0 0 0
55333 4940 0 0 2470 0 0 2470 0 0
55334 9880 0 0 4940 0 0 2470 0 0
55346 2470 0 0 2470 0 0 0 0 0
55348 156054 4 1 0 0 0 0 0 0
55349 119004 0 0 79336 1 0 0 0 0
55351 39668 0 0 0 0 0 0 0 0
55352 238008 4 1 0 0 0 158672 7 0
55353 79336 0 0 0 0 0 0 0 0
55355 9880 0 0 4940 0 0 4940 0 0
55356 9880 0 0 4940 0 0 4940 0 0
55357 22230 2108 1 7410 0 0 4940 0 0
55358 2470 0 0 0 0 0 2470 0 0
55359 19760 0 0 17290 0 0 0 0 0
fn=autoIncBegin
90301 4 0 0 0 0 0 0 0 0
90302 8 4 0 4 0 0 0 0 0
90322 4 0 0 4 0 0 0 0 0
fn=balance
22237 4922 0 0 2227 0 0 2461 23 0
37001 702 0 0 234 0 0 351 0 0
37008 234 0 0 0 0 0 117 0 0
50448 81372 0 0 234 0 0 0 0 0
50450 26812 117 1 13406 0 0 0 0 0
50451 26812 0 0 0 0 0 0 0 0
50452 117 0 0 0 0 0 0 0 0
50453 234 117 1 117 0 0 0 0 0
50458 132890 0 0 66445 0 0 0 0 0
51213 9840 0 0 4216 0 0 0 0 0
51219 9390 2108 1 4695 0 0 4695 0 0
55182 1575 0 0 225 0 0 225 0 0
55402 2108 0 0 2108 0 0 0 0 0
55412 4216 0 0 0 0 0 0 0 0
55418 18972 2108 1 0 0 0 4216 0 0
55420 4216 0 0 0 0 0 0 0 0
55422 2108 0 0 0 0 0 0 0 0
55423 6324 0 0 4216 8 0 2108 0 0
55424 4216 2108 1 0 0 0 4216 0 0
55429 8432 0 0 2108 0 0 2108 0 0
55430 10540 0 0 0 0 0 2108 0 0
55441 10540 4 1 4216 0 0 0 0 0
55442 2108 0 0 0 0 0 0 0 0
55461 25296 0 0 14756 21 0 0 0 0
55462 2108 4 1 0 0 0 0 0 0
55463 10540 0 0 2108 1 0 0 0 0
55464 2108 0 0 0 0 0 0 0 0
55465 58135 0 0 5991 0 0 5991 8 0
55468 25296 2108 1 6324 4 0 4216 0 0
55472 2108 0 0 2108 0 0 0 0 0
55478 2108 0 0 2108 0 0 0 0 0
55542 16 0 0 0 0 0 4 0 0
55633 117 0 0 0 0 0 117 0 0
55634 936 0 0 351 0 0 234 0 0
55639 117 0 0 0 0 0 117 0 0
55645 468 26 1 0 0 0 351 0 0
55646 468 0 0 117 0 0 117 0 0
55660 117 0 0 117 0 0 0 0 0
55676 234 0 0 0 0 0 0 0 0
55691 351 117 1 234 1 0 0 0 0
55692 234 0 0 0 0 0 0 0 0
55693 8 0 0 0 0 0 8 0 0
55696 218 0 0 0 0 0 0 0 0
55698 218 109 0 109 0 0 0 0 0
55699 436 109 1 218 0 0 109 0 0
55704 327 0 0 0 0 0 109 0 0
55706 343 8 1 0 0 0 117 0 0
55707 109 0 0 0 0 0 0 0 0
55708 593 335 2 234 0 0 125 0 0
55712 1170 234 2 117 0 0 468 0 0
55714 3078 8 2 684 0 0 1026 0 0
55715 684 0 0 0 0 0 0 0 0
55719 2394 117 1 1710 14 0 0 0 0
55720 684 0 0 0 0 0 0 0 0
55722 1350 0 0 450 0 0 0 0 0
55728 4050 116 1 1350 0 0 675 0 0
55729 225 116 1 0 0 0 225 0 0
55730 1575 0 0 0 0 0 675 0 0
55744 900 0 0 675 0 0 0 0 0
55763 819 117 1 234 0 0 117 0 0
55768 351 0 0 117 0 0 117 0 0
55773 468 0 0 117 0 0 0 0 0
55774 234 0 0 0 0 0 234 0 0
55775 234 0 0 0 0 0 0 0 0
55779 234 0 0 117 0 0 0 0 0
55780 351 0 0 117 0 0 117 0 0
55799 585 117 1 234 0 0 234 0 0
55800 351 0 0 117 0 0 117 0 0
55801 2061 222 2 1485 0 0 0 0 0
55808 2736 117 1 2052 0 0 342 0 0
55809 1125 0 0 450 0 0 225 0 0
55810 684 0 0 0 0 0 342 0 0
55811 342 117 1 342 0 0 0 0 0
55813 1368 0 0 684 0 0 342 0 0
55814 684 0 0 0 0 0 0 0 0
55815 40803 117 1 13523 0 0 117 0 0
55817 13406 0 0 0 0 0 13406 1384 1093
55818 40218 1 1 0 0 0 26812 277 216
55819 234 0 0 234 0 0 0 0 0
55823 225 0 0 225 0 0 0 0 0
55824 225 0 0 225 0 0 0 0 0
55825 73422 7 1 24399 0 0 0 0 0
55827 246240 232 2 97371 0 0 24849 2325 1747
55828 72522 0 0 0 0 0 48348 779 685
55829 900 0 0 450 0 0 0 0 0
55832 1476 116 0 909 0 0 0 0 0
55833 450 116 1 450 0 0 0 0 0
55836 900 0 0 450 0 0 225 4 4
55837 675 116 1 450 0 0 0 0 0
55838 675 0 0 0 0 0 225 0 0
55841 225 0 0 0 0 0 0 0 0
55842 1485 0 0 450 0 0 693 18 16
55844 675 116 1 450 0 0 225 0 0
55845 450 0 0 225 0 0 0 0 0
55858 675 0 0 450 0 0 0 0 0
55878 702 117 1 585 0 0 0 0 0
55879 114468 117 1 351 0 0 0 0 0
55881 113415 0 0 37805 0 0 0 0 0
55882 75610 0 0 0 0 0 0 0 0
55883 735 0 0 0 0 0 245 0 0
55884 245 0 0 0 0 0 245 0 0
55885 490 0 0 0 0 0 0 0 0
55886 245 0 0 0 0 0 0 0 0
55887 245 0 0 0 0 0 0 0 0
55888 490 0 0 0 0 0 0 0 0
55891 468 0 0 0 0 0 234 0 0
55892 234 117 1 117 0 0 117 0 0
55893 234 0 0 0 0 0 117 0 0
55905 2501 234 2 234 0 0 0 0 0
55906 245 0 0 0 0 0 0 0 0
55907 245 0 0 245 0 0 0 0 0
55911 490 0 0 245 0 0 0 0 0
55912 490 0 0 0 0 0 0 0 0
55915 245 0 0 0 0 0 0 0 0
55916 46985 117 1 6292 0 0 0 0 0
55918 2961 0 0 20 0 0 0 0 0
55919 100 0 0 20 0 0 0 0 0
55920 8763 0 0 0 0 0 2921 0 0
55921 2921 0 0 0 0 0 0 0 0
55922 5842 0 0 0 0 0 0 0 0
55924 245 0 0 0 0 0 245 0 0
55925 245 0 0 0 0 0 245 0 0
55949 351 0 0 234 0 0 0 0 0
55953 1287 117 1 585 0 0 468 0 0
55954 1565 234 2 362 0 0 0 0 0
55956 724 0 0 0 0 0 0 0 0
55957 1710 0 0 684 0 0 684 0 0
55958 684 0 0 0 0 0 342 0 0
55959 1026 117 1 342 1 0 684 0 0
55961 684 0 0 0 0 0 0 0 0
55964 200 0 0 40 0 0 40 0 0
55965 40 0 0 0 0 0 0 0 0
55966 80 0 0 20 0 0 20 0 0
55970 40 0 0 20 0 0 0 0 0
55981 585 234 2 351 0 0 117 0 0
56003 1799 238 3 351 0 0 0 0 0
56004 735 0 0 490 0 0 0 0 0
56006 1908 0 0 0 0 0 0 0 0
56007 1564 0 0 782 0 0 0 0 0
56012 490 0 0 0 0 0 0 0 0
56027 1170 4 1 351 0 0 468 0 0
56034 1086 0 0 362 0 0 0 0 0
56036 724 117 1 724 0 0 0 0 0
56038 1086 0 0 362 0 0 362 0 0
56039 3620 117 1 1086 0 0 362 0 0
56049 958 0 0 362 0 0 0 0 0
56055 980 0 0 490 0 0 0 0 0
56056 1086 117 1 607 0 0 117 0 0
56057 735 117 1 490 0 0 0 0 0
56058 490 0 0 245 0 0 0 0 0
56059 245 0 0 245 0 0 0 0 0
56090 245 0 0 245 0 0 0 0 0
56093 2205 117 1 735 0 0 490 0 0
56094 1225 0 0 735 0 0 0 0 0
56097 245 0 0 0 0 0 0 0 0
56098 490 0 0 0 0 0 245 0 0
56104 702 52 2 468 0 0 0 0 0
56105 234 234 2 234 0 0 0 0 0
56106 234 0 0 234 0 0 0 0 0
56109 468 0 0 234 0 0 0 0 0
56130 234 117 1 117 0 0 0 0 0
56178 468 0 0 0 0 0 351 0 0
56245 234 0 0 117 0 0 117 0 0
56246 1035 4 1 117 0 0 0 0 0
56247 1620 26 1 810 0 0 117 0 0
56249 1554 0 0 117 0 0 0 0 0
56250 362 0 0 362 0 0 0 0 0
56253 117 117 1 117 0 0 0 0 0
56281 2 0 0 0 0 0 2 0 0
56282 2 2 1 0 0 0 2 0 0
56283 2 0 0 2 0 0 0 0 0
56292 8 0 0 2 0 0 4 0 0
56293 4 0 0 0 0 0 0 0 0
56294 18 3 2 4 0 0 4 0 0
56295 2 0 0 2 0 0 0 0 0
56296 6 2 1 4 0 0 0 0 0
56300 6 0 0 2 0 0 0 0 0
56312 2 0 0 0 0 0 0 0 0
56313 4 0 0 4 0 0 0 0 0
56314 2 0 0 0 0 0 0 0 0
56316 8 1 1 4 0 0 2 0 0
56319 8 0 0 4 0 0 2 0 0
56320 2 0 0 2 0 0 0 0 0
56322 4 0 0 2 0 0 2 0 0
56336 18972 2108 1 0 0 0 14756 0 0
56338 18972 2108 1 6324 0 0 4216 0 0
56340 2108 0 0 0 0 0 2108 0 0
56346 17336 0 0 6443 0 0 4333 4 0
56347 17449 4216 2 6558 17 0 4333 0 0
56349 8670 0 0 0 0 0 0 0 0
56350 9160 0 0 8670 0 0 0 0 0
56359 6 0 0 2 0 0 2 0 0
56360 8 2 1 0 0 0 6 0 0
56367 15640 2108 1 5595 4 0 0 0 0
56370 11125 2108 1 6675 0 0 0 0 0
56371 2443 0 0 2225 0 0 109 0 0
56373 6675 0 0 2225 1 0 4450 0 0
56374 4450 0 0 0 0 0 0 0 0
56376 6675 2108 1 4450 0 0 0 0 0
56377 4216 0 0 2108 0 0 0 0 0
56378 8432 2108 1 4216 0 0 0 0 0
56379 4216 0 0 2108 0 0 0 0 0
56380 4216 0 0 2108 0 0 0 0 0
56396 2108 0 0 0 0 0 0 0 0
56417 234 117 1 234 2 0 0 0 0
56418 234 0 0 117 0 0 117 0 0
56419 351 0 0 117 0 0 0 0 0
56434 4450 2108 1 2225 0 0 2225 0 0
56438 11125 0 0 4450 11 0 4450 0 0
56440 4452 0 0 0 0 0 0 0 0
56442 6324 2106 0 2108 0 0 0 0 0
56446 25296 0 0 18972 37 0 0 0 0
fn=bestBtreeIndex
75315 18 2 1 2 0 0 0 0 0
104671 12 3 1 6 0 0 0 0 0
104826 24 0 0 6 0 0 0 0 0
104827 8 2 1 4 0 0 0 0 0
104828 6 0 0 0 0 0 0 0 0
106065 3 0 0 0 0 0 0 0 0
106066 9 3 1 3 0 0 0 0 0
106067 36 0 0 0 0 0 0 0 0
106068 15 0 0 0 0 0 0 0 0
106069 15 0 0 0 0 0 0 0 0
106250 3 0 0 3 0 0 0 0 0
106260 15 3 1 6 0 0 0 0 0
106268 3 0 0 3 0 0 0 0 0
107293 2 0 0 0 0 0 2 0 0
107296 4 2 1 2 0 0 2 0 0
107298 4 0 0 2 0 0 2 0 0
107299 4 0 0 2 0 0 2 0 0
107306 6 0 0 2 0 0 0 0 0
107308 4 0 0 0 0 0 2 0 0
107326 4 2 1 2 0 0 2 0 0
107328 6 0 0 2 0 0 2 0 0
107333 6 0 0 4 0 0 2 0 0
107334 10 2 1 2 0 0 2 0 0
107351 30 4 2 6 0 0 8 0 0
107365 6 0 0 2 0 0 4 0 0
107366 10 0 0 4 0 0 0 0 0
107372 8 2 1 2 0 0 0 0 0
107382 2 0 0 0 0 0 0 0 0
107389 8 2 1 2 0 0 0 0 0
107406 6 0 0 2 0 0 2 0 0
107410 14 0 0 6 0 0 2 0 0
107412 4 0 0 0 0 0 0 0 0
107441 2 2 1 0 0 0 0 0 0
107448 6 0 0 2 0 0 0 0 0
107454 2 0 0 2 0 0 0 0 0
107455 2 0 0 0 0 0 0 0 0
107456 4 0 0 0 0 0 0 0 0
107474 28 6 3 14 0 0 2 0 0
107487 6 2 1 2 0 0 2 0 0
107495 6 2 1 6 0 0 0 0 0
107496 4 0 0 0 0 0 0 0 0
107497 8 2 1 4 0 0 0 0 0
107531 27 3 1 0 0 0 18 0 0
107532 12 0 0 6 0 0 6 0 0
107533 6 0 0 3 0 0 3 0 0
107534 6 3 1 3 0 0 3 0 0
107535 6 0 0 3 0 0 3 0 0
107542 3 0 0 0 0 0 3 0 0
107552 6 0 0 3 0 0 3 0 0
107559 9 3 1 3 0 0 3 0 0
107562 15 0 0 0 0 0 3 0 0
107565 9 0 0 3 0 0 0 0 0
107577 6 3 1 0 0 0 3 0 0
107578 6 0 0 0 0 0 3 0 0
107579 6 0 0 0 0 0 3 0 0
107580 3 0 0 0 0 0 3 0 0
107581 9 3 1 6 0 0 3 0 0
107582 6 3 1 3 0 0 3 0 0
107583 3 0 0 0 0 0 3 0 0
107585 6 0 0 3 0 0 0 0 0
107588 9 0 0 3 0 0 6 0 0
107590 3 0 0 0 0 0 0 0 0
107591 3 0 0 0 0 0 3 0 0
107594 6 3 1 0 0 0 3 0 0
107598 16 3 1 5 0 0 5 0 0
107599 12 0 0 3 0 0 3 0 0
107605 9 3 1 3 0 0 3 0 0
107606 15 3 1 3 0 0 6 0 0
107611 27 6 2 3 0 0 3 0 0
107682 6 0 0 0 0 0 3 0 0
107683 3 3 1 0 0 0 3 0 0
107684 7 0 0 3 0 0 3 0 0
107685 3 3 2 0 0 0 3 0 0
107686 7 2 1 2 0 0 5 0 0
107687 3 0 0 0 0 0 0 0 0
107688 3 0 0 0 0 0 0 0 0
107699 6 0 0 3 0 0 3 0 0
107702 27 2 1 9 0 0 1 0 0
107703 6 6 2 3 0 0 0 0 0
107704 21 0 0 12 0 0 3 0 0
107705 6 0 0 0 0 0 0 0 0
107706 4 0 0 1 0 0 1 0 0
107708 3 1 1 1 0 0 0 0 0
107719 2 0 0 0 0 0 0 0 0
107725 2 0 0 2 0 0 0 0 0
107737 8 1 1 1 0 0 0 0 0
107740 3 0 0 1 0 0 0 0 0
107741 3 0 0 0 0 0 1 0 0
107742 3 0 0 1 0 0 0 0 0
107743 2 0 0 0 0 0 1 0 0
107746 4 0 0 2 0 0 0 0 0
107748 6 2 1 4 0 0 0 0 0
107749 18 2 1 6 0 0 2 0 0
107757 3 3 1 0 0 0 0 0 0
107775 15 1 0 7 0 0 0 0 0
107779 4 0 0 2 0 0 2 0 0
107782 10 2 1 2 0 0 0 0 0
107783 2 0 0 2 0 0 0 0 0
107784 6 2 1 0 0 0 2 0 0
107786 4 2 1 2 0 0 0 0 0
107787 2 0 0 0 0 0 2 0 0
107788 2 0 0 2 0 0 0 0 0
107790 6 0 0 2 0 0 0 0 0
107796 6 3 2 3 0 0 0 0 0
107798 3 1 0 3 0 0 0 0 0
107809 6 0 0 0 0 0 0 0 0
107819 1 1 1 0 0 0 0 0 0
107829 21 0 0 9 0 0 0 0 0
107830 12 3 1 6 0 0 0 0 0
107862 3 0 0 3 0 0 0 0 0
107863 15 3 1 3 0 0 3 0 0
107878 12 0 0 0 0 0 0 0 0
107890 6 3 1 0 0 0 0 0 0
107907 9 3 1 0 0 0 0 0 0
107909 6 0 0 0 0 0 0 0 0
107910 6 0 0 0 0 0 0 0 0
107916 6 0 0 3 0 0 0 0 0
107929 12 6 2 0 0 0 3 0 0
107939 9 3 1 6 3 1 0 0 0
107944 6 0 0 0 0 0 0 0 0
107966 12 0 0 4 0 0 0 0 0
107968 2 0 0 0 0 0 0 0 0
107972 4 2 1 4 0 0 0 0 0
107973 18 0 0 7 0 0 0 0 0
107974 2 1 1 1 0 0 0 0 0
107975 4 0 0 2 0 0 0 0 0
107976 3 0 0 1 0 0 0 0 0
107977 2 0 0 0 0 0 0 0 0
107984 4 1 0 2 0 0 0 0 0
107990 3 0 0 0 0 0 1 0 0
108005 4 1 1 0 0 0 0 0 0
108021 6 0 0 0 0 0 0 0 0
108022 18 3 1 9 0 0 9 0 0
108023 6 0 0 6 0 0 0 0 0
108024 3 0 0 0 0 0 3 0 0
108029 9 3 1 6 0 0 0 0 0
108041 10 0 0 6 0 0 0 0 0
108056 9 0 0 0 0 0 6 0 0
108058 9 0 0 3 0 0 3 0 0
108059 33 0 0 27 0 0 0 0 0
fn=bestOrClauseIndex
104826 12 0 0 3 0 0 0 0 0
104827 6 0 0 3 0 0 0 0 0
104828 9 0 0 0 0 0 0 0 0
106130 36 3 1 3 0 0 21 0 0
106132 3 0 0 3 0 0 0 0 0
106133 3 0 0 3 0 0 0 0 0
106134 3 0 0 3 0 0 0 0 0
106135 3 3 1 3 0 0 0 0 0
106136 15 3 1 6 0 0 0 0 0
106141 12 3 1 6 0 0 0 0 0
106144 6 0 0 3 0 0 0 0 0
106149 14 2 1 0 0 0 0 0 0
106150 4 0 0 2 0 0 0 0 0
106183 4 0 0 0 0 0 2 2 0
106217 33 0 0 27 0 0 0 0 0
fn=binCollFunc
115465 14 1 1 0 0 0 7 0 0
115467 3 0 0 0 0 0 0 0 0
115468 6 1 1 0 0 0 2 0 0
115469 2 0 0 0 0 0 0 0 0
115470 2 0 0 1 0 0 0 0 0
115476 2 1 1 0 0 0 0 0 0
115480 8 0 0 7 0 0 0 0 0
fn=bindText
19541 700000 0 0 100000 0 0 0 0 0
19546 300000 100000 1 100000 0 0 0 0 0
58827 500000 0 0 200000 0 0 0 0 0
58828 100000 0 0 0 0 0 0 0 0
64227 1400000 200000 2 0 0 0 800000 0 0
64232 300000 0 0 0 0 0 100000 0 0
64233 200000 0 0 0 0 0 0 0 0
64234 200000 0 0 0 0 0 0 0 0
64235 400000 0 0 100000 0 0 0 0 0
64236 800000 1512 1 200000 0 0 100000 0 0
64237 400000 0 0 0 0 0 0 0 0
64238 400000 0 0 400000 71 0 0 0 0
64240 400000 100000 1 0 0 0 100000 0 0
64241 100000 0 0 100000 0 0 0 0 0
64243 200000 0 0 100000 0 0 100000 0 0
64248 900000 0 0 700000 0 0 0 0 0
fn=btreeCreateTable
56739 13 2 2 1 0 0 8 0 0
56740 1 0 0 1 0 0 0 0 0
56756 2 0 0 1 0 0 0 0 0
56865 7 1 1 0 0 0 2 0 0
56866 2 0 0 0 0 0 0 0 0
56870 1 0 0 0 0 0 0 0 0
56873 4 0 0 0 0 0 0 0 0
56875 3 1 1 1 0 0 1 0 0
56876 2 0 0 1 0 0 1 0 0
56878 3 0 0 2 0 0 1 0 0
56879 2 0 0 0 0 0 0 0 0
56880 11 1 1 9 0 0 0 0 0
fn=btreeEndTransaction
49925 100002 0 0 0 0 0 0 0 0
49931 300006 0 0 100002 1 0 0 0 0
49947 200004 0 0 100002 0 0 0 0 0
49948 100001 0 0 0 0 0 100001 0 0
49949 200002 5 1 100001 0 0 0 0 0
49950 100004 1 1 100002 0 0 0 0 0
51219 200004 0 0 100002 5 0 100002 0 0
52100 300018 1 1 100006 0 0 0 0 0
52105 100002 0 0 0 0 0 100002 0 0
52820 700028 6 1 0 0 0 400016 0 0
52821 100004 0 0 100004 0 0 0 0 0
52825 100004 0 0 0 0 0 100004 0 0
52827 500014 123 1 300008 0 0 0 0 0
52840 200004 123 0 0 0 0 100002 0 0
52841 200004 0 0 0 0 0 0 0 0
52842 100002 0 0 0 0 0 100002 0 0
52848 100004 0 0 0 0 0 100004 0 0
52853 600024 0 0 500020 0 0 0 0 0
fn=btreeGetPage
45094 293923 0 0 293923 0 0 0 0 0
51107 587846 0 0 293923 0 0 293923 142 0
51108 293923 0 0 0 0 0 293923 42 0
51109 293923 0 0 0 0 0 293923 0 0
51110 293923 0 0 0 0 0 293923 0 0
51111 1469615 0 0 0 0 0 293923 74 0
51132 3820999 6 1 293923 0 0 1469615 0 0
51135 293923 0 0 0 0 0 0 0 0
51136 293923 0 0 0 0 0 0 0 0
51140 881769 0 0 293923 0 0 293923 0 0
51141 587846 0 0 0 0 0 0 0 0
51142 587846 6 1 293923 0 0 293923 53 2
51144 2645307 0 0 2057461 0 0 0 0 0
fn=btreeInitPage.part.0
50956 18 2 1 0 0 0 12 0 0
50976 2 2 1 2 0 0 0 0 0
50978 2 0 0 2 0 0 0 0 0
50979 2 0 0 2 0 0 0 0 0
50980 8 0 0 2 0 0 2 0 0
50982 6 0 0 2 0 0 2 0 0
50983 2 0 0 0 0 0 2 0 0
50984 2 0 0 2 0 0 0 0 0
50985 14 2 1 2 0 0 2 0 0
50986 6 0 0 0 0 0 2 0 0
50987 6 0 0 0 0 0 2 0 0
50988 14 1 1 4 0 0 0 0 0
50989 10 0 0 4 0 0 2 0 0
50990 14 0 0 0 0 0 0 0 0
51003 4 0 0 0 0 0 0 0 0
51004 2 0 0 0 0 0 0 0 0
51029 6 1 1 4 0 0 0 0 0
51030 4 0 0 2 0 0 0 0 0
51031 4 0 0 0 0 0 0 0 0
51055 4 2 1 0 0 0 0 0 0
51058 4 1 1 0 0 0 2 0 0
51059 4 0 0 0 0 0 2 0 0
51062 18 1 1 14 0 0 0 0 0
fn=btreeMoveto
50230 1500030 126 2 100002 0 0 700014 0 0
50236 200004 0 0 0 0 0 0 0 0
50246 500010 123 1 200004 0 0 0 0 0
50251 700014 0 0 600012 0 0 0 0 0
fn=btreeParseCellPtr
50474 2600039 200005 2 200003 0 0 1200018 0 0
50480 200003 0 0 0 0 0 200003 0 0
50482 400006 0 0 200003 0 0 0 0 0
50484 400006 0 0 200003 0 0 0 0 0
50485 400006 0 0 200003 0 0 0 0 0
50486 1800027 100002 1 200003 9 0 200003 0 0
50490 1200018 0 0 0 0 0 200003 0 0
50491 400006 568 1 0 0 0 200003 0 0
50497 200003 0 0 0 0 0 200003 0 0
50498 200003 0 0 0 0 0 200003 0 0
50501 600009 100002 1 200003 0 0 0 0 0
50505 400006 0 0 0 0 0 0 0 0
50506 600009 0 0 0 0 0 200003 0 0
50507 600009 0 0 0 0 0 400006 0 0
50535 2000030 0 0 1600024 0 0 0 0 0
fn=cellSizePtr
50552 439054 4218 2 39914 0 0 199570 0 0
50553 79828 0 0 39914 3 0 0 0 0
50565 79828 0 0 39914 0 0 0 0 0
50567 79828 0 0 39914 0 0 0 0 0
50568 52568 2109 1 39914 4 0 0 0 0
50576 39914 0 0 0 0 0 0 0 0
50577 566654 0 0 113332 1 0 0 0 0
50584 119742 0 0 39914 0 0 0 0 0
50594 79828 2109 1 0 0 0 0 0 0
50602 119742 0 0 0 0 0 0 0 0
50603 359226 0 0 279398 0 0 0 0 0
fn=clearCell
54942 13 1 1 1 0 0 7 0 0
54943 1 0 0 1 0 0 0 0 0
54951 2 0 0 0 0 0 1 0 0
54952 3 0 0 1 0 0 0 0 0
54953 2 1 1 0 0 0 0 0 0
55002 12 1 1 9 0 0 0 0 0
fn=clearSelect
96093 16 2 1 0 0 0 8 0 0
96094 4 0 0 2 0 0 2 0 0
96095 6 2 1 2 0 0 2 0 0
96096 6 0 0 2 0 0 2 0 0
96097 6 0 0 2 0 0 2 0 0
96098 6 0 0 2 0 0 2 0 0
96099 6 0 0 2 0 0 2 0 0
96100 2 0 0 2 0 0 0 0 0
96101 6 2 1 2 0 0 2 0 0
96102 6 0 0 2 0 0 0 0 0
96103 10 0 0 8 0 0 0 0 0
96176 4 0 0 0 0 0 0 0 0
fn=codeCompare.isra.0
60078 1 0 0 1 0 0 0 0 0
60081 3 0 0 1 0 0 0 0 0
60086 2 0 0 0 0 0 1 0 0
60087 4 0 0 1 0 0 0 0 0
60088 1 0 0 0 0 0 1 0 0
60089 1 0 0 0 0 0 1 0 0
60090 2 1 1 1 0 0 1 0 0
60091 2 0 0 1 0 0 1 0 0
60092 2 0 0 1 0 0 1 0 0
60093 1 0 0 0 0 0 1 0 0
60094 1 0 0 0 0 0 1 0 0
60131 4 0 0 0 0 0 1 0 0
60503 3 0 0 1 0 0 0 0 0
60505 2 0 0 1 0 0 0 0 0
75380 2 0 0 0 0 0 1 0 0
75381 4 0 0 0 0 0 0 0 0
75398 5 1 1 0 0 0 0 0 0
75446 3 0 0 0 0 0 1 0 0
75447 2 0 0 1 0 0 1 0 0
75486 14 1 1 0 0 0 8 0 0
75499 2 0 0 0 0 0 1 0 0
75501 1 1 1 1 0 0 0 0 0
75503 1 0 0 1 0 0 0 0 0
75505 8 0 0 7 0 0 0 0 0
fn=codeEqualityTerm
108189 12 1 1 0 0 0 8 0 0
108190 1 0 0 1 0 0 0 0 0
108191 1 0 0 1 0 0 0 0 0
108195 3 1 1 1 0 0 0 0 0
108196 5 1 1 1 0 0 1 0 0
108249 3 1 1 1 0 0 1 0 0
108251 9 1 1 7 0 0 0 0 0
fn=codeOffset
96537 14 2 1 0 0 0 10 0 0
96538 6 0 0 2 0 0 0 0 0
96546 14 0 0 12 0 0 0 0 0
fn=columnMem
63879 15 1 1 0 0 0 9 0 0
63884 21 0 0 6 0 0 0 0 0
63885 15 2 2 6 0 0 6 0 0
63886 15 0 0 6 0 0 0 0 0
63913 3 0 0 0 0 0 0 0 0
63916 18 0 0 12 0 0 0 0 0
fn=columnName
64044 36 1 1 0 0 0 18 0 0
64048 3 0 0 3 0 0 0 0 0
64051 3 0 0 0 0 0 3 0 0
64052 12 0 0 0 0 0 0 0 0
64053 6 1 1 0 0 0 0 0 0
64054 6 0 0 3 0 0 3 0 0
64056 21 0 0 3 0 0 3 0 0
64060 6 0 0 3 0 0 0 0 0
64064 6 0 0 3 0 0 3 0 0
64067 27 0 0 21 0 0 0 0 0
fn=columnType
95719 30 0 0 6 0 0 0 0 0
95720 12 2 1 6 0 0 0 0 0
97142 54 4 2 6 0 0 30 0 0
97143 6 0 0 0 0 0 0 0 0
97144 6 0 0 0 0 0 6 0 0
97145 6 0 0 0 0 0 6 0 0
97146 6 0 0 0 0 0 6 0 0
97148 36 0 0 6 0 0 0 0 0
97150 54 2 1 6 0 0 0 0 0
97159 6 0 0 6 0 0 0 0 0
97162 36 0 0 0 0 0 0 0 0
97164 60 4 2 18 0 0 0 0 0
97166 30 0 0 6 0 0 0 0 0
97167 6 0 0 6 0 0 0 0 0
97173 12 2 1 0 0 0 0 0 0
97195 12 0 0 0 0 0 0 0 0
97212 18 2 1 6 0 0 0 0 0
97215 12 0 0 0 0 0 0 0 0
97221 30 0 0 12 0 0 0 0 0
97222 12 2 1 6 0 0 6 0 0
97224 12 0 0 6 0 0 6 0 0
97225 18 0 0 6 0 0 0 0 0
97226 6 0 0 6 0 0 0 0 0
97227 30 0 0 12 0 0 6 0 0
97251 12 0 0 0 0 0 0 0 0
97253 12 0 0 6 0 0 6 0 0
97254 12 0 0 6 0 0 6 0 0
97255 12 0 0 6 0 0 6 0 0
97258 60 2 1 42 0 0 0 0 0
fn=computeLimitRegisters
97588 22 2 1 2 0 0 14 0 0
97593 6 0 0 2 0 0 0 0 0
97601 4 0 0 0 0 0 2 0 0
97603 6 0 0 2 0 0 0 0 0
97637 26 2 1 18 0 0 0 0 0
fn=convertCompoundSelectToSubquery
99355 22 4 2 2 0 0 12 0 0
99365 6 0 0 2 0 0 0 0 0
99396 20 2 1 16 0 0 0 0 0
fn=copyNodeContent.part.0
50964 4 0 0 0 0 0 2 0 0
55541 22 4 2 0 0 0 14 0 0
55543 2 0 0 2 0 0 0 0 0
55544 2 0 0 2 0 0 0 0 0
55545 2 0 0 2 0 0 0 0 0
55546 2 0 0 2 0 0 0 0 0
55547 6 0 0 2 0 0 0 0 0
55557 10 0 0 4 0 0 2 0 0
55558 10 1 1 2 0 0 0 0 0
55559 14 0 0 6 0 0 0 0 0
55566 2 0 0 0 0 0 2 0 0
55568 4 1 1 0 0 0 0 0 0
55576 4 0 0 2 0 0 0 0 0
55580 16 0 0 14 0 0 0 0 0
fn=createCollation
21320 10 0 0 0 0 0 0 0 0
21321 107 1 1 34 3 2 0 0 0
21322 15 0 0 0 0 0 0 0 0
86231 40 2 2 0 0 0 20 0 0
86237 51 1 1 10 0 0 0 0 0
116733 65 1 1 0 0 0 35 0 0
116744 5 0 0 0 0 0 0 0 0
116747 20 0 0 0 0 0 0 0 0
116750 15 0 0 0 0 0 0 0 0
116759 4 0 0 2 0 0 0 0 0
116790 5 0 0 0 0 0 5 0 0
116791 10 0 0 5 0 0 5 0 0
116792 5 0 0 0 0 0 5 0 0
116793 15 0 0 0 0 0 5 0 0
116794 25 1 1 0 0 0 5 0 0
116795 5 0 0 0 0 0 0 0 0
116796 40 0 0 35 0 0 0 0 0
fn=decodeFlags
50926 7428 2109 1 0 0 0 2476 0 0
50927 2476 0 0 0 0 0 0 0 0
50928 9904 0 0 0 0 0 2476 0 0
50929 2476 0 0 2476 0 0 0 0 0
50930 4952 2109 1 0 0 0 0 0 0
50931 2476 2109 1 0 0 0 2476 0 0
50932 2476 0 0 0 0 0 2476 0 0
50933 4952 0 0 2476 0 0 2476 0 0
50934 4952 0 0 2476 0 0 2476 0 0
50943 4952 0 0 2476 0 0 2476 0 0
50944 2476 0 0 0 0 0 0 0 0
50945 2476 1 0 2476 0 0 0 0 0
fn=disableTerm
108118 2 1 1 0 0 0 0 0 0
108119 3 0 0 1 0 0 0 0 0
108120 3 0 0 1 0 0 0 0 0
108122 2 0 0 0 0 0 1 0 0
108123 3 0 0 1 0 0 0 0 0
108130 1 0 0 1 0 0 0 0 0
fn=dropCell.part.0
50840 452 117 1 226 0 0 0 0 0
50855 226 0 0 226 0 0 0 0 0
50856 452 0 0 0 0 0 0 0 0
50857 226 0 0 0 0 0 0 0 0
50859 2938 5 1 452 0 0 0 0 0
50865 452 0 0 0 0 0 0 0 0
50869 904 0 0 0 0 0 678 0 0
50870 904 0 0 0 0 0 452 0 0
50871 904 117 1 0 0 0 452 0 0
50872 226 0 0 226 0 0 0 0 0
50876 2938 0 0 452 0 0 0 0 0
50880 1808 0 0 452 0 0 0 0 0
50881 1356 117 1 452 0 0 0 0 0
50882 1356 0 0 0 0 0 0 0 0
50884 678 0 0 226 0 0 0 0 0
50898 2486 260 3 1356 0 0 0 0 0
50900 678 0 0 0 0 0 0 0 0
50901 226 0 0 0 0 0 0 0 0
50902 2034 0 0 904 0 0 0 0 0
50903 452 0 0 0 0 0 452 0 0
55174 2260 117 1 0 0 0 1582 0 0
55188 226 117 1 226 0 0 0 0 0
55189 678 0 0 226 0 0 0 0 0
55190 226 0 0 226 0 0 0 0 0
55191 452 0 0 226 0 0 226 0 0
55194 3390 99 1 904 0 0 226 0 0
55199 226 0 0 0 0 0 0 0 0
55203 1130 5 1 452 0 0 0 0 0
55205 452 0 0 0 0 0 0 0 0
55209 452 117 1 0 0 0 226 0 0
55210 904 0 0 452 0 0 452 0 0
55211 226 0 0 226 0 0 0 0 0
55212 1808 0 0 1582 0 0 0 0 0
fn=evalConstExpr
76436 3 0 0 0 0 0 3 0 0
76437 6 1 1 0 0 0 3 0 0
76438 6 0 0 0 0 0 3 0 0
76439 6 0 0 0 0 0 3 0 0
76440 3 0 0 3 0 0 0 0 0
78539 6 1 1 0 0 0 0 0 0
78542 2 0 0 1 0 0 0 0 0
78586 27 1 1 3 0 0 12 0 0
78587 3 0 0 3 0 0 0 0 0
78588 31 1 1 3 0 0 0 0 0
78616 3 1 1 1 0 0 1 0 0
78617 3 0 0 0 0 0 1 0 0
78622 2 0 0 1 0 0 1 0 0
78623 1 0 0 0 0 0 1 0 0
78624 1 0 0 0 0 0 1 0 0
78625 2 0 0 0 0 0 0 0 0
78628 27 0 0 18 0 0 0 0 0
fn=exprAnalyze.isra.0
75315 34 6 3 6 0 0 0 0 0
88747 4 2 1 0 0 0 0 0 0
104982 6 0 0 2 0 0 0 0 0
104983 2 0 0 0 0 0 0 0 0
104984 4 0 0 0 0 0 0 0 0
104985 2 0 0 0 0 0 0 0 0
104988 10 2 1 0 0 0 0 0 0
105596 18 4 2 0 0 0 14 0 0
105606 2 0 0 0 0 0 2 0 0
105611 8 0 0 4 0 0 4 0 0
105612 4 0 0 2 0 0 2 0 0
105614 4 0 0 2 0 0 0 0 0
105617 14 2 1 2 0 0 2 0 0
105618 4 0 0 2 0 0 0 0 0
105619 2 0 0 2 0 0 0 0 0
105621 12 2 1 2 0 0 6 0 0
105622 6 0 0 2 0 0 2 0 0
105623 4 0 0 0 0 0 0 0 0
105630 6 0 0 2 0 0 0 0 0
105633 8 2 1 2 0 0 4 0 0
105635 8 0 0 0 0 0 2 0 0
105636 4 0 0 2 0 0 0 0 0
105642 2 0 0 0 0 0 2 0 0
105644 2 0 0 0 0 0 2 0 0
105645 4 2 1 0 0 0 2 0 0
105646 4 0 0 0 0 0 0 0 0
105648 2 0 0 2 0 0 0 0 0
105649 12 0 0 4 0 0 0 0 0
105650 4 0 0 0 0 0 0 0 0
105651 4 2 1 2 0 0 2 0 0
105652 4 0 0 2 0 0 2 0 0
105653 6 0 0 0 0 0 2 0 0
105655 8 0 0 2 0 0 0 0 0
105755 4 2 1 2 0 0 0 0 0
105892 14 2 1 4 0 0 0 0 0
105893 22 0 0 18 0 0 0 0 0
fn=exprNodeIsConstant
76396 8 2 1 0 0 0 0 0 0
76401 40 2 1 16 0 0 0 0 0
76406 56 0 0 8 0 0 0 0 0
76420 4 0 0 0 0 0 4 0 0
76421 8 1 0 0 0 0 0 0 0
76427 16 2 1 8 0 0 0 0 0
fn=exprSetHeight
75535 140 0 0 0 0 0 0 0 0
75536 12 0 0 6 0 0 0 0 0
75537 4 2 1 0 0 0 2 0 0
75542 105 0 0 35 0 0 0 0 0
75569 245 14 2 35 0 0 70 0 0
75570 35 0 0 0 0 0 35 0 0
75571 35 0 0 35 0 0 0 0 0
75572 35 0 0 35 0 0 0 0 0
75573 70 7 1 35 0 0 0 0 0
75574 35 0 0 35 0 0 0 0 0
75578 70 7 1 0 0 0 35 0 0
75579 175 0 0 140 0 0 0 0 0
fn=exprTableUsage
104826 24 4 2 4 0 0 0 0 0
104827 8 0 0 4 0 0 0 0 0
104828 12 0 0 0 0 0 0 0 0
104863 144 2 1 0 0 0 108 0 0
104865 52 0 0 0 0 0 0 0 0
104866 40 2 1 10 0 0 0 0 0
104867 4 0 0 4 0 0 0 0 0
104870 18 0 0 6 0 0 6 0 0
104871 24 0 0 6 0 0 6 0 0
104872 12 0 0 6 0 0 0 0 0
104875 6 0 0 6 0 0 0 0 0
104878 162 2 1 126 0 0 0 0 0
104882 12 0 0 0 0 0 0 0 0
fn=exprWalkNoop
21425 99 2 1 33 0 0 0 0 0
fn=findCollSeqEntry
21320 22 0 0 0 0 0 0 0 0
21321 236 1 1 75 0 0 0 0 0
21322 33 0 0 0 0 0 0 0 0
86174 121 1 1 0 0 0 66 0 0
86177 77 0 0 0 0 0 22 0 0
86179 44 0 0 0 0 0 0 0 0
86180 12 0 0 0 0 0 3 0 0
86181 6 0 0 0 0 0 0 0 0
86183 6 0 0 0 0 0 3 0 0
86184 3 0 0 0 0 0 3 0 0
86185 3 0 0 0 0 0 3 0 0
86186 3 0 0 0 0 0 3 0 0
86187 3 1 1 0 0 0 3 0 0
86188 3 0 0 0 0 0 3 0 0
86189 3 0 0 0 0 0 0 0 0
86190 3 0 0 0 0 0 3 0 0
86191 15 0 0 3 0 0 3 0 0
86198 6 0 0 0 0 0 0 0 0
86206 99 1 1 77 0 0 0 0 0
fn=findElementGivenHash
22588 312 10 1 0 0 0 195 1 0
22592 117 0 0 39 0 0 0 0 0
22597 39 8 1 39 0 0 0 0 0
22598 78 0 0 39 0 0 0 0 0
22600 299 10 1 0 0 0 0 0 0
22601 166 0 0 49 10 0 17 1 0
22604 18 0 0 18 0 0 0 0 0
22606 25 0 0 0 0 0 0 0 0
22607 273 0 0 234 0 0 0 0 0
fn=findTerm
105030 216 6 2 12 0 0 120 4 0
105032 12 0 0 0 0 0 0 0 0
105038 12 0 0 0 0 0 0 0 0
105043 12 0 0 0 0 0 12 0 0
105044 12 0 0 0 0 0 12 0 0
105046 90 2 1 22 0 0 0 0 0
105047 91 2 1 24 0 0 0 0 0
105048 14 0 0 7 0 0 0 0 0
105049 14 0 0 7 0 0 0 0 0
105051 8 0 0 2 0 0 0 0 0
105052 10 1 1 2 0 0 0 0 0
105054 30 0 0 2 0 0 12 0 0
105060 72 3 1 0 0 0 24 0 0
105080 8 0 0 0 0 0 0 0 0
105104 30 0 0 10 0 0 0 0 0
105108 20 2 1 0 0 0 0 0 0
105110 144 6 2 108 0 0 0 0 0
fn=freeP4
60524 159 11 1 159 0 0 0 0 0
60534 306 0 0 0 0 0 153 0 0
60535 420 8 1 0 0 0 0 0 0
60537 363 0 0 51 14 2 0 0 0
60578 187 6 1 187 0 0 0 0 0
103413 51 1 0 0 0 0 0 0 0
fn=generateColumnNames
61659 90 2 1 60 0 0 0 0 0
61664 186 0 0 54 0 0 0 0 0
61665 132 10 5 0 0 0 30 0 0
61667 6 0 0 0 0 0 0 0 0
97270 6 2 1 4 0 0 0 0 0
97273 4 0 0 2 0 0 2 0 0
97274 2 0 0 0 0 0 2 0 0
97275 44 2 1 6 0 0 8 0 0
97276 24 0 0 12 0 0 0 0 0
97279 6 2 1 0 0 0 6 0 0
97280 6 0 0 0 0 0 6 0 0
97281 6 0 0 0 0 0 6 0 0
97282 36 0 0 24 0 0 6 0 0
97288 6 0 0 6 0 0 0 0 0
97289 6 0 0 6 0 0 0 0 0
97290 6 0 0 6 0 0 0 0 0
97308 24 2 1 2 0 0 16 0 0
97309 2 0 0 2 0 0 0 0 0
97311 2 0 0 2 0 0 0 0 0
97316 4 0 0 2 0 0 0 0 0
97321 14 2 1 4 0 0 0 0 0
97322 2 0 0 0 0 0 2 0 0
97323 12 0 0 2 0 0 6 0 0
97325 8 2 1 2 0 0 2 0 0
97326 40 0 0 8 0 0 0 0 0
97328 24 2 1 12 0 0 0 0 0
97329 12 0 0 0 0 0 0 0 0
97330 18 0 0 6 0 0 0 0 0
97333 42 2 1 12 0 0 0 0 0
97336 6 0 0 6 0 0 0 0 0
97337 30 2 1 6 0 0 0 0 0
97338 24 0 0 12 0 0 0 0 0
97341 30 2 1 12 0 0 0 0 0
97342 12 0 0 0 0 0 0 0 0
97345 10 2 1 2 0 0 2 0 0
97347 24 0 0 12 0 0 0 0 0
97349 26 0 0 8 0 0 2 0 0
97352 18 2 1 6 0 0 0 0 0
97365 22 0 0 18 0 0 0 0 0
fn=getAndInitPage
50964 587846 0 0 293923 0 0 0 0 0
51187 1175692 2020 1 0 0 0 881769 0 0
51191 587846 0 0 293923 0 0 0 0 0
51194 1469615 2000 1 0 0 0 293923 0 0
51195 587846 0 0 0 0 0 0 0 0
51196 293923 0 0 293923 0 0 0 0 0
51206 1469615 0 0 1175692 0 0 0 0 0
fn=getSafetyLevel
21321 14 1 1 3 0 0 0 0 0
21322 3 0 0 0 0 0 0 0 0
93402 13 2 2 1 0 0 8 0 0
93409 5 0 0 2 0 0 0 0 0
93413 12 0 0 0 0 0 0 0 0
93414 20 1 1 4 1 1 2 0 0
93415 4 0 0 1 1 1 0 0 0
93419 11 1 1 9 0 0 0 0 0
fn=growOpArray
19201 52 0 0 26 0 0 0 0 0
19218 26 0 0 0 0 0 0 0 0
19224 39 8 1 13 0 0 13 0 0
60047 78 8 1 0 0 0 39 0 0
60049 39 0 0 13 0 0 0 0 0
60050 52 8 1 26 0 0 13 0 0
60051 26 0 0 0 0 0 0 0 0
60052 78 0 0 13 0 0 13 0 0
60053 13 0 0 0 0 0 13 0 0
60055 26 0 0 0 0 0 0 0 0
60056 52 0 0 52 0 0 0 0 0
fn=insertCell
22237 2353 0 0 0 0 0 2353 1 0
22240 117 0 0 0 0 0 0 0 0
22241 117 0 0 0 0 0 0 0 0
50730 300390 0 0 100130 0 0 100130 0 0
50744 300390 0 0 200260 0 0 100130 0 0
50747 500650 0 0 100130 12 0 200260 0 0
50750 1201560 2113 1 200260 0 0 300390 0 0
50751 200260 0 0 0 0 0 0 0 0
50756 200260 0 0 100130 0 0 0 0 0
50761 200260 0 0 100130 0 0 0 0 0
50767 1301690 100001 1 400520 0 0 100130 0 0
50769 400520 100001 1 100130 0 0 0 0 0
50799 400520 0 0 200260 0 0 0 0 0
50813 200260 2137 1 100130 0 0 0 0 0
50814 801040 0 0 200260 0 0 400520 0 0
55239 1023550 200002 2 102355 0 0 614130 0 0
55249 716485 0 0 0 0 0 0 0 0
55251 409420 0 0 102355 0 0 0 0 0
55264 614130 122 1 204710 1 0 0 0 0
55265 4450 0 0 0 0 0 0 0 0
55269 4450 0 0 0 0 0 0 0 0
55272 6675 0 0 2225 0 0 2225 0 0
55274 2225 0 0 0 0 0 2225 0 0
55275 2225 0 0 0 0 0 2225 0 0
55277 400520 0 0 100130 3 0 300390 0 0
55278 400520 0 0 200260 0 0 0 0 0
55283 100130 0 0 100130 5 0 0 0 0
55284 200260 3978 1 100130 0 0 100130 0 0
55285 500650 0 0 100130 0 0 200260 0 0
55286 300390 0 0 100130 0 0 0 0 0
55293 100130 0 0 100130 0 0 0 0 0
55294 400520 122 1 100130 0 0 100130 0 0
55295 901170 0 0 0 0 0 300390 0 0
55296 400520 0 0 200260 0 0 0 0 0
55297 4472 0 0 2236 0 0 0 0 0
55299 200260 0 0 100130 0 0 0 0 0
55300 200260 568 1 0 0 0 0 0 0
55302 200260 0 0 0 0 0 0 0 0
55306 400520 123 1 200260 0 0 200260 4 0
55307 600780 0 0 400520 0 0 200260 0 0
55309 300390 6 1 200260 0 0 0 0 0
55317 818840 54503 1 716485 0 0 0 0 0
fn=invalidateTempStorage
93486 4 1 1 0 0 0 3 0 0
93487 1 0 0 1 0 0 0 0 0
93488 4 1 1 2 0 0 0 0 0
93498 1 0 0 0 0 0 0 0 0
93499 5 0 0 4 0 0 0 0 0
fn=keyInfoFromExprList
19355 8 2 1 0 0 0 2 0 0
19356 4 0 0 0 0 0 0 0 0
19357 2 0 0 0 0 0 0 0 0
96891 18 2 1 0 0 0 12 0 0
96892 2 0 0 2 0 0 0 0 0
96898 6 0 0 2 0 0 2 0 0
96899 4 0 0 0 0 0 2 0 0
96901 6 0 0 0 0 0 2 0 0
96902 2 0 0 0 0 0 2 0 0
96903 8 0 0 6 0 0 2 0 0
96904 2 2 1 0 0 0 2 0 0
96905 20 0 0 6 0 0 0 0 0
96907 6 2 1 2 0 0 2 0 0
96908 4 0 0 0 0 0 0 0 0
96909 4 0 0 2 0 0 0 0 0
96911 2 0 0 0 0 0 2 0 0
96912 6 0 0 4 0 0 2 0 0
96916 18 0 0 14 0 0 0 0 0
fn=keywordCode
113687 1040 0 0 0 0 0 624 0 0
113807 344 15 1 0 0 0 0 0 0
113808 1560 0 0 208 0 0 0 0 0
113809 728 10 1 208 13 0 0 0 0
113811 1132 10 1 174 20 4 0 0 0
113812 818 10 1 152 25 6 42 0 0
113934 80 0 0 40 13 3 0 0 0
113938 856 6 1 752 0 0 0 0 0
fn=lookupName
74105 140 6 2 0 0 0 110 7 0
74110 20 0 0 10 0 0 10 0 0
74114 10 3 1 0 0 0 10 0 0
74122 10 0 0 0 0 0 10 0 0
74123 10 0 0 0 0 0 10 0 0
74130 20 0 0 0 0 0 0 0 0
74141 90 3 1 20 0 0 50 0 0
74143 30 6 2 20 0 0 10 0 0
74145 20 0 0 0 0 0 0 0 0
74146 130 0 0 50 0 0 20 0 0
74150 20 3 1 10 0 0 10 0 0
74153 30 0 0 10 0 0 0 0 0
74167 20 0 0 10 0 0 0 0 0
74170 20 3 1 10 0 0 0 0 0
74177 96 0 0 33 0 0 30 0 0
74180 258 9 3 96 0 0 10 0 0
74181 200 0 0 40 4 0 40 1 0
74186 14 0 0 7 0 0 0 0 0
74190 14 0 0 14 0 0 0 0 0
74193 49 2 1 21 0 0 7 0 0
74194 14 0 0 0 0 0 7 0 0
74198 30 3 1 10 0 0 0 0 0
74199 30 0 0 20 0 0 10 0 0
74200 20 0 0 10 0 0 10 0 0
74201 20 0 0 10 0 0 10 0 0
74209 80 0 0 30 0 0 10 0 0
74261 55 3 1 10 0 0 6 0 0
74262 4 1 0 0 0 0 3 0 0
74263 9 0 0 3 0 0 3 0 0
74264 3 0 0 0 0 0 3 0 0
74279 42 4 2 20 0 0 2 0 0
74280 6 0 0 3 0 0 0 0 0
74281 52 3 1 17 0 0 0 0 0
74283 28 4 2 8 0 0 0 0 0
74284 30 0 0 12 0 0 6 0 0
74285 12 0 0 0 0 0 0 0 0
74307 24 0 0 8 0 0 0 0 0
74333 22 2 1 10 0 0 0 0 0
74335 2 0 0 0 0 0 0 0 0
74353 78 4 1 30 0 0 0 0 0
74354 7 0 0 0 0 0 0 0 0
74360 49 2 1 14 0 0 0 0 0
74365 50 1 0 30 0 0 10 0 0
74366 10 0 0 0 0 0 10 0 0
74367 30 0 0 10 0 0 10 0 0
74368 10 0 0 0 0 0 10 0 0
74369 50 0 0 10 0 0 10 0 0
74371 20 0 0 10 0 0 0 0 0
74380 20 3 1 20 0 0 0 0 0
74381 20 0 0 10 0 0 0 0 0
74384 20 3 1 0 0 0 0 0 0
74386 10 1 0 0 0 0 0 0 0
74388 80 0 0 70 0 0 0 0 0
82070 20 2 1 20 0 0 0 0 0
95718 20 0 0 10 0 0 0 0 0
fn=mallocWithAlarm
13769 2429862 0 0 809954 0 0 809954 0 0
13770 1619908 0 0 809954 0 0 0 0 0
13771 4133 1 1 0 0 0 4133 0 0
13781 404977 0 0 0 0 0 404977 1 1
13782 809954 0 0 404977 1 1 0 0 0
13783 4 0 0 0 0 0 4 0 0
19027 3239816 100452 2 0 0 0 1619908 81 4
19031 809954 0 0 404977 34 0 404977 378 4
19033 809954 0 0 404977 0 0 0 0 0
19042 1214931 2111 1 404977 0 0 404977 0 0
19049 809954 0 0 0 0 0 0 0 0
19054 404977 0 0 0 0 0 404977 0 0
19056 2834839 0 0 2024885 0 0 0 0 0
19214 1214931 0 0 404977 0 0 404977 0 0
fn=memjrnlClose
73642 100001 0 0 100001 0 0 0 0 0
73643 704903 0 0 0 0 0 0 0 0
73645 404900 0 0 202450 156 0 0 0 0
73646 202450 0 0 0 0 0 202450 0 0
73655 600006 100001 1 0 0 0 300003 0 0
73658 500005 0 0 400004 0 0 0 0 0
73715 200002 0 0 0 0 0 100001 0 0
fn=memjrnlWrite
73592 4888176 200001 1 0 0 0 2444088 0 0
73603 1834290 0 0 0 0 0 0 0 0
73604 509797 0 0 509797 0 0 0 0 0
73605 6932260 200002 2 407348 0 0 0 0 0
73606 2039188 0 0 0 0 0 0 0 0
73608 1019594 0 0 0 0 0 0 0 0
73610 607350 0 0 0 0 0 404900 0 0
73611 404900 0 0 0 0 0 0 0 0
73614 202450 0 0 0 0 0 202450 0 0
73615 607350 100001 1 202450 0 0 0 0 0
73617 102449 0 0 0 0 0 102449 2 0
73620 200002 100001 1 0 0 0 100001 0 0
73622 404900 0 0 0 0 0 202450 0 0
73625 1019594 0 0 0 0 0 0 0 0
73626 509797 0 0 0 0 0 0 0 0
73627 509797 0 0 0 0 0 0 0 0
73628 1529391 0 0 509797 0 0 509797 0 0
73631 407348 0 0 0 0 0 0 0 0
73632 3258784 0 0 2851436 0 0 0 0 0
fn=moveToChild
53822 1742202 2114 1 193578 0 0 774312 0 0
53824 193578 0 0 193578 0 0 0 0 0
53826 193578 0 0 193578 0 0 0 0 0
53832 387156 99941 1 0 0 0 0 0 0
53835 967890 0 0 193578 0 0 193578 0 0
53836 387156 0 0 0 0 0 0 0 0
53837 774312 0 0 193578 0 0 193578 1 0
53838 387156 0 0 0 0 0 193578 0 0
53839 193578 0 0 193578 0 0 0 0 0
53841 387156 0 0 0 0 0 193578 0 0
53842 193578 0 0 0 0 0 193578 0 0
53843 1355046 99941 1 774312 1 0 0 0 0
53847 1548624 99941 1 1161468 0 0 0 0 0
fn=moveToLeftmost
54003 6 1 1 0 0 0 2 0 0
54010 4 0 0 3 0 0 0 0 0
54016 4 1 1 3 0 0 0 0 0
fn=moveToRightmost
54028 599994 285 0 0 0 0 199998 0 0
54035 1561464 99999 1 880731 0 0 0 0 0
54036 387156 0 0 387156 0 0 0 0 0
54037 680733 0 0 293577 0 0 193578 0 0
54038 580734 0 0 193578 2213 0 193578 0 0
54041 199998 0 0 0 0 0 99999 0 0
54042 199998 0 0 0 0 0 99999 0 0
54043 199998 0 0 0 0 0 99999 0 0
54046 299997 0 0 299997 0 0 0 0 0
fn=moveToRoot
53924 700042 100003 1 0 0 0 400024 0 0
53928 200012 0 0 200012 0 0 0 0 0
53934 300018 0 0 100006 0 0 0 0 0
53942 200012 2116 1 100006 0 0 0 0 0
53944 4 0 0 0 0 0 0 0 0
53947 4 0 0 0 0 0 2 0 0
53948 300012 55619 1 100004 0 0 0 0 0
53949 1 0 0 0 0 0 1 0 0
53950 1 0 0 0 0 0 0 0 0
53952 600018 100002 1 100003 0 0 100003 0 0
53953 200006 0 0 0 0 0 0 0 0
53957 200006 0 0 0 0 0 100003 0 0
53964 700021 2118 1 300009 0 0 0 0 0
53975 2 0 0 2 0 0 0 0 0
53979 200010 100002 1 0 0 0 100005 0 0
53980 200010 0 0 0 0 0 100005 0 0
53981 200010 0 0 0 0 0 100005 0 0
53984 300023 100002 1 100009 22 0 0 0 0
53991 300015 0 0 0 0 0 100005 0 0
53994 600036 0 0 500030 0 0 0 0 0
fn=newDatabase.part.0
22237 4 1 1 0 0 0 2 0 0
22239 2 0 0 0 0 0 2 0 0
22240 2 0 0 0 0 0 2 0 0
52114 7 1 1 0 0 0 5 0 0
52123 1 0 0 1 0 0 0 0 0
52125 1 0 0 1 0 0 0 0 0
52126 3 0 0 1 0 0 1 0 0
52127 2 0 0 0 0 0 0 0 0
52130 2 0 0 1 0 0 1 0 0
52131 2 0 0 1 0 0 1 0 0
52132 2 0 0 0 0 0 1 0 0
52135 3 1 1 2 0 0 1 0 0
52136 2 1 1 0 0 0 1 0 0
52138 1 0 0 0 0 0 1 0 0
52140 3 0 0 0 0 0 1 0 0
52141 1 0 0 1 0 0 0 0 0
52145 1 0 0 1 0 0 0 0 0
52146 1 0 0 1 0 0 0 0 0
52148 1 0 0 0 0 0 1 0 0
52149 1 0 0 0 0 0 1 0 0
52151 7 0 0 6 0 0 0 0 0
fn=openDatabase
17795 3 1 1 1 0 0 0 0 0
17799 3 0 0 1 0 0 1 0 0
19546 1 0 0 0 0 0 0 0 0
22465 2 0 0 0 0 0 2 0 0
22467 2 1 1 0 0 0 2 0 0
22468 2 0 0 0 0 0 2 0 0
86231 4 1 1 0 0 0 1 0 0
88698 4 0 0 0 0 0 1 0 0
88700 2 0 0 0 0 0 0 0 0
93347 3 0 0 1 1 0 0 0 0
117143 15 1 1 1 0 0 8 0 0
117147 1 0 0 0 0 0 1 0 0
117148 1 0 0 0 0 0 1 0 0
117150 1 1 1 0 0 0 1 0 0
117152 1 0 0 0 0 0 1 0 0
117153 2 0 0 0 0 0 0 0 0
117172 7 0 0 1 0 0 0 0 0
117174 3 1 1 1 0 0 0 0 0
117175 1 1 1 0 0 0 0 0 0
117176 2 0 0 0 0 0 0 0 0
117181 3 0 0 1 0 0 0 0 0
117183 2 0 0 0 0 0 0 0 0
117185 3 1 1 1 0 0 0 0 0
117198 2 0 0 0 0 0 1 0 0
117213 3 0 0 0 0 0 1 0 0
117214 2 0 0 0 0 0 0 0 0
117215 2 0 0 0 0 0 0 0 0
117216 1 0 0 0 0 0 1 0 0
117217 2 0 0 0 0 0 0 0 0
117223 1 0 0 0 0 0 1 0 0
117224 1 1 1 0 0 0 1 0 0
117225 1 0 0 0 0 0 1 0 0
117227 2 0 0 0 0 0 1 0 0
117231 1 0 0 0 0 0 1 0 0
117232 1 0 0 0 0 0 1 0 0
117233 2 0 0 1 0 0 1 0 0
117234 2 0 0 0 0 0 1 0 0
117235 1 0 0 1 0 0 0 0 0
117258 8 1 1 0 0 0 1 0 0
117259 7 0 0 0 0 0 1 0 0
117260 7 1 1 0 0 0 1 0 0
117261 7 0 0 0 0 0 1 0 0
117262 2 1 1 1 0 0 0 0 0
117265 1 0 0 0 0 0 1 0 0
117269 7 0 0 0 0 0 1 0 0
117272 2 0 0 1 0 0 1 0 0
117273 8 1 1 0 0 0 1 0 0
117274 2 0 0 0 0 0 0 0 0
117282 10 2 2 4 0 0 1 0 0
117284 2 0 0 0 0 0 0 0 0
117291 5 2 2 2 0 0 2 0 0
117292 5 0 0 1 0 0 2 0 0
117298 3 0 0 1 0 0 1 0 0
117299 1 0 0 0 0 0 1 0 0
117300 2 0 0 0 0 0 1 0 0
117301 1 1 1 0 0 0 1 0 0
117303 1 0 0 0 0 0 1 0 0
117304 2 0 0 1 0 0 0 0 0
117312 5 0 0 0 0 0 1 0 0
117318 3 1 1 0 0 0 1 0 0
117319 2 0 0 0 0 0 0 0 0
117321 3 2 2 0 0 0 1 0 0
117322 2 0 0 0 0 0 0 0 0
117359 4 0 0 0 0 0 1 0 0
117372 5 0 0 2 0 0 1 0 0
117375 4 0 0 0 0 0 1 0 0
117378 2 0 0 1 0 0 1 0 0
117381 2 0 0 1 0 0 1 0 0
117383 3 0 0 0 0 0 1 0 0
117385 2 0 0 0 0 0 0 0 0
117388 2 0 0 0 0 0 0 0 0
117391 1 0 0 0 0 0 1 1 0
117400 11 0 0 9 1 0 0 0 0
fn=pagerFixMaplimit
41710 18 1 1 3 0 0 6 0 0
41712 3 0 0 3 0 0 0 0 0
41713 9 1 1 3 0 0 0 0 0
41720 15 0 0 12 0 0 0 0 0
fn=pagerUnlockAndRollback
40369 500010 100002 1 0 0 0 200004 0 0
40370 500010 0 0 100002 0 0 0 0 0
40372 200004 0 0 0 0 0 0 0 0
40376 200004 2114 1 100002 0 0 0 0 0
40381 200004 0 0 0 0 0 0 0 0
40382 200004 0 0 200004 0 0 0 0 0
fn=pager_end_transaction
15159 200002 100001 1 0 0 0 100001 0 0
15160 100001 0 0 0 0 0 100001 0 0
35904 200002 0 0 0 0 0 0 0 0
35905 300003 100001 1 100001 1 0 0 0 0
35911 200002 0 0 0 0 0 100001 0 0
36168 102472 0 0 102472 0 0 0 0 0
36169 307416 0 0 102472 0 0 0 0 0
36417 313743 0 0 104581 1 0 0 0 0
36418 209162 0 0 0 0 0 104581 0 0
36419 209162 0 0 0 0 0 104581 0 0
36420 209162 0 0 104581 0 0 0 0 0
36431 613746 0 0 204582 0 0 0 0 0
39140 100001 0 0 100001 0 0 0 0 0
40243 1400014 102114 2 100001 0 0 800008 0 0
40244 100001 0 0 0 0 0 0 0 0
40262 200002 0 0 100001 0 0 0 0 0
40266 200002 0 0 0 0 0 100001 0 0
40268 400004 0 0 200002 5 0 0 0 0
40272 300003 100001 1 0 0 0 0 0 0
40316 100001 0 0 100001 0 0 0 0 0
40317 100001 0 0 0 0 0 100001 0 0
40318 100001 100001 1 0 0 0 100001 0 0
40319 100001 0 0 100001 0 0 0 0 0
40320 300003 4226 2 200002 0 0 100001 0 0
40322 200002 0 0 0 0 0 0 0 0
40329 700007 100284 2 300003 0 0 0 0 0
40340 200002 0 0 100001 0 0 0 0 0
40346 100001 100001 1 0 0 0 100001 0 0
40347 200002 0 0 0 0 0 100001 0 0
40349 100001 0 0 0 0 0 0 0 0
40350 1100011 2113 1 900009 0 0 0 0 0
fn=pager_unlock
15158 4 0 0 1 1 0 0 0 0
35904 200006 0 0 0 0 0 0 0 0
39140 100003 0 0 100003 1 0 0 0 0
40081 700021 100002 1 0 0 0 500015 0 0
40088 100003 0 0 100003 1 0 0 0 0
40089 100003 0 0 0 0 0 100003 0 0
40090 200006 123 1 0 0 0 100003 0 0
40092 200006 0 0 0 0 0 0 0 0
40096 200006 100003 1 100003 0 0 0 0 0
40098 4 0 0 2 1 0 0 0 0
40114 1 1 0 1 0 0 0 0 0
40132 1 0 0 0 0 0 1 0 0
40133 1 0 0 0 0 0 1 0 0
40141 300009 2 2 100003 0 0 0 0 0
40149 100003 0 0 0 0 0 100003 0 0
40150 100003 0 0 0 0 0 100003 0 0
40151 100003 100003 1 0 0 0 100003 0 0
40152 600018 0 0 600018 0 0 0 0 0
fn=pager_wait_on_lock
39437 100001 0 0 0 0 0 0 0 0
39440 500005 100001 1 100001 1 0 0 0 0
42085 900009 100001 1 0 0 0 400004 0 0
42102 700007 0 0 500005 0 0 0 0 0
fn=pager_write
15170 1844082 2021 2 819592 0 0 512245 0 0
22237 204898 0 0 0 0 0 204898 0 0
35747 200002 2113 1 0 0 0 100001 0 0
35748 200002 0 0 0 0 0 0 0 0
35749 100001 0 0 0 0 0 100001 0 0
35760 213932 5 1 0 0 0 0 0 0
35761 637516 0 0 106966 4 0 104826 0 0
36404 323283 0 0 106966 0 0 2385 0 0
36406 213932 0 0 0 0 0 0 0 0
36407 209162 0 0 0 0 0 104581 0 0
36408 313743 0 0 0 0 0 104581 0 0
39365 641796 0 0 320898 0 0 0 0 0
40053 307347 4 1 102449 0 0 0 0 0
40404 102449 0 0 102449 0 0 0 0 0
40405 204898 0 0 102449 0 0 0 0 0
40406 1946531 122 1 0 0 0 0 0 0
40407 1024490 0 0 512245 1059 0 0 0 0
43759 100001 0 0 100001 0 0 0 0 0
43770 400004 10 2 200002 0 0 0 0 0
43771 200002 0 0 100001 0 0 100001 0 0
43777 300003 0 0 200002 2 0 0 0 0
43778 200002 5 1 100001 0 0 0 0 0
43804 100001 0 0 0 0 0 100001 0 0
43805 100001 0 0 0 0 0 100001 0 0
43806 100001 0 0 0 0 0 100001 0 0
43807 100001 0 0 0 0 0 100001 0 0
43808 300003 0 0 0 0 0 100001 0 0
43812 200002 0 0 0 0 0 0 0 0
43817 100001 0 0 0 0 0 100001 0 0
43913 1176626 5 1 106966 0 0 748762 0 0
43914 106966 0 0 106966 1 0 0 0 0
43915 106966 0 0 106966 0 0 0 0 0
43930 320898 0 0 106966 0 0 0 0 0
43934 320898 5 1 106966 0 0 0 0 0
43947 320898 0 0 106966 0 0 0 0 0
43958 223914 0 0 0 0 0 2377 0 0
43966 209178 5 1 104589 0 0 0 0 0
43968 516525 5 1 309487 0 0 0 0 0
43971 102449 0 0 102449 0 0 0 0 0
43989 102449 0 0 102449 0 0 0 0 0
43992 204898 0 0 0 0 0 0 0 0
43993 307347 0 0 204898 0 0 0 0 0
43994 204898 0 0 0 0 0 0 0 0
43995 614694 0 0 307347 0 0 0 0 0
43996 204898 0 0 0 0 0 0 0 0
44005 409796 0 0 204898 0 0 0 0 0
44006 102449 0 0 102449 0 0 0 0 0
44008 409796 0 0 204898 0 0 204898 0 0
44011 102449 0 0 102449 0 0 0 0 0
44012 512245 100000 1 307347 0 0 0 0 0
44017 4280 0 0 2140 0 0 0 0 0
44018 4280 0 0 2140 0 0 0 0 0
44031 627534 0 0 0 0 0 104589 0 0
44038 213932 0 0 106966 0 0 0 0 0
44039 2132 0 0 0 0 0 2132 0 0
44042 1283592 0 0 962694 0 0 0 0 0
73715 200002 0 0 0 0 0 100001 0 0
73716 100001 0 0 0 0 0 0 0 0
fn=pcache1Alloc
13769 6753 0 0 2251 0 0 2251 0 0
13770 4502 0 0 2251 0 0 0 0 0
13771 2251 0 0 0 0 0 2251 0 0
13781 2251 0 0 0 0 0 2251 0 0
13782 4502 0 0 2251 0 0 0 0 0
13783 2 0 0 0 0 0 2 0 0
19214 6753 0 0 2251 0 0 2251 0 0
36854 11255 2110 1 0 0 0 6753 0 0
36858 4502 0 0 2251 18 0 0 0 0
36868 4502 0 0 2251 0 0 2251 0 0
36874 6753 2111 1 0 0 0 2251 0 0
36876 4502 2111 1 0 0 0 0 0 0
36878 4502 0 0 2251 11 0 2251 0 0
36880 2251 0 0 0 0 0 0 0 0
36886 11255 0 0 9004 0 0 0 0 0
fn=pcache1Cachesize
37274 2 1 1 0 0 0 0 0 0
37276 8 0 0 4 0 0 0 0 0
fn=pcache1Create
19343 3 0 0 0 0 0 1 0 0
19344 2 0 0 0 0 0 0 0 0
37219 12 1 1 0 0 0 7 0 0
37239 1 0 0 1 0 0 0 0 0
37245 5 1 1 0 0 0 0 0 0
37248 2 0 0 0 0 0 0 0 0
37249 1 0 0 0 0 0 0 0 0
37250 1 0 0 0 0 0 1 0 0
37252 1 1 1 0 0 0 0 0 0
37254 1 0 0 0 0 0 1 0 0
37255 1 0 0 0 0 0 1 0 0
37256 1 0 0 0 0 0 1 0 0
37257 5 0 0 1 0 0 1 0 0
37258 1 0 0 0 0 0 0 0 0
37267 9 1 1 7 0 0 0 0 0
fn=pcache1Destroy
37586 6 1 1 0 0 0 3 0 0
37588 1 0 0 1 0 0 0 0 0
37590 2 0 0 1 0 0 1 0 0
37591 3 1 1 0 0 0 1 0 0
37593 3 0 0 2 0 0 1 0 0
37595 5 0 0 2 0 0 1 0 0
37596 3 0 0 0 0 0 1 1 0
37597 2 0 0 0 0 0 1 0 0
37598 2 0 0 1 0 0 1 0 0
37599 2 0 0 1 0 0 1 0 0
37600 2 0 0 0 0 0 0 0 0
37601 3 1 1 3 0 0 0 0 0
fn=pcache1EnforceMaxPage
37141 5 1 1 0 0 0 3 0 0
37143 4 0 0 2 0 0 0 0 0
37150 4 1 0 4 0 0 0 0 0
fn=pcache1Fetch
15548 12 4 0 4 0 0 0 0 0
15554 12 0 0 4 1 0 0 0 0
36948 6396 0 0 4264 3 0 2132 0 0
36958 10660 2108 1 4264 0 0 4264 0 0
36959 4264 0 0 2132 0 0 0 0 0
36961 6396 0 0 4264 0 0 2132 0 0
36963 6396 0 0 2132 0 0 0 0 0
36964 2132 0 0 0 0 0 2132 1757 1672
36965 4264 0 0 0 0 0 2132 432 417
36966 6396 0 0 2132 0 0 0 0 0
37052 20 0 0 0 0 0 0 0 0
37057 15 0 0 10 0 0 5 0 0
37058 15 0 0 5 0 0 0 0 0
37059 15 1 1 0 0 0 5 0 0
37060 15 0 0 5 1 0 0 0 0
37061 20 5 1 10 1 0 10 1 0
37062 15 0 0 5 0 0 0 0 0
37063 11551 0 0 5 0 0 0 0 0
37065 3840 0 0 3840 480 0 0 0 0
37066 19200 0 0 0 0 0 0 0 0
37067 3840 4 0 3840 3831 0 0 0 0
37068 3840 0 0 3840 959 0 0 0 0
37069 23040 0 0 3840 384 0 3840 0 0
37070 3840 0 0 0 0 0 3840 0 0
37073 20 1 1 5 0 0 10 6 0
37074 10 1 1 5 0 0 5 0 0
37075 5 0 0 0 0 0 5 3 0
37078 5 0 0 0 0 0 0 0 0
37377 4752672 99983 0 0 0 0 2376336 0 0
37387 1188168 0 0 792112 11 0 396056 3 0
37390 1188168 97992 1 396056 0 0 0 0 0
37392 3562380 97991 0 1186042 1295 0 0 0 0
37396 4264 0 0 0 0 0 0 0 0
37397 787848 0 0 0 0 0 393924 0 0
37414 2131 0 0 2131 0 0 0 0 0
37417 4264 0 0 0 0 0 0 0 0
37425 4262 0 0 0 0 0 0 0 0
37430 6396 2110 1 2132 0 0 0 0 0
37460 4264 2110 1 0 0 0 0 0 0
37462 4264 2110 1 0 0 0 0 0 0
37466 6396 0 0 2132 0 0 0 0 0
37467 2132 0 0 2132 0 0 0 0 0
37468 2132 0 0 0 0 0 2132 0 0
37469 8528 0 0 4264 1 0 2132 0 0
37470 2132 0 0 0 0 0 2132 450 424
37471 2132 0 0 0 0 0 2132 439 415
37472 2132 0 0 0 0 0 2132 0 0
37473 2132 2110 1 0 0 0 2132 439 422
37474 4264 0 0 2132 0 0 2132 0 0
37478 794244 0 0 396056 0 0 0 0 0
37479 2132 0 0 0 0 0 2132 0 0
37481 792112 102 0 396056 0 0 396056 0 0
37483 3564504 0 0 2772392 4 0 0 0 0
fn=pcache1Free.isra.0
13769 6753 0 0 2251 0 0 2251 0 0
13770 4502 0 0 2251 0 0 0 0 0
19214 6753 0 0 2251 0 0 2251 1 0
36891 11255 0 0 0 0 0 6753 0 0
36893 4504 119 1 0 0 0 0 0 0
36894 9004 0 0 4502 8 0 0 0 0
36904 1 1 1 1 0 0 0 0 0
36910 4502 118 1 2251 0 0 2251 0 0
36912 4502 0 0 2251 0 0 2251 0 0
36914 4502 0 0 0 0 0 0 0 0
36917 6753 0 0 6753 0 0 0 0 0
fn=pcache1Init
37190 3 1 1 0 0 0 1 0 0
37194 3 0 0 1 0 0 0 0 0
37195 3 1 1 0 0 0 2 0 0
37196 4 0 0 0 0 0 2 0 0
37198 1 0 0 0 0 0 1 0 0
37199 1 0 0 0 0 0 1 0 0
37201 3 0 0 2 0 0 0 0 0
fn=pcache1PinPage
37094 792112 467 1 0 0 0 0 0 0
37095 396056 0 0 396056 88 0 0 0 0
37096 396056 0 0 396056 0 0 0 0 0
37098 2376336 16 2 792112 677 0 0 0 0
37115 396056 0 0 396056 0 0 0 0 0
fn=pcache1Truncate
37571 700014 100002 1 0 0 0 300006 0 0
37573 300006 0 0 200004 395 0 100002 0 0
37574 200004 0 0 100002 0 0 0 0 0
37575 3 0 0 0 0 0 1 0 0
37576 2 1 1 0 0 0 1 0 0
37578 300006 0 0 200004 0 0 0 0 0
37579 300006 0 0 300006 0 0 0 0 0
fn=pcache1TruncateUnsafe
36982 2132 0 0 2132 0 0 0 0 0
36985 4264 0 0 2132 532 0 2132 0 0
36989 6396 0 0 2132 0 0 0 0 0
37162 24 1 1 0 0 0 12 0 0
37166 24582 0 0 8194 0 0 0 0 0
37167 24576 0 0 8192 0 0 0 0 0
37169 30975 0 0 10325 925 0 0 0 0
37170 4266 0 0 2133 2132 0 0 0 0
37171 2132 0 0 2132 0 0 0 0 0
37172 4264 1 1 2132 535 0 2132 0 0
37173 2132 0 0 0 0 0 2132 0 0
37176 1 0 0 0 0 0 0 0 0
37182 16 0 0 14 3 0 0 0 0
fn=pcacheAddToDirtyList
36144 207053 5 1 207053 0 0 0 0 0
36148 414106 0 0 207053 0 0 207053 0 0
36149 414106 0 0 0 0 0 0 0 0
36151 9160 0 0 0 0 0 9160 4 0
36153 207053 0 0 0 0 0 207053 0 0
36154 414106 0 0 207053 0 0 0 0 0
36155 395786 5 1 0 0 0 197893 0 0
36157 814340 0 0 407170 0 0 0 0 0
36158 100001 0 0 0 0 0 100001 0 0
36161 207053 0 0 207053 0 0 0 0 0
fn=pcacheRemoveFromDirtyList
36107 207053 7 1 207053 0 0 0 0 0
36113 414106 0 0 207053 0 0 0 0 0
36114 207053 0 0 207053 0 0 0 0 0
36115 416212 4 0 4579 2 0 0 0 0
36116 4579 0 0 4579 1 0 0 0 0
36118 100001 0 0 0 0 0 100001 0 0
36121 621159 0 0 207053 0 0 0 0 0
36122 7052 0 0 0 0 0 7052 0 0
36125 200001 0 0 0 0 0 200001 0 0
36127 421158 0 0 7052 0 0 0 0 0
36128 2464 0 0 0 0 0 2464 0 0
36131 409178 1 0 0 0 0 204589 0 0
36133 207053 0 0 0 0 0 207053 0 0
36134 207053 2110 1 0 0 0 207053 0 0
36137 207053 0 0 207053 0 0 0 0 0
fn=posixOpen
23429 1 1 1 0 0 0 0 0 0
fn=pthreadMutexAlloc
18197 900180 568 1 100020 0 0 400080 88 4
18207 400080 0 0 0 0 0 0 0 0
18218 6 0 0 0 0 0 2 0 0
18219 6 0 0 0 0 0 2 0 0
18220 6 1 0 0 0 0 2 0 0
18221 4 0 0 0 0 0 2 0 0
18242 500090 123 1 0 0 0 0 0 0
18249 100018 0 0 0 0 0 0 0 0
18250 900180 100002 1 600120 0 0 0 0 0
19343 6 1 1 0 0 0 2 0 0
19344 4 0 0 0 0 0 0 0 0
fn=pthreadMutexEnter
18276 1614533 1 1 0 0 0 0 0 0
18304 1614533 0 0 0 0 0 0 0 0
fn=pthreadMutexFree
18258 12 2 1 0 0 0 4 0 0
18261 2 0 0 0 0 0 2 0 0
18262 4 0 0 0 0 0 0 0 0
18263 4 0 0 4 0 0 0 0 0
fn=pthreadMutexInit
21425 24 1 1 8 0 0 0 0 0
fn=pthreadMutexLeave
18375 1614533 0 0 0 0 0 0 0 0
18388 1614533 0 0 0 0 0 0 0 0
fn=querySharedCacheTableLock
49787 100015 0 0 0 0 0 0 0 0
49804 200030 0 0 100015 0 0 0 0 0
49805 100015 100009 1 0 0 0 0 0 0
49838 100015 100011 1 100015 0 0 0 0 0
fn=releaseAllSavepoints
15158 2 1 0 0 0 0 0 0 0
40030 2000040 200005 2 0 0 0 1200024 0 0
40032 600012 0 0 200004 2 0 0 0 0
40035 1200021 100571 2 400008 0 0 0 0 0
40038 400008 0 0 200004 0 0 200004 0 0
40039 200004 0 0 0 0 0 200004 0 0
40040 200004 0 0 0 0 0 200004 0 0
40041 200004 0 0 0 0 0 200004 0 0
40042 1600032 0 0 1400028 0 0 0 0 0
73723 200004 0 0 200004 55 0 0 0 0
fn=releaseMemArray.part.0
59083 200002 0 0 0 0 0 100001 0 0
59084 300003 0 0 200002 95 0 100001 0 0
59085 100001 0 0 0 0 0 100001 0 0
59086 100001 0 0 0 0 0 100001 0 0
59087 100001 0 0 0 0 0 100001 0 0
59088 100001 121 0 0 0 0 0 0 0
60999 1400161 248 2 0 0 0 1000115 13 0
61002 200023 0 0 200023 59 0 0 0 0
61003 200023 0 0 200023 0 0 0 0 0
61004 400046 0 0 200023 130 0 0 0 0
61005 800092 0 0 0 0 0 0 0 0
61010 5200493 124 1 0 0 0 0 0 0
61025 3200298 128 1 1600149 515 0 0 0 0
61027 4500444 0 0 1500148 115 0 0 0 0
61028 200076 0 0 0 0 0 100038 0 0
61029 100038 0 0 0 0 0 100038 0 0
61032 3200298 0 0 0 0 0 1600149 0 0
61034 200023 1 0 0 0 0 200023 0 0
61036 1200138 0 0 1200138 0 0 0 0 0
fn=resolveExprStep
74424 420 7 1 35 0 0 245 1 0
74428 35 0 0 35 0 0 0 0 0
74430 35 0 0 35 0 0 0 0 0
74433 105 0 0 35 0 0 0 0 0
74434 140 7 1 0 0 0 35 0 0
74444 423 2 1 53 5 1 0 0 0
74468 80 3 1 30 0 0 0 0 0
74492 20 0 0 0 0 0 0 0 0
74592 32 4 0 16 0 0 0 0 0
74599 225 6 1 75 0 0 0 0 0
74600 345 3 1 285 0 0 0 0 0
fn=resolveOrderGroupBy
74623 6 0 0 2 0 0 0 0 0
74625 30 2 1 10 0 0 0 0 0
74626 24 2 1 12 0 0 0 0 0
74627 12 0 0 0 0 0 0 0 0
74877 30 2 1 2 0 0 22 0 0
74884 4 0 0 0 0 0 0 0 0
74885 6 0 0 4 0 0 2 0 0
74886 4 0 0 2 0 0 2 0 0
74887 24 2 1 14 0 0 4 0 0
74888 4 0 0 4 0 0 0 0 0
74889 6 0 0 0 0 0 2 0 0
74898 14 0 0 2 0 0 4 0 0
74911 10 2 1 4 0 0 2 0 0
74912 4 0 0 0 0 0 0 0 0
74915 30 4 2 6 0 0 0 0 0
74916 50 0 0 8 0 0 6 0 0
74921 16 0 0 12 0 0 0 0 0
74922 14 0 0 12 0 0 0 0 0
75162 2 0 0 0 0 0 2 0 0
75315 12 2 1 2 0 0 0 0 0
fn=resolveP2Values
60348 104 13 1 0 0 0 52 0 0
60350 13 0 0 13 0 0 0 0 0
60352 13 0 0 13 0 0 0 0 0
60353 13 0 0 13 0 0 0 0 0
60354 549 0 0 26 0 0 0 0 0
60355 314 10 1 157 4 0 0 0 0
60357 314 0 0 157 13 2 157 0 0
60358 628 0 0 0 0 0 0 0 0
60359 256 0 0 0 0 0 0 0 0
60360 1191 0 0 7 0 0 0 0 0
60361 10 0 0 5 0 0 0 0 0
60370 426 10 1 0 0 0 0 0 0
60373 41 0 0 0 0 0 2 0 0
60374 48 11 1 0 0 0 2 0 0
60376 26 10 1 0 0 0 0 0 0
60380 391 0 0 27 0 0 0 0 0
60382 20 0 0 5 0 0 5 0 0
60385 39 10 1 13 0 0 13 0 0
60386 13 0 0 0 0 0 13 0 0
60388 13 0 0 0 0 0 13 0 0
60389 78 0 0 65 0 0 0 0 0
fn=resolveSelectStep
74927 26 4 2 2 0 0 16 0 0
74941 6 0 0 2 0 0 0 0 0
74944 2 0 0 2 0 0 0 0 0
74945 2 0 0 2 0 0 0 0 0
74946 4 0 0 2 0 0 2 0 0
74956 4 0 0 0 0 0 0 0 0
74961 6 2 1 4 0 0 2 0 0
74964 12 0 0 0 0 0 4 0 0
74967 4 2 1 0 0 0 2 0 0
74973 2 0 0 0 0 0 2 0 0
74974 2 0 0 2 0 0 0 0 0
74975 2 0 0 2 0 0 0 0 0
74981 32 4 2 8 0 0 2 0 0
74983 12 2 1 2 0 0 0 0 0
75009 2 0 0 0 0 0 2 0 0
75010 2 0 0 0 0 0 2 0 0
75011 2 0 0 0 0 0 2 0 0
75014 2 2 1 2 0 0 0 0 0
75016 38 0 0 12 0 0 2 0 0
75017 24 0 0 12 0 0 0 0 0
75018 12 0 0 0 0 0 0 0 0
75027 2 0 0 2 0 0 0 0 0
75028 10 0 0 2 0 0 0 0 0
75031 4 2 1 0 0 0 2 0 0
75036 12 2 1 4 0 0 0 0 0
75049 2 0 0 0 0 0 2 0 0
75050 4 2 1 0 0 0 2 0 0
75052 4 2 1 2 0 0 0 0 0
75053 4 0 0 2 0 0 0 0 0
75058 2 1 1 0 0 0 2 0 0
75059 4 0 0 0 0 0 2 0 0
75066 24 2 1 6 0 0 2 0 0
75069 6 0 0 4 0 0 0 0 0
75076 4 2 1 0 0 0 0 0 0
75093 2 0 0 2 0 0 0 0 0
75100 6 2 1 2 0 0 0 0 0
75104 4 0 0 0 0 0 0 0 0
75105 22 2 1 18 0 0 0 0 0
75162 40 3 1 1 0 0 7 0 0
fn=saveAllCursors.isra.0
50189 800032 2117 1 0 0 0 600024 1 0
50193 900022 2116 1 100002 0 0 0 0 0
50194 200004 0 0 0 0 0 0 0 0
50206 100004 100002 1 0 0 0 0 0 0
50207 900036 100002 1 700028 0 0 0 0 0
fn=selectAddSubqueryTypeInfo
99737 14 2 1 0 0 0 10 0 0
99744 6 0 0 2 0 0 0 0 0
99745 4 0 0 0 0 0 2 0 0
99746 2 0 0 2 0 0 0 0 0
99747 2 2 1 2 0 0 0 0 0
99748 20 0 0 4 0 0 0 0 0
99749 2 0 0 2 0 0 0 0 0
99750 8 2 1 2 0 0 0 0 0
99760 14 0 0 12 0 0 0 0 0
fn=selectExpander
96402 6 0 0 4 0 0 2 0 0
96404 4 0 0 0 0 0 2 0 0
96405 4 0 0 2 0 0 0 0 0
99422 20 4 2 0 0 0 14 1 0
99423 8 0 0 4 0 0 4 0 0
99428 4 0 0 2 0 0 2 0 0
99430 2 0 0 2 0 0 0 0 0
99432 6 0 0 0 0 0 2 0 0
99433 4 0 0 2 0 0 0 0 0
99436 14 2 1 4 0 0 2 0 0
99440 6 2 1 4 0 0 2 2 0
99445 10 0 0 4 0 0 2 1 0
99451 24 2 1 8 0 0 2 0 0
99453 4 2 1 2 0 0 0 0 0
99459 4 0 0 2 0 0 0 0 0
99469 8 0 0 4 0 0 0 0 0
99479 12 0 0 0 0 0 4 0 0
99480 4 0 0 0 0 0 0 0 0
99481 6 0 0 2 0 0 0 0 0
99487 4 0 0 0 0 0 2 0 0
99489 8 2 1 4 1 0 0 0 0
99500 10 0 0 0 0 0 2 0 0
99507 6 4 2 4 0 0 0 0 0
99521 40 2 1 8 0 0 2 0 0
99522 10 2 1 6 0 0 0 0 0
99523 18 0 0 6 0 0 0 0 0
99526 12 0 0 0 0 0 0 0 0
99677 22 4 2 12 0 0 2 0 0
99681 2 0 0 0 0 0 0 0 0
99682 24 0 0 18 0 0 0 0 0
fn=selectInnerLoop
60078 2 0 0 2 0 0 0 0 0
60081 8 2 1 2 0 0 0 0 0
60086 4 0 0 0 0 0 2 0 0
60087 6 0 0 2 0 0 0 0 0
60088 4 0 0 0 0 0 2 0 0
60089 2 0 0 0 0 0 2 1 0
60090 2 0 0 0 0 0 2 0 0
60091 2 0 0 0 0 0 2 0 0
60092 2 0 0 0 0 0 2 0 0
60093 2 0 0 0 0 0 2 0 0
77501 8 2 1 0 0 0 2 0 0
77502 2 0 0 0 0 0 0 0 0
96632 38 4 2 8 0 0 24 0 0
96633 2 0 0 2 0 0 0 0 0
96637 6 0 0 2 0 0 4 0 0
96638 4 0 0 2 0 0 2 0 0
96642 6 0 0 0 0 0 0 0 0
96644 8 0 0 2 0 0 2 0 0
96645 12 2 1 2 0 0 0 0 0
96646 12 4 2 6 0 0 4 0 0
96651 6 0 0 0 0 0 0 0 0
96654 4 2 1 4 0 0 0 0 0
96656 8 0 0 4 0 0 0 0 0
96657 8 2 1 4 0 0 2 0 0
96658 2 0 0 0 0 0 2 0 0
96659 4 0 0 0 0 0 2 0 0
96668 6 2 1 2 0 0 0 0 0
96672 4 0 0 0 0 0 2 0 0
96673 18 0 0 6 0 0 2 0 0
96681 6 0 0 2 0 0 0 0 0
96738 14 2 1 4 2 1 0 0 0
96840 4 2 1 2 0 0 0 0 0
96845 4 2 1 2 0 0 0 0 0
96871 8 2 1 4 0 0 0 0 0
96874 16 0 0 14 0 0 0 0 0
fn=setSectorSize
40910 5 1 1 0 0 0 2 0 0
40913 2 0 0 1 0 0 0 0 0
40920 2 0 0 0 0 0 1 0 0
40924 3 0 0 3 0 0 0 0 0
fn=setupLookaside
15548 3 1 1 1 0 0 0 0 0
15554 3 0 0 1 0 0 0 0 0
19214 2 0 0 1 0 0 1 0 0
115313 8 1 1 0 0 0 6 0 0
115315 3 0 0 1 0 0 0 0 0
115322 6 0 0 1 0 0 0 0 0
115328 1 0 0 0 0 0 0 0 0
115329 2 1 1 0 0 0 0 0 0
115330 3 0 0 0 0 0 0 0 0
115331 1 0 0 0 0 0 0 0 0
115334 3 0 0 0 0 0 0 0 0
115336 4 1 1 0 0 0 1 0 0
115338 5 0 0 0 0 0 0 0 0
115342 1 0 0 0 0 0 1 0 0
115343 1 1 1 0 0 0 1 0 0
115344 2 0 0 0 0 0 1 0 0
115350 2003 0 0 0 0 0 0 0 0
115351 500 0 0 0 0 0 500 499 499
115353 1008 1 1 0 0 0 1 1 0
115355 1 0 0 0 0 0 1 0 0
115356 1 0 0 0 0 0 1 0 0
115357 2 0 0 0 0 0 1 0 0
115364 9 0 0 7 1 0 0 0 0
fn=spanExpr
75515 31 0 0 31 0 0 0 0 0
75516 62 0 0 31 0 0 0 0 0
75696 62 0 0 0 0 0 0 0 0
75709 62 0 0 0 0 0 31 0 0
75732 155 7 1 31 0 0 31 0 0
75733 31 0 0 31 0 0 0 0 0
110204 372 7 1 0 0 0 186 0 0
110205 31 0 0 0 0 0 31 0 0
110206 62 0 0 31 0 0 31 0 0
110207 93 0 0 31 0 0 31 0 0
110208 248 0 0 217 0 0 0 0 0
fn=sqlite3AddPrimaryKey
83366 26 2 1 0 0 0 20 0 0
83367 2 0 0 2 0 0 0 0 0
83370 8 2 1 2 0 0 0 0 0
83371 6 0 0 2 0 0 0 0 0
83376 4 0 0 0 0 0 2 0 0
83377 4 0 0 0 0 0 0 0 0
83378 4 2 1 2 0 0 0 0 0
83379 10 0 0 4 0 0 0 0 0
83393 10 2 1 0 0 0 0 0 0
83394 10 2 1 4 0 0 0 0 0
83396 8 0 0 0 0 0 2 0 0
83397 4 0 0 2 0 0 0 0 0
83398 2 0 0 0 0 0 2 0 0
83399 4 0 0 2 0 0 2 0 0
83401 8 0 0 4 0 0 0 0 0
83417 8 0 0 4 0 0 0 0 0
83419 14 0 0 12 0 0 0 0 0
fn=sqlite3AffinityType.part.0
83251 40 0 0 0 0 0 0 0 0
83252 20 0 0 0 0 0 0 0 0
83254 240 4 1 80 0 0 0 0 0
83255 210 4 1 70 0 0 0 0 0
83256 70 4 1 0 0 0 0 0 0
83257 140 0 0 0 0 0 0 0 0
83259 140 0 0 0 0 0 0 0 0
83261 140 0 0 0 0 0 0 0 0
83262 10 0 0 0 0 0 0 0 0
83263 120 0 0 0 0 0 0 0 0
83265 40 0 0 0 0 0 0 0 0
83267 240 0 0 0 0 0 0 0 0
83268 120 0 0 0 0 0 0 0 0
83270 240 0 0 0 0 0 0 0 0
83273 240 4 1 0 0 0 0 0 0
83277 240 0 0 0 0 0 0 0 0
83278 10 4 1 0 0 0 0 0 0
83283 10 0 0 0 0 0 0 0 0
83284 40 0 0 20 0 0 0 0 0
fn=sqlite3AnalysisLoad
81312 10 1 1 1 0 0 5 0 0
81323 7 0 0 3 0 0 0 0 0
81333 1 0 0 0 0 0 1 0 0
81334 2 1 1 1 0 0 1 0 0
81335 5 0 0 0 0 0 1 0 0
81336 1 0 0 0 0 0 0 0 0
81364 10 1 1 7 0 0 0 0 0
fn=sqlite3ArrayAllocate
85250 192 4 1 0 0 0 96 0 0
85252 16 0 0 16 0 0 0 0 0
85253 48 0 0 0 0 0 0 0 0
85254 24 0 0 0 0 0 0 0 0
85255 60 0 0 0 0 0 12 0 0
85256 24 4 1 0 0 0 0 0 0
85258 8 4 1 0 0 0 0 0 0
85263 64 0 0 0 0 0 0 0 0
85264 16 0 0 0 0 0 16 0 0
85265 16 0 0 16 0 0 0 0 0
85267 144 0 0 112 0 0 0 0 0
fn=sqlite3Atoi64
21708 128 4 1 0 0 0 80 0 0
21711 16 0 0 0 0 0 0 0 0
21714 16 0 0 0 0 0 0 0 0
21716 48 4 1 0 0 0 0 0 0
21718 32 0 0 0 0 0 0 0 0
21719 16 0 0 0 0 0 0 0 0
21728 128 4 1 32 0 0 0 0 0
21729 32 0 0 0 0 0 0 0 0
21730 32 4 1 0 0 0 0 0 0
21733 48 0 0 0 0 0 0 0 0
21738 80 0 0 16 0 0 0 0 0
21739 224 4 1 0 0 0 0 0 0
21740 64 0 0 0 0 0 0 0 0
21742 32 0 0 0 0 0 0 0 0
21743 16 0 0 0 0 0 16 0 0
21744 48 4 1 0 0 0 0 0 0
21752 272 8 2 0 0 0 0 0 0
21755 32 0 0 0 0 0 0 0 0
21756 32 0 0 0 0 0 0 0 0
21759 16 0 0 0 0 0 0 0 0
21778 112 4 1 96 0 0 0 0 0
fn=sqlite3AuthCheck
82127 88 10 1 0 0 0 66 0 0
82128 22 0 0 22 0 0 0 0 0
82134 86 0 0 36 0 0 0 0 0
82135 22 0 0 0 0 0 0 0 0
82138 42 0 0 14 0 0 0 0 0
82150 110 11 1 88 0 0 0 0 0
fn=sqlite3AutoincrementEnd
90384 32 4 1 0 0 0 24 0 0
90386 4 0 0 4 0 0 0 0 0
90387 8 0 0 4 0 0 4 0 0
90390 16 4 1 4 0 0 4 0 0
90417 32 4 1 28 0 0 0 0 0
fn=sqlite3BinaryCompareCollSeq
75467 5 1 1 0 0 0 3 0 0
75470 3 0 0 1 0 0 0 0 0
75472 4 0 0 1 0 0 0 0 0
75475 2 0 0 0 0 0 1 0 0
75476 2 0 0 0 0 0 0 0 0
75481 4 0 0 4 0 0 0 0 0
fn=sqlite3BitvecSet
35795 819592 100000 1 0 0 0 614694 0 0
35797 204898 0 0 0 0 0 0 0 0
35800 102449 0 0 0 0 0 0 0 0
35801 409796 0 0 102449 0 0 0 0 0
35811 717143 100000 1 102449 0 0 0 0 0
35812 204898 0 0 0 0 0 0 0 0
35858 922041 4122 1 717143 0 0 0 0 0
fn=sqlite3BitvecTest.part.0
35762 104826 7 1 0 0 0 0 0 0
35763 419304 100000 1 104826 2 0 0 0 0
35771 209652 0 0 104826 0 0 0 0 0
35772 733782 200000 2 209652 10 0 0 0 0
fn=sqlite3BtreeBeginTrans
39140 100001 100001 0 100001 0 0 0 0 0
39440 500005 0 0 100001 0 0 0 0 0
42067 100002 0 0 100002 0 0 0 0 0
43843 300003 0 0 100001 0 0 0 0 0
43845 100001 2113 0 0 0 0 100001 0 0
43847 200002 0 0 100001 0 0 0 0 0
43850 200002 0 0 0 0 0 0 0 0
43875 200002 0 0 0 0 0 0 0 0
43890 100001 0 0 0 0 0 100001 0 0
43891 200002 100001 1 100001 0 0 100001 0 0
43892 100001 0 0 0 0 0 100001 0 0
43893 100001 100001 1 0 0 0 100001 0 0
43894 100001 0 0 0 0 0 100001 1 0
45086 100002 0 0 100002 0 0 0 0 0
45094 100002 0 0 100002 0 0 0 0 0
49388 200008 126 1 100004 0 0 0 0 0
51107 100002 0 0 0 0 0 100002 5 0
51108 100002 0 0 0 0 0 100002 0 0
51109 100002 0 0 0 0 0 100002 0 0
51110 100002 0 0 0 0 0 100002 0 0
51111 100002 6 1 0 0 0 100002 0 0
51140 700014 2114 1 100002 0 0 100002 0 0
51141 200004 0 0 0 0 0 0 0 0
51142 100002 0 0 100002 0 0 0 0 0
51928 300006 9 1 100002 4 0 100002 0 0
51929 200004 0 0 0 0 0 0 0 0
51936 200004 0 0 100002 40 0 0 0 0
51937 100002 0 0 100002 0 0 0 0 0
51938 200004 0 0 0 0 0 0 0 0
51939 300004 2 1 200000 50 0 0 0 0
51941 200004 0 0 0 0 0 0 0 0
51946 600000 100000 1 200000 124 0 0 0 0
51958 200000 0 0 100000 0 0 0 0 0
51961 200000 0 0 100000 0 0 0 0 0
51973 100000 0 0 0 0 0 0 0 0
51991 400000 200000 1 200000 0 0 0 0 0
51994 700000 100000 1 200000 0 0 100000 0 0
51995 300000 0 0 0 0 0 0 0 0
51997 400000 0 0 100000 0 0 0 0 0
52002 300000 0 0 100000 0 0 0 0 0
52003 200000 0 0 100000 0 0 0 0 0
52018 500000 100000 1 200000 0 0 0 0 0
52022 200000 0 0 0 0 0 0 0 0
52026 100000 0 0 0 0 0 100000 0 0
52028 300000 0 0 100000 0 0 100000 0 0
52029 400000 0 0 100000 0 0 100000 0 0
52046 800018 200004 2 2 0 0 100002 0 0
52047 500010 0 0 0 0 0 100002 0 0
52048 200004 0 0 0 0 0 100002 0 0
52049 300006 123 1 0 0 0 100002 0 0
52050 200004 0 0 0 0 0 100002 0 0
52056 100002 0 0 0 0 0 100002 0 0
52057 100002 0 0 0 0 0 100002 0 0
52058 100002 0 0 0 0 0 0 0 0
52100 200000 100000 0 0 0 0 0 0 0
52120 400009 0 0 100002 0 0 100002 0 0
52202 1300052 8 1 100004 0 0 700028 0 0
52204 100004 0 0 100004 0 0 0 0 0
52207 100004 0 0 0 0 0 100004 0 0
52214 500020 126 2 100004 0 0 0 0 0
52220 300006 0 0 100002 0 0 0 0 0
52230 400006 7 1 100001 0 0 0 0 0
52231 200004 0 0 0 0 0 0 0 0
52234 200002 0 0 0 0 0 0 0 0
52253 500010 124 1 0 0 0 100002 0 0
52254 200004 0 0 0 0 0 0 0 0
52256 300006 0 0 100002 0 0 100002 0 0
52257 300012 2 1 100002 0 0 2 0 0
52266 700014 6 1 200004 0 0 0 0 0
52268 600012 0 0 0 0 0 0 0 0
52269 200002 0 0 100001 0 0 0 0 0
52272 100001 123 1 100001 0 0 0 0 0
52273 100001 0 0 0 0 0 0 0 0
52279 4 1 1 0 0 0 0 0 0
52286 200004 0 0 100002 0 0 0 0 0
52287 100002 124 1 100002 0 0 0 0 0
52289 300006 0 0 100002 0 0 0 0 0
52297 300006 0 0 0 0 0 100002 0 0
52298 300006 1 1 100002 0 0 0 0 0
52299 100009 2 0 0 0 0 100002 0 0
52302 100001 0 0 100001 0 0 0 0 0
52305 100001 0 0 0 0 0 100001 5 0
52306 700007 7 1 100001 0 0 100001 0 0
52316 500005 0 0 300003 0 0 0 0 0
52327 2 1 0 0 0 0 0 0 0
52332 600006 5 0 300003 0 0 100001 0 0
52338 1200048 0 0 900036 0 0 0 0 0
116604 200002 0 0 200002 0 0 0 0 0
fn=sqlite3BtreeClose.isra.0
19273 1 0 0 0 0 0 1 0 0
37008 2 1 1 1 0 0 1 0 0
49388 2 0 0 1 0 0 0 0 0
51607 1 0 0 0 0 0 1 0 0
51613 7 1 1 0 0 0 5 0 0
51614 1 0 0 1 0 0 0 0 0
51619 1 0 0 0 0 0 1 0 0
51620 2 0 0 1 0 0 0 0 0
51621 2 1 1 0 0 0 0 0 0
51633 3 0 0 0 0 0 1 0 0
51648 2 1 1 1 0 0 1 0 0
51649 6 0 0 2 1 0 0 0 0
51650 1 0 0 0 0 0 1 0 0
51652 1 0 0 1 0 0 0 0 0
51654 2 0 0 0 0 0 1 0 0
51660 3 0 0 1 1 0 0 0 0
51661 3 0 0 1 0 0 0 0 0
51664 2 1 1 0 0 0 0 0 0
51666 5 0 0 5 1 0 0 0 0
fn=sqlite3BtreeCloseCursor.isra.0
49388 200008 0 0 100004 0 0 0 0 0
50002 200008 0 0 100004 1 0 100004 0 0
50003 100004 0 0 0 0 0 100004 0 0
50214 200008 0 0 100004 0 0 100004 0 0
50215 100004 0 0 0 0 0 100004 0 0
50216 100004 0 0 0 0 0 100004 0 0
51213 582716 0 0 0 0 0 0 0 0
51219 582716 0 0 291358 13 0 291358 0 0
52100 200008 1 1 100004 1 0 0 0 0
53239 600024 10 1 0 0 0 500020 0 0
53240 100004 0 0 100004 14 0 0 0 0
53241 300012 7 1 0 0 0 0 0 0
53243 100004 0 0 100004 0 0 0 0 0
53244 200008 0 0 0 0 0 100004 0 0
53246 300012 2115 1 100004 19 0 0 0 0
53247 100004 0 0 100004 0 0 0 0 0
53249 200008 100003 1 0 0 0 100004 4 0
53251 200008 0 0 0 0 0 0 0 0
53254 1565447 6 0 391362 0 0 0 0 0
53255 291358 0 0 291358 0 0 0 0 0
53263 600024 0 0 600024 0 0 0 0 0
fn=sqlite3BtreeCommit
49388 2 0 0 1 0 0 0 0 0
52795 3 0 0 1 0 0 0 0 0
52883 3 0 0 0 0 0 0 0 0
52912 5 1 1 0 0 0 2 0 0
52914 1 0 0 0 0 0 1 0 0
52921 3 0 0 3 0 0 0 0 0
fn=sqlite3BtreeCommitPhaseOne.part.0
44370 300003 0 0 100001 1 0 0 0 0
44376 600006 0 0 100001 0 0 100001 0 0
49388 200002 0 0 100001 0 0 0 0 0
52793 1000010 2113 1 0 0 0 600006 0 0
52796 100001 0 0 100001 0 0 0 0 0
52797 100001 0 0 0 0 0 100001 0 0
52799 200002 5 1 100001 0 0 0 0 0
52806 200002 0 0 100001 0 0 0 0 0
52807 100001 0 0 100001 0 0 0 0 0
52814 900009 100001 1 700007 0 0 0 0 0
fn=sqlite3BtreeCommitPhaseTwo.part.0
35904 200002 0 0 0 0 0 0 0 0
40174 100001 0 0 0 0 0 0 0 0
40181 400004 0 0 0 0 0 0 0 0
44534 300003 0 0 100001 0 0 0 0 0
44553 200002 0 0 100001 0 0 0 0 0
44563 400004 123 1 100001 0 0 100001 0 0
49388 200004 124 1 100002 0 0 0 0 0
50120 100001 0 0 100001 67 0 0 0 0
50121 100001 0 0 0 0 0 100001 0 0
50122 100001 0 0 0 0 0 0 0 0
52881 1000020 123 1 0 0 0 600012 0 0
52884 100002 0 0 0 0 0 100002 0 0
52890 200004 0 0 100002 0 0 0 0 0
52892 100001 2113 1 100001 0 0 0 0 0
52895 100001 0 0 100001 0 0 0 0 0
52896 400004 7 1 0 0 0 0 0 0
52900 100001 0 0 0 0 0 100001 0 0
52904 200004 0 0 0 0 0 100002 0 0
52906 100002 0 0 0 0 0 0 0 0
52907 800016 0 0 700014 0 0 0 0 0
fn=sqlite3BtreeCursor
49388 200008 0 0 100004 0 0 0 0 0
53125 100004 0 0 100004 0 0 0 0 0
53142 400012 0 0 100002 0 0 0 0 0
53143 100002 0 0 0 0 0 0 0 0
53145 200024 100003 1 4 0 0 0 0 0
53152 100004 0 0 0 0 0 100004 0 0
53153 200008 0 0 0 0 0 100004 0 0
53154 100004 0 0 0 0 0 100004 0 0
53155 100004 0 0 0 0 0 100004 0 0
53156 100004 0 0 0 0 0 100004 0 0
53157 100004 0 0 0 0 0 100004 0 0
53158 200008 0 0 100004 1 0 100004 0 0
53159 200008 0 0 0 0 0 0 0 0
53162 100004 0 0 0 0 0 100004 0 0
53163 100004 0 0 0 0 0 100004 0 0
53164 100004 0 0 0 0 0 100004 0 0
53165 100004 100003 1 0 0 0 0 0 0
53173 1300052 2119 1 0 0 0 600024 0 0
53175 100004 0 0 0 0 0 100004 0 0
53179 900036 0 0 700028 0 0 0 0 0
fn=sqlite3BtreeDataFetch.part.0
53754 2 0 0 2 0 0 0 0 0
53756 2 0 0 1 0 0 0 0 0
53760 1 1 1 1 0 0 0 0 0
53761 1 0 0 1 0 0 0 0 0
53762 2 0 0 1 0 0 0 0 0
53763 1 0 0 0 0 0 0 0 0
53768 1 0 0 0 0 0 0 0 0
53769 3 0 0 1 0 0 1 0 0
53802 8 1 1 0 0 0 4 0 0
53810 6 0 0 5 0 0 0 0 0
fn=sqlite3BtreeEnter
49349 1400138 120 1 700069 93 0 0 0 0
49372 700069 120 1 700069 0 0 0 0 0
fn=sqlite3BtreeGetMeta
49388 200014 0 0 100007 0 0 0 0 0
57115 900063 200004 2 0 0 0 500035 0 0
57116 100007 0 0 100007 0 0 0 0 0
57118 100007 0 0 0 0 0 100007 0 0
57124 700049 0 0 300021 0 0 100007 0 0
57135 600042 0 0 600042 0 0 0 0 0
fn=sqlite3BtreeInsert
37001 3 1 1 1 0 0 2 0 0
50039 800016 55617 1 300006 0 0 0 0 0
50040 200004 0 0 100002 0 0 0 0 0
50321 100001 5 1 100001 0 0 0 0 0
51213 200002 0 0 0 0 0 0 0 0
51597 400008 0 0 100002 0 0 100002 0 0
51598 1 0 0 0 0 0 1 0 0
55028 100002 0 0 0 0 0 100002 0 0
55029 200002 0 0 0 0 0 0 0 0
55032 200004 0 0 200004 0 0 0 0 0
55033 100002 100001 1 0 0 0 100002 0 0
55046 400008 0 0 100002 0 0 0 0 0
55049 200004 0 0 100002 0 0 0 0 0
55050 700014 0 0 100002 0 0 100002 0 0
55054 500010 0 0 100002 0 0 100002 0 0
55055 400008 2113 1 200004 0 0 100002 0 0
55062 300006 0 0 200004 0 0 0 0 0
55063 300006 2116 1 100002 0 0 100002 0 0
55074 300006 100001 1 200004 0 0 100002 0 0
55075 100002 0 0 100002 0 0 0 0 0
55076 300006 0 0 100002 0 0 0 0 0
55077 300006 0 0 100002 0 0 100002 0 0
55079 400006 0 0 0 0 0 0 0 0
55080 200002 0 0 0 0 0 0 0 0
55134 400004 2116 1 0 0 0 100001 0 0
55145 200002 0 0 0 0 0 0 0 0
55146 100001 0 0 0 0 0 0 0 0
55148 200002 0 0 0 0 0 100001 0 0
55152 100001 0 0 0 0 0 0 0 0
55153 100001 0 0 0 0 0 0 0 0
55156 100001 0 0 0 0 0 0 0 0
55157 200002 100000 0 0 0 0 0 0 0
55158 100001 9 1 100001 0 0 0 0 0
55159 200002 0 0 100001 0 0 0 0 0
55182 3 0 0 0 0 0 0 0 0
56478 1100022 200002 2 0 0 0 900018 0 0
56480 400008 0 0 200004 0 0 200004 0 0
56484 500010 0 0 200004 0 0 0 0 0
56485 100002 100001 1 100002 0 0 0 0 0
56489 200004 0 0 100002 0 0 0 0 0
56517 600012 0 0 200004 0 0 300006 0 0
56518 200004 0 0 0 0 0 0 0 0
56523 300006 0 0 200004 0 0 0 0 0
56527 300006 0 0 100002 0 0 0 0 0
56528 700014 100001 1 300006 0 0 200004 0 0
56529 200004 0 0 0 0 0 0 0 0
56533 400008 100001 1 300006 0 0 100002 0 0
56543 2 0 0 0 0 0 0 0 0
56544 100002 0 0 0 0 0 100002 0 0
56548 500010 100002 2 300006 0 0 0 0 0
56549 300006 0 0 100002 0 0 0 0 0
56552 5 1 1 2 0 0 3 0 0
56553 2 0 0 0 0 0 0 0 0
56556 10 0 0 5 0 0 0 0 0
56557 2 1 1 1 0 0 0 0 0
56560 5 0 0 1 0 0 1 0 0
56561 5 0 0 0 0 0 3 0 0
56562 5 0 0 0 0 0 1 0 0
56563 4 0 0 1 0 0 1 0 0
56564 500005 100001 1 200002 0 0 0 0 0
56566 499995 99999 1 99999 0 0 99999 0 0
56570 900018 100001 1 200004 0 0 200004 0 0
56593 300006 0 0 100002 0 0 100002 0 0
56594 100002 0 0 0 0 0 100002 0 0
56595 800016 0 0 400008 0 0 100002 0 0
56596 8432 0 0 2108 0 0 4216 17 0
56602 6324 0 0 4216 0 0 2108 0 0
56603 2108 0 0 0 0 0 2108 5 0
56608 2108 0 0 0 0 0 0 0 0
56609 1200024 2113 1 1000020 106 0 0 0 0
fn=sqlite3BtreeKeySize.part.0
50543 1199988 0 0 499995 54 0 99999 0 0
53337 599994 99999 1 0 0 0 299997 0 0
53343 699993 99999 1 399996 0 0 99999 0 0
53344 199998 99999 0 99999 0 0 99999 0 0
53347 399996 0 0 399996 0 0 0 0 0
fn=sqlite3BtreeLeaveAll
49388 30 0 0 15 0 0 0 0 0
49453 120 0 0 0 0 0 60 0 0
49457 150 9 1 45 0 0 0 0 0
49458 120 0 0 60 0 0 0 0 0
49459 60 11 1 0 0 0 0 0 0
49461 90 0 0 75 0 0 0 0 0
fn=sqlite3BtreeMovetoUnpacked
54145 1600080 100001 1 100005 0 0 1100055 0 0
54155 400014 99999 0 200007 0 0 0 0 0
54156 300006 100000 1 200004 0 0 0 0 0
54158 300006 99999 0 100002 0 0 0 0 0
54159 8 2 2 4 0 0 4 0 0
54160 8 0 0 0 0 0 4 0 0
54162 399996 0 0 199998 0 0 0 0 0
54163 200002 2 1 100001 0 0 100001 0 0
54164 100001 0 0 0 0 0 100001 0 0
54168 9 2 1 0 0 0 6 0 0
54169 6 0 0 0 0 0 0 0 0
54175 6 0 0 3 0 0 0 0 0
54184 2 0 0 2 0 0 0 0 0
54196 3 1 1 1 0 0 0 0 0
54197 3 0 0 1 0 0 0 0 0
54198 6 0 0 0 0 0 1 0 0
54200 7 1 1 0 0 0 0 0 0
54206 2 1 1 0 0 0 1 0 0
54207 13 1 1 6 0 0 0 0 0
54208 2 0 0 1 0 0 0 0 0
54210 2 0 0 1 0 0 0 0 0
54212 4 1 1 1 0 0 0 0 0
54214 2 0 0 1 0 0 1 0 0
54215 3 0 0 2 0 0 0 0 0
54223 4 0 0 0 0 0 1 0 0
54224 2 0 0 1 0 0 1 0 0
54258 4 0 0 0 0 0 2 0 0
54275 2 0 0 1 0 0 0 0 0
54317 1200060 2113 1 1000050 0 0 0 0 0
fn=sqlite3BtreeNext
50268 1 0 0 0 0 0 0 0 0
54341 9 1 1 0 0 0 4 0 0
54347 3 0 0 1 0 0 0 0 0
54352 2 1 1 0 0 0 0 0 0
54356 3 0 0 1 0 0 0 0 0
54361 1 0 0 0 0 0 1 0 0
54363 4 0 0 2 0 0 0 0 0
54364 4 1 1 1 0 0 1 0 0
54374 2 0 0 0 0 0 1 0 0
54375 1 0 0 0 0 0 1 0 0
54376 2 0 0 1 1 0 0 0 0
54377 2 0 0 1 0 0 0 0 0
54385 2 1 1 0 0 0 0 0 0
54386 1 0 0 0 0 0 1 0 0
54387 1 0 0 0 0 0 1 0 0
54388 1 0 0 0 0 0 0 0 0
54407 6 0 0 5 0 0 0 0 0
fn=sqlite3BtreeOpen
19273 3 0 0 2 0 0 1 0 0
21321 27 0 0 9 0 0 0 0 0
21322 4 0 0 0 0 0 1 0 0
36218 2 0 0 1 0 0 1 0 0
36219 1 0 0 0 0 0 1 0 0
36220 3 0 0 0 0 0 1 0 0
36221 1 0 0 0 0 0 1 0 0
36222 1 0 0 0 0 0 1 0 0
36223 1 0 0 0 0 0 1 0 0
36630 1 0 0 0 0 0 1 0 0
36631 3 0 0 1 0 0 0 0 0
41704 2 0 0 2 0 0 0 0 0
41726 3 0 0 2 0 0 1 0 0
41727 2 0 0 0 0 0 1 0 0
41878 2 0 0 0 0 0 1 0 0
41879 1 0 0 0 0 0 1 0 0
41881 4 1 1 2 0 0 0 0 0
42047 4 0 0 2 0 0 0 0 0
42843 2 1 1 1 0 0 0 0 0
42845 1 0 0 0 0 0 1 0 0
42846 2 0 0 0 0 0 1 0 0
42847 1 0 0 0 0 0 1 0 0
42857 2 0 0 2 0 0 0 0 0
42858 6 0 0 0 0 0 1 0 0
42864 1 0 0 0 0 0 1 0 0
42867 4 1 1 1 0 0 1 0 0
42868 1 0 0 0 0 0 1 0 0
42869 4 0 0 1 0 0 0 0 0
42870 4 2 2 0 0 0 1 0 0
42871 2 0 0 0 0 0 0 0 0
42873 1 0 0 0 0 0 1 0 0
42926 2 1 1 0 0 0 1 0 0
42929 5 1 1 2 0 0 0 0 0
42934 5 1 1 1 0 0 1 0 0
42938 3 0 0 1 0 0 0 0 0
42943 2 0 0 0 0 0 1 0 0
42944 2 0 0 0 0 0 1 0 0
42945 8 1 1 2 0 0 2 0 0
42946 3 0 0 1 0 0 1 0 0
42947 2 0 0 0 0 0 1 0 0
42951 2 0 0 0 0 0 0 0 0
42953 7 1 1 2 0 0 2 0 0
42955 5 0 0 3 0 0 0 0 0
42957 3 0 0 2 0 0 0 0 0
42960 3 0 0 1 0 0 1 0 0
42962 3 0 0 2 0 0 0 0 0
42967 2 0 0 1 0 0 1 0 0
42968 1 0 0 0 0 0 1 0 0
42972 3 0 0 1 0 0 0 0 0
43020 1 0 0 0 0 0 0 0 0
43021 2 1 1 0 0 0 1 0 0
43023 2 0 0 0 0 0 0 0 0
43031 7 1 1 0 0 0 4 0 0
43038 4 0 0 2 0 0 0 0 0
43048 6 0 0 2 0 0 0 0 0
43054 3 0 0 0 0 0 1 0 0
43061 1 0 0 0 0 0 1 0 0
43067 1 0 0 0 0 0 1 0 0
43071 1 0 0 0 0 0 1 0 0
43072 1 0 0 0 0 0 1 0 0
43073 1 0 0 0 0 0 1 0 0
43074 1 0 0 0 0 0 1 0 0
43076 1 0 0 0 0 0 1 0 0
43077 2 0 0 0 0 0 0 0 0
43091 2 1 1 0 0 0 1 0 0
43092 1 0 0 0 0 0 1 0 0
43094 3 0 0 0 0 0 2 0 0
43095 3 0 0 1 0 0 0 0 0
43097 3 1 1 1 0 0 0 0 0
43098 2 1 1 0 0 0 1 0 0
43102 2 1 1 0 0 0 1 0 0
43106 1 0 0 0 0 0 1 0 0
49388 2 0 0 1 0 0 0 0 0
51288 17 2 2 1 0 0 11 0 0
51291 1 0 0 0 0 0 1 0 0
51297 6 0 0 1 0 0 0 0 0
51305 5 0 0 0 0 0 1 0 0
51307 1 0 0 0 0 0 1 0 0
51322 1 1 1 1 0 0 0 0 0
51324 2 0 0 0 0 0 0 0 0
51325 3 1 1 0 0 0 0 0 0
51327 3 0 0 0 0 0 1 0 0
51328 2 0 0 0 0 0 0 0 0
51331 1 0 0 0 0 0 1 0 0
51332 2 0 0 1 0 0 1 0 0
51334 1 0 0 0 0 0 1 0 0
51335 1 1 1 0 0 0 1 0 0
51343 7 0 0 1 0 0 0 0 0
51417 3 2 2 0 0 0 1 0 0
51418 2 0 0 0 0 0 0 0 0
51426 1 0 0 1 0 0 0 0 0
51431 2 0 0 1 0 0 1 0 0
51432 2 0 0 1 0 0 1 0 0
51433 1 0 0 1 0 0 0 0 0
51434 1 0 0 0 0 0 1 0 0
51436 1 1 1 0 0 0 1 0 0
51437 1 0 0 0 0 0 1 0 0
51438 2 0 0 1 0 0 0 0 0
51442 6 0 0 2 0 0 1 0 0
51443 3 1 1 0 0 0 0 0 0
51444 3 0 0 0 0 0 0 0 0
51445 1 1 1 0 0 0 1 0 0
51453 4 0 0 1 0 0 0 0 0
51458 2 1 1 0 0 0 0 0 0
51467 4 1 1 1 0 0 1 0 0
51468 2 0 0 0 0 0 0 0 0
51469 3 0 0 1 0 0 1 0 0
51475 2 0 0 1 0 0 0 0 0
51526 2 1 1 1 0 0 1 0 0
51541 2 0 0 1 0 0 0 0 0
51542 1 0 0 1 0 0 0 0 0
51545 3 1 1 1 0 0 0 0 0
51550 12 1 1 9 0 0 0 0 0
57863 2 0 0 1 0 0 0 0 0
57864 2 0 0 0 0 0 1 0 0
57870 1 1 1 0 0 0 0 0 0
fn=sqlite3BtreeRollback.isra.0
49388 4 0 0 2 0 0 0 0 0
52966 26 1 1 2 0 0 14 0 0
52968 2 0 0 2 0 0 0 0 0
52971 2 0 0 0 0 0 2 0 0
52972 4 1 1 0 0 0 0 0 0
52973 10 1 1 2 1 0 2 0 0
52977 4 0 0 0 0 0 0 0 0
52982 4 0 0 2 0 0 0 0 0
53007 4 0 0 0 0 0 2 0 0
53010 22 0 0 18 0 0 0 0 0
fn=sqlite3BtreeSetCacheSize.isra.0
36244 2 0 0 0 0 0 0 0 0
36630 1 0 0 0 0 0 1 0 0
36631 3 0 0 1 0 0 0 0 0
36632 3 0 0 1 0 0 1 0 0
41704 2 1 1 2 0 0 0 0 0
49388 2 0 0 1 0 0 0 0 0
51683 8 1 1 0 0 0 4 0 0
51684 1 0 0 1 0 0 0 0 0
51686 1 0 0 0 0 0 1 0 0
51690 6 0 0 5 0 0 0 0 0
fn=sqlite3BtreeUpdateMeta
22237 9 1 1 0 0 0 3 0 0
49388 6 0 0 3 0 0 0 0 0
57141 33 1 1 0 0 0 18 0 0
57142 3 0 0 3 0 0 0 0 0
57146 3 0 0 0 0 0 3 0 0
57149 6 0 0 6 0 0 0 0 0
57150 6 0 0 3 0 0 3 0 0
57151 6 0 0 0 0 0 0 0 0
57152 6 0 0 0 0 0 0 0 0
57154 6 0 0 0 0 0 0 0 0
57163 24 0 0 21 0 0 0 0 0
fn=sqlite3ChangeCookie
60078 1 0 0 1 0 0 0 0 0
60081 7 1 1 1 0 0 0 0 0
60086 4 1 1 0 0 0 2 0 0
60087 7 0 0 2 0 0 0 0 0
60088 4 0 0 0 0 0 2 0 0
60089 2 0 0 0 0 0 2 0 0
60090 2 0 0 0 0 0 2 0 0
60091 2 0 0 0 0 0 2 1 0
60092 2 0 0 0 0 0 2 0 0
60093 2 0 0 0 0 0 2 0 0
79354 3 1 1 1 0 0 0 0 0
79355 4 1 1 1 0 0 1 0 0
79369 5 1 1 1 0 0 0 0 0
79372 33 0 0 0 0 0 0 0 0
79373 20 0 0 10 0 0 0 0 0
79378 3 0 0 0 0 0 2 0 0
83528 10 1 1 0 0 0 6 0 0
83531 1 0 0 1 0 0 0 0 0
83533 7 0 0 4 0 0 0 0 0
83536 8 0 0 7 0 0 0 0 0
fn=sqlite3CheckObjectName
82920 4 1 1 0 0 0 3 0 0
82921 15 0 0 9 0 0 0 0 0
82922 3 0 0 1 0 0 0 0 0
82923 6 0 0 0 0 0 1 0 0
82927 4 3 1 0 0 0 0 0 0
82928 7 0 0 7 0 0 0 0 0
fn=sqlite3Close.part.0
49448 12 0 0 3 0 0 0 0 0
49449 8 1 1 4 0 0 0 0 0
49450 5 0 0 0 0 0 1 0 0
104061 2 0 0 1 0 0 0 0 0
115567 10 0 0 2 0 0 0 0 0
115568 8 1 1 4 0 0 0 0 0
115569 4 0 0 0 0 0 0 0 0
115571 15 0 0 5 2 0 0 0 0
115572 3 0 0 3 3 0 0 0 0
115573 6 0 0 3 3 0 0 0 0
115577 2 1 1 0 0 0 1 0 0
115590 2 1 1 1 0 0 0 0 0
115591 9 0 0 1 0 0 0 0 0
115592 8 1 1 3 0 0 0 0 0
115593 7 0 0 1 0 0 0 0 0
115601 11 1 1 0 0 0 7 0 0
115608 2 0 0 1 0 0 1 0 0
115625 3 0 0 1 0 0 0 0 0
115641 1 0 0 0 0 0 1 0 0
115642 2 0 0 0 0 0 1 0 0
115643 1 0 0 0 0 0 0 0 0
115644 8 1 1 7 1 0 0 0 0
fn=sqlite3CodeRowTrigger
102168 2 1 1 0 0 0 0 0 0
102186 1 1 1 1 0 0 0 0 0
fn=sqlite3CodeVerifySchema
60078 7 0 0 7 0 0 0 0 0
60081 21 0 0 7 0 0 0 0 0
60086 14 0 0 0 0 0 7 0 0
60087 28 0 0 7 0 0 0 0 0
60088 14 0 0 0 0 0 7 0 0
60089 7 0 0 0 0 0 7 3 1
60090 7 0 0 0 0 0 7 0 0
60091 7 7 1 0 0 0 7 0 0
60093 7 0 0 0 0 0 7 0 0
85729 84 8 1 0 0 0 60 0 0
85730 36 0 0 12 0 0 0 0 0
85741 36 0 0 12 0 0 0 0 0
85744 14 0 0 0 0 0 7 0 0
85746 24 1 0 0 0 0 0 0 0
85747 9 0 0 9 0 0 0 0 0
85754 27 0 0 0 0 0 0 0 0
85755 27 0 0 9 1 0 0 0 0
85756 14 0 0 0 0 0 7 0 0
85757 49 0 0 21 0 0 7 0 0
85758 14 0 0 0 0 0 0 0 0
85763 96 8 1 72 0 0 0 0 0
97557 7 0 0 7 0 0 0 0 0
97558 14 7 1 0 0 0 0 0 0
fn=sqlite3CollapseDatabaseArray
82611 9 1 1 0 0 0 6 0 0
82613 3 0 0 1 0 0 0 0 0
82625 5 1 1 1 0 0 0 0 0
82626 1 0 0 0 0 0 1 0 0
82627 4 0 0 1 0 0 0 0 0
82632 8 1 1 7 0 0 0 0 0
fn=sqlite3ColumnDefault.part.0
63159 7 0 0 7 0 0 0 0 0
102305 91 2 1 7 0 0 42 0 0
102309 14 0 0 14 0 0 0 0 0
102310 35 2 1 7 0 0 0 0 0
102313 35 2 1 21 0 0 7 0 0
102315 21 0 0 7 0 0 0 0 0
102319 35 0 0 14 0 0 0 0 0
102324 70 2 1 56 0 0 0 0 0
fn=sqlite3CompleteInsertion
60078 10 0 0 10 0 0 0 0 0
60081 35 0 0 10 0 0 0 0 0
60086 20 5 1 0 0 0 10 0 0
60087 30 0 0 10 0 0 0 0 0
60088 20 0 0 0 0 0 10 0 0
60089 10 0 0 0 0 0 10 2 1
60090 15 0 0 5 0 0 10 0 0
60091 10 0 0 0 0 0 10 0 0
60092 15 0 0 5 0 0 10 0 0
60093 10 5 1 0 0 0 10 2 0
60503 15 0 0 5 0 0 0 0 0
60505 15 0 0 5 0 0 5 0 0
77501 15 5 1 5 0 0 5 0 0
79354 15 0 0 5 0 0 0 0 0
79355 12 4 1 4 0 0 4 0 0
79357 4 0 0 1 0 0 1 0 0
91604 70 5 1 5 0 0 50 0 0
91616 20 0 0 10 0 0 0 0 0
91624 10 10 2 5 0 0 0 0 0
91626 10 0 0 10 0 0 0 0 0
91627 25 0 0 5 0 0 10 0 0
91628 5 0 0 5 0 0 0 0 0
91629 15 0 0 5 0 0 0 0 0
91630 5 0 0 0 0 0 0 0 0
91633 16 0 0 4 0 0 0 0 0
91636 25 0 0 5 0 0 0 0 0
91639 20 5 1 0 0 0 0 0 0
91642 10 0 0 0 0 0 0 0 0
91643 28 4 1 8 0 0 4 0 0
91646 40 0 0 35 0 0 0 0 0
97557 5 0 0 5 0 0 0 0 0
97558 10 5 1 0 0 0 0 0 0
fn=sqlite3CreateFunc
21321 19 1 1 6 0 0 0 0 0
21322 2 0 0 0 0 0 0 0 0
115550 2 1 1 0 0 0 0 0 0
116131 8 1 1 0 0 0 6 0 0
116136 9 0 0 0 0 0 0 0 0
116137 3 1 1 2 0 0 0 0 0
116139 2 0 0 0 0 0 0 0 0
116140 3 0 0 0 0 0 0 0 0
116153 2 1 1 0 0 0 0 0 0
116155 3 0 0 0 0 0 0 0 0
116177 8 0 0 0 0 0 4 0 0
116178 5 1 1 3 0 0 0 0 0
116189 7 0 0 0 0 0 2 0 0
116191 5 0 0 2 0 0 1 0 0
116199 2 0 0 1 0 0 0 0 0
116202 2 0 0 1 0 0 1 0 0
116203 1 0 0 0 0 0 1 0 0
116204 1 0 0 0 0 0 1 0 0
116205 2 0 0 1 0 0 1 0 0
116206 2 1 1 1 0 0 1 0 0
116207 1 0 0 0 0 0 1 0 0
116208 1 0 0 0 0 0 1 0 0
116209 1 0 0 0 0 0 0 0 0
116210 8 0 0 7 0 0 0 0 0
fn=sqlite3DbFree
19201 4402258 14 1 400575 199 0 0 0 0
19250 10803762 11 1 0 0 0 3601254 0 0
19252 3601254 0 0 0 0 0 0 0 0
19253 5401662 0 0 1800554 1 0 0 0 0
19263 200424 0 0 100212 0 0 100212 85 0
19264 100212 0 0 0 0 0 100212 0 0
19265 100212 0 0 100212 0 0 0 0 0
19266 100212 0 0 0 0 0 0 0 0
19273 1700415 12 1 0 0 0 0 0 0
19274 3701466 4 0 3701466 0 0 0 0 0
fn=sqlite3DbMallocRaw
19380 1201446 0 0 0 0 0 400482 0 0
19385 400482 0 0 0 0 0 0 0 0
19387 400480 100007 1 200240 0 0 0 0 0
19390 400480 0 0 200240 0 0 0 0 0
19391 600537 0 0 200179 0 0 0 0 0
19392 100031 99996 0 100031 0 0 0 0 0
19393 300444 0 0 100148 0 0 0 0 0
19396 200296 0 0 100148 84 0 100148 0 0
19397 300444 5 0 100148 0 0 100148 0 0
19398 100148 0 0 100148 0 0 0 0 0
19399 200296 0 0 100148 0 0 0 0 0
19400 38 0 0 0 0 0 38 0 0
19411 100093 1 1 0 0 0 100092 0 0
19412 200184 0 0 0 0 0 0 0 0
19418 600722 1 1 600722 0 0 0 0 0
fn=sqlite3DbMallocZero
19354 225 13 1 0 0 0 135 4 4
19357 45 0 0 0 0 0 0 0 0
19360 225 0 0 180 0 0 0 0 0
19385 90 0 0 0 0 0 0 0 0
19387 135 0 0 45 0 0 0 0 0
19390 90 11 1 45 0 0 0 0 0
19391 108 0 0 36 0 0 0 0 0
19392 16 8 0 16 0 0 0 0 0
19393 60 0 0 20 0 0 0 0 0
19396 40 0 0 20 10 0 20 0 0
19397 60 0 0 20 0 0 20 0 0
19398 20 0 0 20 0 0 0 0 0
19399 40 0 0 20 0 0 0 0 0
19400 6 1 0 0 0 0 3 0 0
19411 75 1 1 0 0 0 25 0 0
19412 50 0 0 0 0 0 0 0 0
fn=sqlite3DbNameToBtree
118089 30 0 0 0 0 0 15 0 0
118091 9 2 1 3 0 0 0 0 0
118092 21 0 0 6 0 0 0 0 0
118093 6 0 0 0 0 0 0 0 0
118099 21 2 1 18 0 0 0 0 0
fn=sqlite3DbRealloc
19201 188 7 1 94 0 0 0 0 0
19424 528 8 1 0 0 0 352 0 0
19428 440 7 1 88 0 0 0 0 0
19429 176 0 0 0 0 0 0 0 0
19430 41 0 0 0 0 0 0 0 0
19433 168 0 0 42 0 0 0 0 0
19436 2 0 0 0 0 0 1 0 0
19437 2 0 0 0 0 0 0 0 0
19438 1 0 0 1 0 0 0 0 0
19439 4 0 0 0 0 0 1 0 0
19445 15 0 0 0 0 0 5 0 0
19446 10 0 0 0 0 0 0 0 0
19455 534 7 1 399 0 0 0 0 0
fn=sqlite3DbStrDup
19477 4 0 0 0 0 0 3 0 0
19480 2 1 1 0 0 0 0 0 0
19483 2 0 0 0 0 0 0 0 0
19485 2 0 0 0 0 0 1 0 0
19486 2 0 0 0 0 0 0 0 0
19490 5 1 1 4 0 0 0 0 0
21321 28 1 1 9 0 0 0 0 0
21322 2 0 0 0 0 0 0 0 0
fn=sqlite3DbStrNDup
19385 88 0 0 0 0 0 0 0 0
19387 88 10 1 44 0 0 0 0 0
19390 88 0 0 44 0 0 0 0 0
19391 132 0 0 44 0 0 0 0 0
19393 132 8 1 44 0 0 0 0 0
19396 88 0 0 44 28 0 44 0 0
19397 132 0 0 44 0 0 44 0 0
19398 44 0 0 44 0 0 0 0 0
19399 88 0 0 44 0 0 0 0 0
19400 3 0 0 0 0 0 3 0 0
19491 396 0 0 0 0 0 176 0 0
19493 88 8 1 0 0 0 0 0 0
19497 44 0 0 0 0 0 0 0 0
19500 44 0 0 0 0 0 44 0 0
19503 308 0 0 220 0 0 0 0 0
fn=sqlite3DeleteTable.part.0
82721 32 2 1 0 0 0 20 0 0
82738 16 0 0 4 3 0 0 0 0
82757 12 2 1 0 0 0 4 0 0
82758 12 0 0 4 0 0 4 0 0
82759 12 0 0 4 0 0 4 0 0
82760 4 0 0 4 0 0 0 0 0
82762 12 2 1 4 0 0 4 0 0
82767 12 2 1 0 0 0 0 0 0
82771 20 0 0 20 0 0 0 0 0
90072 16 4 2 4 0 0 0 0 0
96176 8 0 0 0 0 0 0 0 0
103426 4 2 1 4 0 0 0 0 0
103427 4 0 0 0 0 0 4 0 0
103437 8 0 0 0 0 0 0 0 0
103534 10 0 0 1 0 0 0 0 0
103535 12 0 0 4 0 0 0 0 0
fn=sqlite3Dequote.isra.0
21416 178 8 1 0 0 0 0 0 0
21417 86 0 0 86 0 0 0 0 0
21418 472 14 2 0 0 0 0 0 0
21425 687 0 0 97 0 0 0 0 0
21426 194 0 0 0 0 0 0 0 0
21427 16 0 0 8 0 0 0 0 0
21428 186 0 0 0 0 0 89 0 0
21434 97 0 0 0 0 0 0 0 0
21437 8 0 0 0 0 0 8 0 0
21439 89 0 0 89 0 0 0 0 0
fn=sqlite3EndTable
21058 15 3 1 0 0 0 0 0 0
21063 970 0 0 3 0 0 0 0 0
21064 1428 3 1 238 0 0 0 0 0
21065 473 0 0 0 0 0 0 0 0
21320 6 0 0 0 0 0 0 0 0
21321 108 3 1 35 0 0 0 0 0
21322 6 0 0 0 0 0 0 0 0
60078 2 0 0 2 0 0 0 0 0
60081 3 0 0 1 0 0 0 0 0
60086 3 0 0 1 0 0 1 0 0
60087 3 0 0 1 0 0 0 0 0
60088 2 0 0 0 0 0 1 0 0
60089 1 0 0 0 0 0 1 0 0
60090 1 1 1 0 0 0 1 0 0
60091 1 0 0 0 0 0 1 0 0
60093 1 0 0 0 0 0 1 0 0
83684 60 8 2 4 0 0 44 0 0
83686 4 0 0 4 0 0 0 0 0
83689 16 0 0 4 0 0 0 0 0
83692 4 0 0 4 0 0 0 0 0
83693 8 0 0 0 0 0 0 0 0
83697 4 0 0 4 0 0 0 0 0
83702 8 0 0 4 0 0 0 0 0
83732 8 4 1 4 0 0 0 0 0
83733 6 0 0 3 0 0 3 0 0
83765 8 1 1 1 0 0 1 0 0
83782 2 0 0 1 0 0 0 0 0
83787 1 0 0 1 0 0 0 0 0
83809 8 1 1 4 0 0 2 0 0
83810 7 1 1 1 0 0 1 0 0
83819 18 2 2 7 0 0 5 0 0
83823 2 0 0 0 0 0 0 0 0
83831 4 1 0 0 0 0 1 0 0
83832 3 0 0 1 1 0 1 0 0
83838 2 1 1 1 0 0 0 0 0
83851 9 0 0 2 1 0 2 0 0
83858 2 1 1 1 0 0 0 0 0
83860 3 0 0 3 0 0 0 0 0
83862 9 0 0 0 0 0 3 0 0
83863 3 0 0 3 0 0 0 0 0
83864 6 0 0 0 0 0 0 0 0
83869 6 6 2 3 0 0 3 0 0
83870 3 0 0 3 0 0 0 0 0
83873 6 0 0 3 0 0 0 0 0
83874 3 0 0 3 0 0 0 0 0
83877 12 0 0 6 0 0 0 0 0
83880 12 3 1 6 0 0 0 0 0
83881 9 3 1 0 0 0 3 0 0
83885 44 4 1 36 0 0 0 0 0
95718 8 4 1 0 0 0 0 0 0
95719 32 0 0 8 0 0 0 0 0
95720 10 0 0 5 0 0 0 0 0
97557 3 0 0 2 0 0 1 0 0
97558 2 1 1 0 0 0 0 0 0
fn=sqlite3Error
21346 10200510 131 2 600030 0 0 4800240 6 0
21347 2400122 125 1 600030 5 0 1 0 0
21348 600030 0 0 0 0 0 600030 1 0
21349 1200060 0 0 0 0 0 0 0 0
21357 600030 122 0 600030 0 0 0 0 0
21360 6000300 9 1 4200210 0 0 0 0 0
59492 600030 0 0 0 0 0 600030 26 0
59785 3 2 2 0 0 0 1 0 0
59786 2 0 0 0 0 0 0 0 0
59787 2 0 0 0 0 0 1 0 0
59788 1 0 0 0 0 0 1 0 0
59789 1 0 0 0 0 0 1 0 0
59921 1200060 0 0 0 0 0 0 0 0
fn=sqlite3ExprAffinity
75260 4 0 0 0 0 0 0 0 0
75265 16 1 1 2 0 0 2 0 0
75271 6 0 0 2 0 0 0 0 0
75275 1 0 0 1 0 0 0 0 0
75276 3 1 1 0 0 0 0 0 0
75278 5 0 0 3 0 0 0 0 0
75280 2 0 0 2 0 0 0 0 0
75315 16 1 0 2 0 0 0 0 0
fn=sqlite3ExprAlloc
19355 138 2 1 0 0 0 35 0 0
19356 70 0 0 0 0 0 0 0 0
19357 33 7 1 0 0 0 0 0 0
75629 490 7 1 35 0 0 280 0 0
75632 35 0 0 0 0 0 35 0 0
75634 103 7 1 0 0 0 0 0 0
75635 66 0 0 0 0 0 0 0 0
75637 66 0 0 33 0 0 0 0 0
75641 33 0 0 0 0 0 0 0 0
75643 35 0 0 0 0 0 35 0 0
75644 70 0 0 0 0 0 35 0 0
75646 66 7 1 0 0 0 0 0 0
75651 66 0 0 0 0 0 33 0 0
75653 99 0 0 33 0 0 0 0 0
75654 66 0 0 33 0 0 33 0 0
75655 132 0 0 33 0 0 0 0 0
75656 303 6 1 84 0 0 18 4 4
75657 10 2 1 5 0 0 5 0 0
75658 5 0 0 0 0 0 0 0 0
75663 35 1 0 0 0 0 35 0 0
75666 33 0 0 0 0 0 0 0 0
75667 420 0 0 315 0 0 0 0 0
fn=sqlite3ExprAttachSubtrees
75695 20 2 1 0 0 0 12 0 0
75696 12 0 0 0 0 0 0 0 0
75701 8 0 0 0 0 0 0 0 0
75702 2 0 0 0 0 0 2 0 0
75703 6 0 0 4 0 0 0 0 0
75705 8 0 0 0 0 0 0 0 0
75706 2 0 0 0 0 0 2 0 0
75707 6 0 0 4 0 0 0 0 0
75709 4 0 0 0 0 0 0 0 0
75711 12 2 1 12 0 0 0 0 0
fn=sqlite3ExprCacheClear
77288 4 0 0 2 0 0 0 0 0
77289 3 0 0 1 0 0 0 0 0
77290 3 1 0 0 0 0 2 0 0
77292 1 0 0 0 0 0 1 0 0
77488 231 6 2 0 0 0 0 0 0
77489 210 0 0 70 0 0 0 0 0
77491 2 1 0 0 0 0 2 0 0
77494 7 0 0 7 0 0 0 0 0
fn=sqlite3ExprCacheRemove
77288 12 1 0 6 0 0 0 0 0
77367 8 7 1 0 0 0 0 0 0
77369 264 1 0 0 0 0 0 0 0
77370 80 0 0 80 2 0 0 0 0
77371 308 0 0 0 0 0 0 0 0
77373 6 0 0 0 0 0 6 0 0
77376 8 0 0 8 0 0 0 0 0
fn=sqlite3ExprCacheStore
77301 24 0 0 0 0 0 0 0 0
77314 24 3 1 16 0 0 0 0 0
77328 42 0 0 0 0 0 0 0 0
77329 42 0 0 14 0 0 0 0 0
77330 16 3 1 8 0 0 8 0 0
77331 8 0 0 0 0 0 8 0 0
77332 8 0 0 0 0 0 8 0 0
77333 8 0 0 0 0 0 8 0 0
77334 8 0 0 0 0 0 8 0 0
77335 32 0 0 8 0 0 16 0 0
77336 8 0 0 8 0 0 0 0 0
fn=sqlite3ExprCode
60078 1 0 0 1 0 0 0 0 0
60081 3 0 0 1 0 0 0 0 0
60086 2 0 0 0 0 0 1 0 0
60087 3 1 1 1 0 0 0 0 0
60088 2 0 0 0 0 0 1 0 0
60089 1 0 0 0 0 0 1 0 0
60090 1 0 0 0 0 0 1 0 0
60091 1 0 0 0 0 0 1 0 0
60092 1 0 0 0 0 0 1 0 0
60093 1 0 0 0 0 0 1 0 0
78198 168 5 1 0 0 0 105 0 0
78202 84 0 0 21 0 0 0 0 0
78203 2 0 0 2 0 0 0 0 0
78205 80 0 0 0 0 0 20 0 0
78207 40 0 0 0 0 0 0 0 0
78212 147 10 2 126 0 0 0 0 0
fn=sqlite3ExprCodeExprList.isra.0
78663 20 4 2 0 0 0 14 0 0
78675 36 0 0 0 0 0 0 0 0
78677 30 2 1 6 0 0 6 0 0
78678 12 0 0 0 0 0 0 0 0
78684 16 4 2 14 0 0 0 0 0
fn=sqlite3ExprCodeGetColumn
77459 105 4 2 0 0 0 42 0 0
77460 7 0 0 7 0 0 0 0 0
77464 231 0 0 0 0 0 0 0 0
77465 234 0 0 82 0 0 0 0 0
77472 49 2 1 0 0 0 14 0 0
77473 14 0 0 0 0 0 0 0 0
77476 42 2 1 0 0 0 7 0 0
77479 63 2 1 49 0 0 0 0 0
fn=sqlite3ExprCodeGetColumnOfTable
60078 7 0 0 7 0 0 0 0 0
60081 14 0 0 7 0 0 0 0 0
60086 14 0 0 0 0 0 7 0 0
60087 21 0 0 7 0 0 0 0 0
60088 7 0 0 0 0 0 7 0 0
60089 7 0 0 0 0 0 7 0 0
60090 7 0 0 0 0 0 7 0 0
60091 7 0 0 0 0 0 7 1 0
60092 7 0 0 0 0 0 7 0 0
60093 7 0 0 0 0 0 7 1 0
60094 7 2 1 0 0 0 7 0 0
77431 84 2 1 0 0 0 42 0 0
77432 35 0 0 7 0 0 0 0 0
77435 49 2 1 7 0 0 0 0 0
77441 84 0 0 42 0 0 0 0 0
102307 14 0 0 7 0 0 0 0 0
fn=sqlite3ExprCodeTarget
60078 16 4 1 16 0 0 0 0 0
60081 48 0 0 16 0 0 0 0 0
60086 32 0 0 0 0 0 16 0 0
60087 48 0 0 16 0 0 0 0 0
60088 32 0 0 0 0 0 16 0 0
60089 16 0 0 0 0 0 16 1 0
60090 16 4 1 0 0 0 16 0 0
60091 16 0 0 0 0 0 16 3 1
60092 16 0 0 0 0 0 16 0 0
60093 16 0 0 0 0 0 16 0 0
77551 330 14 2 30 0 0 210 0 0
77552 30 0 0 30 0 0 0 0 0
77555 30 0 0 0 0 0 30 0 0
77556 30 0 0 0 0 0 30 0 0
77558 30 0 0 30 0 0 0 0 0
77561 60 0 0 0 0 0 0 0 0
77566 150 7 1 0 0 0 0 0 0
77569 60 0 0 30 0 0 0 0 0
77571 240 0 0 30 10 3 0 0 0
77587 21 4 2 7 0 0 0 0 0
77590 7 0 0 7 0 0 0 0 0
77592 49 2 1 14 0 0 7 0 0
77611 40 2 1 5 0 0 5 1 0
77638 16 0 0 16 0 0 0 0 0
77639 48 0 0 32 0 0 0 0 0
77642 112 4 1 48 0 0 16 0 0
77647 2 2 1 2 0 0 0 0 0
77648 2 0 0 0 0 0 0 0 0
78156 20 2 1 10 0 0 5 0 0
78167 28 2 1 28 0 0 0 0 0
78168 49 0 0 28 0 0 0 0 0
78170 330 14 2 270 0 0 0 0 0
79369 140 14 2 0 0 0 0 0 0
fn=sqlite3ExprCodeTemp
78181 17 1 1 0 0 0 8 0 0
78183 6 1 1 0 0 0 2 0 0
78184 4 0 0 0 0 0 0 0 0
78185 2 0 0 0 0 0 2 0 0
78191 12 0 0 10 0 0 0 0 0
79354 6 0 0 2 0 0 0 0 0
79355 8 1 1 2 0 0 2 0 0
79369 5 0 0 1 0 0 0 0 0
79372 33 0 0 0 0 0 0 0 0
79373 20 0 0 10 0 0 0 0 0
79378 4 0 0 0 0 0 2 0 0
fn=sqlite3ExprCollSeq
75330 18 2 1 0 0 0 9 0 0
75331 3 2 1 3 0 0 0 0 0
75334 11 0 0 0 0 0 0 0 0
75335 6 0 0 3 0 0 0 0 0
75336 12 0 0 0 0 0 0 0 0
75341 6 0 0 0 0 0 0 0 0
75345 30 2 1 6 0 0 3 0 0
75351 3 2 1 3 0 0 0 0 0
75352 6 0 0 0 0 0 0 0 0
75353 4 1 1 2 0 0 0 0 0
75354 3 0 0 3 0 0 0 0 0
75372 15 2 1 12 0 0 0 0 0
86143 1 0 0 0 0 0 0 0 0
86146 8 0 0 5 1 0 1 0 0
86147 2 0 0 0 0 0 0 0 0
86230 2 0 0 0 0 0 0 0 0
86233 2 1 1 1 0 0 0 0 0
86237 5 0 0 0 0 0 0 0 0
fn=sqlite3ExprCompare
79028 180 2 1 0 0 0 108 0 0
79029 48 2 1 0 0 0 0 0 0
79030 60 2 1 0 0 0 0 0 0
79034 24 0 0 12 0 0 0 0 0
79037 42 0 0 0 0 0 0 0 0
79038 24 0 0 12 0 0 0 0 0
79045 18 2 1 0 0 0 0 0 0
79047 42 2 1 12 0 0 18 0 0
79048 30 0 0 12 0 0 6 0 0
79049 36 2 1 12 0 0 6 0 0
79050 36 0 0 24 0 0 0 0 0
79062 162 0 0 126 0 0 0 0 0
fn=sqlite3ExprDelete
75889 280 0 0 0 0 0 140 0 0
75890 310 11 1 0 0 0 0 0 0
75893 105 0 0 35 0 0 0 0 0
75894 70 7 1 35 0 0 35 0 0
75895 105 7 1 35 0 0 35 0 0
75896 175 0 0 70 0 0 0 0 0
75899 70 0 0 0 0 0 0 0 0
75900 35 0 0 35 0 0 0 0 0
75902 105 0 0 0 0 0 35 0 0
75905 260 11 1 155 0 0 0 0 0
75906 105 0 0 0 0 0 0 0 0
75908 175 0 0 140 0 0 0 0 0
fn=sqlite3ExprIfFalse
78876 11 1 1 1 0 0 7 0 0
78877 1 0 0 1 0 0 0 0 0
78879 1 0 0 0 0 0 1 0 0
78880 1 0 0 0 0 0 1 0 0
78885 5 1 1 0 0 0 0 0 0
78905 8 0 0 1 0 0 0 0 0
78918 10 1 1 1 1 1 0 0 0
78953 4 0 0 1 0 0 2 0 0
78954 5 0 0 1 0 0 1 0 0
78955 8 1 1 3 0 0 3 0 0
78959 3 0 0 2 0 0 0 0 0
79008 1 0 0 1 0 0 0 0 0
79009 1 0 0 1 0 0 0 0 0
79010 11 1 1 9 0 0 0 0 0
79369 8 0 0 1 0 0 0 0 0
79372 4 0 0 0 0 0 0 0 0
79373 2 1 1 1 0 0 0 0 0
79374 1 1 1 0 0 0 1 0 0
fn=sqlite3ExprIsInteger
76484 16 4 2 2 0 0 6 0 0
76492 4 0 0 2 0 0 0 0 0
76496 12 0 0 2 0 0 0 0 0
76512 12 2 1 10 0 0 0 0 0
fn=sqlite3ExprListAppend.isra.0
76262 232 7 1 0 0 0 116 0 0
76268 58 0 0 0 0 0 0 0 0
76269 27 7 1 0 0 0 9 0 0
76270 18 0 0 0 0 0 0 0 0
76273 45 0 0 0 0 0 18 0 0
76274 18 0 0 0 0 0 0 0 0
76275 100 0 0 20 0 0 0 0 0
76278 65 0 0 20 0 0 15 0 0
76279 30 0 0 0 0 0 0 0 0
76282 15 0 0 0 0 0 15 0 0
76286 164 7 1 24 0 0 29 0 0
76288 29 0 0 0 0 0 29 0 0
76290 29 0 0 0 0 0 0 0 0
76297 174 0 0 145 0 0 0 0 0
fn=sqlite3ExprListCompare
79078 32 2 1 0 0 0 0 0 0
79079 8 2 1 2 0 0 0 0 0
79088 6 0 0 6 0 0 0 0 0
fn=sqlite3ExprListDelete
76369 72 0 0 0 0 0 45 0 0
76372 104 8 1 0 0 0 0 0 0
76374 170 7 1 47 0 0 0 0 0
76375 87 0 0 29 0 0 29 0 0
76376 87 0 0 29 0 0 29 0 0
76377 87 0 0 29 0 0 29 0 0
76379 36 0 0 9 0 0 9 0 0
76380 70 7 1 43 0 0 0 0 0
76381 45 0 0 45 0 0 0 0 0
fn=sqlite3ExprListSetName.part.0.isra.0
19493 25 1 1 0 0 0 0 0 0
19497 15 0 0 0 0 0 5 0 0
19498 10 0 0 0 0 0 0 0 0
19500 5 0 0 0 0 0 5 0 0
76307 30 0 0 0 0 0 25 0 0
76317 15 0 0 0 0 0 0 0 0
76319 5 0 0 0 0 0 5 0 0
76320 15 0 0 0 0 0 0 0 0
76322 25 0 0 25 0 0 0 0 0
fn=sqlite3FindFunction
86312 37 2 2 9 1 0 3 0 0
86313 16 1 1 2 0 0 4 0 0
86371 45 1 1 0 0 0 30 0 0
86380 33 1 1 6 0 0 0 0 0
86384 2 0 0 1 0 0 0 0 0
86406 6 1 1 3 0 0 0 0 0
86424 8 0 0 2 0 0 0 0 0
86425 4 1 1 1 0 0 1 0 0
86426 2 0 0 0 0 0 1 0 0
86427 1 0 0 0 0 0 1 0 0
86428 2 0 0 1 0 0 1 0 0
86430 1 0 0 0 0 0 1 0 0
86431 2 0 0 0 0 0 1 0 0
86434 12 2 2 3 0 0 0 0 0
86437 4 0 0 0 0 0 0 0 0
86438 27 0 0 21 0 0 0 0 0
fn=sqlite3FindIndex
21320 8 0 0 0 0 0 0 0 0
21321 115 0 0 37 0 0 0 0 0
21322 16 0 0 0 0 0 4 0 0
82541 44 6 2 0 0 0 24 0 0
82547 48 6 2 12 0 0 0 0 0
82548 32 0 0 0 0 0 0 0 0
82549 32 0 0 16 0 0 0 0 0
82551 56 0 0 8 0 0 8 0 0
82553 16 1 0 4 0 0 4 0 0
82554 8 0 0 0 0 0 0 0 0
82557 32 0 0 28 0 0 0 0 0
fn=sqlite3FindTable
21320 28 10 1 0 0 0 0 0 0
21321 413 0 0 133 3 2 0 0 0
21322 56 0 0 0 0 0 14 0 0
82449 154 11 1 0 0 0 84 2 0
82457 129 4 1 32 0 0 0 0 0
82458 108 11 1 0 0 0 0 0 0
82459 240 0 0 56 0 0 19 1 0
82461 90 0 0 36 0 0 18 0 0
82462 36 4 0 0 0 0 0 0 0
82465 112 0 0 98 0 0 0 0 0
fn=sqlite3FkCheck
89583 64 4 1 4 0 0 40 0 0
89584 4 0 0 4 0 0 0 0 0
89588 4 0 0 4 0 0 0 0 0
89594 8 4 1 4 0 0 0 0 0
89733 44 8 2 36 0 0 0 0 0
fn=sqlite3FkRequired.isra.0
89783 2 1 1 1 0 0 0 0 0
89821 1 0 0 0 0 0 0 0 0
89822 1 0 0 1 0 0 0 0 0
fn=sqlite3FuncDefInsert
21321 1937 0 0 601 14 14 0 0 0
21322 134 1 1 0 0 0 0 0 0
86312 540 0 0 180 0 0 67 0 0
86313 501 0 0 91 0 0 61 0 0
86326 670 1 1 0 0 0 469 0 0
86328 67 0 0 67 66 0 0 0 0
86330 603 0 0 67 1 1 0 0 0
86334 30 0 0 15 0 0 15 1 0
86335 15 0 0 0 0 0 15 0 0
86337 52 1 1 0 0 0 52 2 0
86338 142 0 0 90 0 0 52 5 1
86339 156 1 1 104 0 0 52 0 0
86341 536 0 0 469 0 0 0 0 0
fn=sqlite3GenerateConstraintChecks
91307 95 10 2 10 0 0 70 0 0
91319 25 10 2 5 0 0 5 0 0
91321 15 0 0 10 0 0 5 0 0
91325 15 0 0 15 0 0 0 0 0
91326 15 0 0 5 0 0 5 0 0
91330 120 5 1 0 0 0 0 0 0
91331 75 5 1 25 0 0 0 0 0
91334 105 5 1 42 5 0 0 0 0
91335 42 0 0 0 0 0 0 0 0
91376 20 5 1 10 0 0 0 0 0
91405 15 5 1 5 0 0 0 0 0
91484 20 5 1 10 0 0 0 0 0
91581 15 5 1 5 0 0 0 0 0
91582 8 4 0 4 0 0 4 0 0
91584 55 1 1 45 0 0 0 0 0
97557 5 0 0 5 0 0 0 0 0
97558 10 0 0 0 0 0 0 0 0
fn=sqlite3GenerateRowIndexDelete.isra.0
87094 2 1 1 0 0 0 0 0 0
87099 1 1 1 1 0 0 0 0 0
fn=sqlite3GetCollSeq
86106 12 1 1 0 0 0 6 0 0
86108 1 0 0 1 0 0 0 0 0
86111 2 0 0 0 0 0 0 0 0
86114 2 0 0 1 0 0 0 0 0
86129 9 1 1 7 0 0 0 0 0
fn=sqlite3GetInt32
21788 5 0 0 0 0 0 0 0 0
21789 15 0 0 0 0 0 0 0 0
21791 5 0 0 0 0 0 0 0 0
21792 15 4 1 5 2 1 0 0 0
21795 10 0 0 0 0 0 0 0 0
21798 15 0 0 0 0 0 0 0 0
21799 50 4 1 5 0 0 0 0 0
21800 15 0 0 0 0 0 0 0 0
21810 5 0 0 0 0 0 0 0 0
21813 25 0 0 0 0 0 0 0 0
21817 20 4 1 0 0 0 0 0 0
21819 5 0 0 0 0 0 5 0 0
21820 10 0 0 5 0 0 0 0 0
fn=sqlite3GetToken
113991 1860 8 1 0 0 0 1116 0 0
113993 3348 0 0 744 49 8 0 0 0
114000 755 18 2 298 7 1 0 0 0
114001 119 0 0 0 0 0 0 0 0
114015 12 8 1 0 0 0 12 0 0
114016 24 0 0 0 0 0 0 0 0
114019 12 0 0 0 0 0 12 0 0
114020 24 0 0 0 0 0 0 0 0
114023 4 2 1 0 0 0 4 0 0
114024 8 0 0 0 0 0 0 0 0
114042 129 0 0 0 0 0 129 0 0
114050 10 4 1 0 0 0 10 0 0
114051 30 0 0 10 0 0 0 0 0
114065 20 2 1 0 0 0 0 0 0
114099 48 7 1 0 0 0 48 0 0
114100 96 0 0 0 0 0 0 0 0
114117 493 3 1 97 0 0 0 0 0
114118 194 0 0 0 0 0 0 0 0
114119 16 0 0 8 0 0 0 0 0
114120 8 0 0 0 0 0 0 0 0
114130 48 3 1 0 0 0 8 0 0
114139 12 2 0 6 1 0 0 0 0
114142 3 0 0 0 0 0 3 0 0
114143 6 0 0 0 0 0 0 0 0
114184 16 4 0 0 0 0 16 0 0
114185 192 0 0 64 0 0 0 0 0
114189 22 2 2 8 1 0 0 0 0
114193 2 0 0 0 0 0 2 0 0
114194 2 0 0 0 0 0 0 0 0
114234 12 6 1 6 0 0 0 0 0
114248 512 7 1 128 7 1 0 0 0
114251 2935 0 0 1174 7 6 0 0 0
114252 384 0 0 0 0 0 256 0 0
114253 128 0 0 0 0 0 0 0 0
114258 1860 12 1 1488 0 0 0 0 0
fn=sqlite3GetVarint
21927 200004 0 0 0 0 0 0 0 0
21930 200004 100002 1 200004 0 0 0 0 0
21932 400008 0 0 0 0 0 0 0 0
21934 200004 6 1 0 0 0 200004 0 0
21935 200004 0 0 0 0 0 0 0 0
21939 399490 0 0 199745 0 0 0 0 0
21941 399490 2110 1 0 0 0 0 0 0
21943 32512 0 0 0 0 0 0 0 0
21944 32512 0 0 0 0 0 0 0 0
21945 32512 0 0 0 0 0 0 0 0
21946 32512 0 0 0 0 0 0 0 0
21947 32512 330 1 0 0 0 0 0 0
21955 167233 0 0 0 0 0 0 0 0
21956 334466 0 0 167233 0 0 0 0 0
21958 334466 0 0 0 0 0 0 0 0
21960 334466 0 0 0 0 0 0 0 0
21961 167233 1780 0 0 0 0 0 0 0
21962 167233 0 0 0 0 0 0 0 0
21963 167233 0 0 0 0 0 0 0 0
21964 167233 258 1 0 0 0 0 0 0
21965 334466 0 0 0 0 0 0 0 0
22084 400008 0 0 200004 0 0 0 0 0
fn=sqlite3GetVarint32
22097 7 1 1 1 0 0 2 0 0
22102 1 0 0 1 0 0 0 0 0
22115 1 0 0 1 0 0 0 0 0
22117 2 0 0 0 0 0 0 0 0
22120 1 0 0 0 0 0 0 0 0
22121 1 0 0 0 0 0 0 0 0
22122 2 0 0 0 0 0 1 0 0
22123 2 0 0 0 0 0 0 0 0
22214 5 1 1 4 0 0 0 0 0
fn=sqlite3GetVdbe.part.0
19355 52 0 0 0 0 0 13 0 0
19356 26 0 0 0 0 0 0 0 0
59975 13 0 0 0 0 0 13 0 0
59976 39 0 0 13 0 0 0 0 0
59977 5 0 0 0 0 0 5 0 0
59979 13 0 0 0 0 0 13 0 0
59980 13 12 1 0 0 0 13 0 0
59981 13 0 0 0 0 0 13 0 0
59982 13 0 0 0 0 0 13 0 0
60082 52 0 0 0 0 0 13 0 0
60086 13 0 0 13 0 0 0 0 0
60087 13 0 0 13 0 0 0 0 0
60088 26 0 0 0 0 0 13 0 0
60089 13 0 0 0 0 0 13 0 0
60090 13 0 0 0 0 0 13 0 0
60091 13 11 1 0 0 0 13 2 1
60093 13 0 0 0 0 0 13 0 0
97556 91 10 1 0 0 0 52 0 0
97559 26 0 0 13 0 0 13 0 0
97567 91 0 0 65 0 0 0 0 0
fn=sqlite3HashFind
22647 165 8 1 0 0 0 33 0 0
22654 66 0 0 33 7 0 0 0 0
22659 99 8 1 0 0 0 33 4 4
22660 80 0 0 14 0 0 0 0 0
22661 66 0 0 66 0 0 0 0 0
fn=sqlite3HashInsert
22529 12 0 0 6 0 0 6 0 0
22530 15 3 1 0 0 0 3 0 0
22531 6 0 0 0 0 0 6 0 0
22532 6 0 0 0 0 0 6 0 0
22534 6 0 0 0 0 0 0 0 0
22677 72 3 1 0 0 0 36 0 0
22685 18 0 0 6 0 0 0 0 0
22690 36 3 1 0 0 0 6 0 0
22691 12 0 0 0 0 0 0 0 0
22702 12 3 1 0 0 0 0 0 0
22703 18 0 0 0 0 0 6 0 0
22704 12 3 1 0 0 0 0 0 0
22705 6 0 0 0 0 0 6 0 0
22706 6 0 0 0 0 0 6 0 0
22707 6 0 0 0 0 0 6 0 0
22708 18 0 0 6 0 0 6 0 0
22709 12 0 0 0 0 0 0 0 0
22715 18 3 1 6 0 0 0 0 0
22721 54 0 0 42 0 0 0 0 0
fn=sqlite3IdListAppend
19493 32 0 0 0 0 0 0 0 0
19497 80 0 0 0 0 0 32 0 0
19498 32 0 0 0 0 0 0 0 0
19500 16 0 0 0 0 0 16 0 0
82809 32 0 0 32 0 0 0 0 0
82810 32 0 0 0 0 0 16 0 0
85275 224 8 2 16 0 0 112 0 0
85277 32 0 0 0 0 0 0 0 0
85278 12 4 1 0 0 0 4 0 0
85279 8 0 0 0 0 0 0 0 0
85281 128 4 1 16 0 0 32 0 0
85288 48 0 0 16 0 0 0 0 0
85292 48 0 0 0 0 0 16 0 0
85293 16 0 0 0 0 0 0 0 0
85294 176 4 1 144 0 0 0 0 0
fn=sqlite3IndexedByLookup
99316 49 0 0 0 0 0 35 0 0
99317 42 14 1 14 0 0 0 0 0
99332 7 0 0 0 0 0 0 0 0
99333 42 0 0 42 0 0 0 0 0
fn=sqlite3Init
82683 8 0 0 8 0 0 0 0 0
82684 16 0 0 0 0 0 0 0 0
95594 72 6 1 0 0 0 48 4 4
95596 24 0 0 8 0 0 8 0 0
95600 8 5 1 0 0 0 8 0 0
95601 112 0 0 24 0 0 0 0 0
95602 100 6 1 48 5 0 0 0 0
95603 5 1 0 0 0 0 1 0 0
95604 2 0 0 0 0 0 0 0 0
95614 16 0 0 0 0 0 0 0 0
95615 32 0 0 24 0 0 0 0 0
95616 5 1 1 0 0 0 1 0 0
95617 2 0 0 0 0 0 0 0 0
95623 8 0 0 0 0 0 8 0 0
95624 24 5 1 8 0 0 0 0 0
95629 72 4 0 56 1 0 0 0 0
fn=sqlite3InitCallback
21828 3 0 0 0 0 0 3 0 0
21829 9 0 0 0 0 0 3 0 0
21830 3 0 0 3 0 0 0 0 0
95254 36 3 1 3 0 0 15 0 0
95256 3 0 0 3 0 0 0 0 0
95257 6 0 0 3 0 0 0 0 0
95262 12 3 1 9 0 0 0 0 0
95263 6 0 0 3 0 0 0 0 0
95269 6 0 0 0 0 0 0 0 0
95270 9 0 0 3 0 0 0 0 0
95272 15 0 0 6 2 1 0 0 0
95283 3 3 1 0 0 0 3 0 0
95284 3 0 0 0 0 0 3 0 0
95285 3 0 0 0 0 0 3 0 0
95286 18 3 1 0 0 0 3 0 0
95287 3 0 0 3 0 0 0 0 0
95289 3 0 0 0 0 0 3 0 0
95290 6 0 0 0 0 0 0 0 0
95302 6 0 0 3 0 0 3 0 0
95325 3 0 0 0 0 0 0 0 0
95326 27 3 1 21 0 0 0 0 0
fn=sqlite3InitOne
22404 2 0 0 0 0 0 0 0 0
49388 2 1 1 1 0 0 0 0 0
95336 30 4 2 2 0 0 16 0 0
95349 1 0 0 0 0 0 1 0 0
95387 14 0 0 0 0 0 0 0 0
95394 2 0 0 0 0 0 2 0 0
95395 4 2 1 0 0 0 2 0 0
95396 2 0 0 0 0 0 2 0 0
95397 2 0 0 0 0 0 2 0 0
95398 2 0 0 0 0 0 2 0 0
95399 2 0 0 0 0 0 2 0 0
95400 2 1 1 0 0 0 2 0 0
95401 2 0 0 0 0 0 2 0 0
95402 14 0 0 0 0 0 4 0 0
95403 6 0 0 2 0 0 0 0 0
95407 18 3 2 4 0 0 4 0 0
95408 4 0 0 0 0 0 0 0 0
95409 2 0 0 2 0 0 0 0 0
95414 6 0 0 4 0 0 0 0 0
95415 6 0 0 2 0 0 0 0 0
95416 2 1 1 0 0 0 0 0 0
95417 3 0 0 2 0 0 0 0 0
95425 1 0 0 0 0 0 1 0 0
95426 3 1 1 2 0 0 0 0 0
95427 3 1 1 0 0 0 1 0 0
95428 2 0 0 0 0 0 0 0 0
95432 1 0 0 0 0 0 1 0 0
95452 27 1 1 10 0 0 0 0 0
95453 27 0 0 1 0 0 15 0 0
95455 3 0 0 2 0 0 1 0 0
95462 3 0 0 1 0 0 0 0 0
95469 2 0 0 2 0 0 0 0 0
95475 1 1 1 1 0 0 0 0 0
95483 3 0 0 3 0 0 0 0 0
95485 1 0 0 0 0 0 1 0 0
95487 3 0 0 1 0 0 0 0 0
95489 1 0 0 1 0 0 0 0 0
95490 3 1 1 0 0 0 0 0 0
95491 1 0 0 0 0 0 1 0 0
95495 10 0 0 5 0 0 1 0 0
95504 2 0 0 2 0 0 0 0 0
95505 2 1 1 0 0 0 0 0 0
95508 1 0 0 0 0 0 0 0 0
95519 4 0 0 0 0 0 0 0 0
95528 9 1 1 3 0 0 1 0 0
95534 2 0 0 1 0 0 1 0 0
95535 1 0 0 0 0 0 1 0 0
95537 7 0 0 1 0 0 2 0 0
95539 2 1 1 1 0 0 1 0 0
95542 4 0 0 2 1 0 0 0 0
95543 2 0 0 0 0 0 1 0 0
95545 2 0 0 0 0 0 0 0 0
95546 3 1 1 0 0 0 1 0 0
95550 2 0 0 1 0 0 0 0 0
95563 5 0 0 4 0 0 0 0 0
95572 3 0 0 1 0 0 0 0 0
95573 3 1 0 1 0 0 1 0 0
95575 1 0 0 1 0 0 0 0 0
95578 3 2 1 0 0 0 1 0 0
95582 24 1 0 18 2 0 0 0 0
fn=sqlite3Insert
60078 12 4 1 12 0 0 0 0 0
60081 24 0 0 8 0 0 0 0 0
60082 12 4 1 8 0 0 0 0 0
60086 32 4 1 4 0 0 16 0 0
60087 28 4 1 8 0 0 0 0 0
60088 16 0 0 0 0 0 8 0 0
60089 8 0 0 0 0 0 8 0 0
60090 12 4 1 4 0 0 8 0 0
60091 8 0 0 0 0 0 8 0 0
60092 4 0 0 0 0 0 4 0 0
60093 8 0 0 0 0 0 8 2 1
60105 20 4 1 16 0 0 0 0 0
60199 8 0 0 4 0 0 0 0 0
60202 16 4 1 8 0 0 0 0 0
60203 12 0 0 4 0 0 4 0 0
63135 8 0 0 8 0 0 0 0 0
75162 64 0 0 0 0 0 16 0 0
85301 8 0 0 0 0 0 0 0 0
85302 68 4 1 20 0 0 0 0 0
85303 96 0 0 32 0 0 16 0 0
85305 12 0 0 4 0 0 4 0 0
85306 12 0 0 0 0 0 4 0 0
85794 4 0 0 4 0 0 0 0 0
85795 12 0 0 0 0 0 4 0 0
85796 16 0 0 4 0 0 0 0 0
85797 8 4 1 8 0 0 0 0 0
90372 12 4 1 4 0 0 0 0 0
90637 64 8 2 4 0 0 44 0 0
90646 4 4 1 0 0 0 0 0 0
90647 4 0 0 0 0 0 4 0 0
90650 8 0 0 4 0 0 4 0 0
90652 8 0 0 0 0 0 4 0 0
90653 4 4 1 0 0 0 4 0 0
90661 4 0 0 0 0 0 4 0 0
90667 4 0 0 0 0 0 4 0 0
90668 4 0 0 0 0 0 0 0 0
90676 4 0 0 4 0 0 0 0 0
90678 20 0 0 8 0 0 0 0 0
90686 12 0 0 8 0 0 0 0 0
90687 16 4 1 0 0 0 8 4 4
90688 8 0 0 0 0 0 0 0 0
90691 4 0 0 4 0 0 0 0 0
90695 36 0 0 12 4 0 4 0 0
90703 28 8 2 0 0 0 8 4 4
90704 20 0 0 8 0 0 4 0 0
90720 20 0 0 0 0 0 4 0 0
90728 24 4 1 4 0 0 4 0 0
90735 12 0 0 0 0 0 0 0 0
90736 8 0 0 4 0 0 0 0 0
90737 20 4 1 8 0 0 4 0 0
90749 8 0 0 0 0 0 0 0 0
90759 20 0 0 4 0 0 8 4 4
90766 8 0 0 4 0 0 0 0 0
90828 4 0 0 0 0 0 4 0 0
90829 8 4 1 0 0 0 4 0 0
90831 24 8 2 8 0 0 4 0 0
90832 100 0 0 4 0 0 8 0 0
90833 64 4 1 32 0 0 0 0 0
90842 8 0 0 0 0 0 0 0 0
90847 40 16 4 12 0 0 0 0 0
90853 24 4 1 8 0 0 0 0 0
90870 100 4 1 24 0 0 16 0 0
90871 36 4 1 4 0 0 16 0 0
90873 64 0 0 48 0 0 0 0 0
90874 256 0 0 56 0 0 16 0 0
90875 448 4 1 168 16 0 56 0 0
90876 72 0 0 56 0 0 16 0 0
90877 80 0 0 48 0 0 16 0 0
90883 48 4 1 16 0 0 0 0 0
90884 24 0 0 12 0 0 0 0 0
90906 16 8 2 4 0 0 4 0 0
90912 8 0 0 4 0 0 0 0 0
90915 8 4 1 4 0 0 4 0 0
90916 24 4 1 4 0 0 4 0 0
90917 16 0 0 0 0 0 4 0 0
90918 8 0 0 0 0 0 0 0 0
90921 8 0 0 0 0 0 0 0 0
90927 12 0 0 4 0 0 0 0 0
90939 8 4 1 4 0 0 0 0 0
90956 12 0 0 4 0 0 4 0 0
90957 16 4 1 8 0 0 4 0 0
90958 8 0 0 4 0 0 0 0 0
90966 12 4 1 4 0 0 8 0 0
90967 16 0 0 4 0 0 4 0 0
91039 8 4 1 4 0 0 0 0 0
91040 12 4 1 8 0 0 0 0 0
91044 12 4 1 4 0 0 0 0 0
91079 24 4 1 12 0 0 4 0 0
91080 8 4 1 0 0 0 4 0 0
91088 168 8 2 36 0 0 24 0 0
91089 40 4 1 20 0 0 0 0 0
91090 60 0 0 20 0 0 0 0 0
91098 32 0 0 0 0 0 0 0 0
91107 208 0 0 32 0 0 0 0 0
91108 80 4 1 40 0 0 0 0 0
91111 80 0 0 16 0 0 0 0 0
91113 48 0 0 16 0 0 0 0 0
91115 32 0 0 16 0 0 0 0 0
91118 144 4 1 64 0 0 16 0 0
91126 12 4 1 8 0 0 0 0 0
91136 64 8 2 24 0 0 20 0 0
91139 24 4 1 8 0 0 4 0 0
91140 64 0 0 28 0 0 12 0 0
91148 8 4 1 4 0 0 0 0 0
91152 12 0 0 4 0 0 0 0 0
91162 12 0 0 4 0 0 0 0 0
91166 8 4 1 4 0 0 0 0 0
91171 20 4 1 8 0 0 0 0 0
91174 16 0 0 8 0 0 0 0 0
91184 16 4 1 8 0 0 0 0 0
91185 8 0 0 0 0 0 4 0 0
91193 8 0 0 4 0 0 0 0 0
91200 12 4 1 4 0 0 4 0 0
91201 12 0 0 4 0 0 4 0 0
91204 12 0 0 0 0 0 4 0 0
91205 44 0 0 36 0 0 0 0 0
95718 8 0 0 0 0 0 0 0 0
95719 16 0 0 4 0 0 0 0 0
95720 12 4 1 8 0 0 0 0 0
96176 8 0 0 4 0 0 0 0 0
97557 8 0 0 4 0 0 4 0 0
97558 8 0 0 0 0 0 0 0 0
fn=sqlite3IsReadOnly
86551 10 5 1 0 0 0 5 0 0
86562 15 0 0 5 0 0 0 0 0
86564 10 5 1 0 0 0 0 0 0
86565 3 0 0 2 0 0 0 0 0
86566 3 0 0 1 0 0 0 0 0
86573 20 0 0 5 0 0 0 0 0
86578 5 0 0 0 0 0 0 0 0
86579 10 0 0 10 0 0 0 0 0
fn=sqlite3IsRowid
76605 15 6 2 0 0 0 6 0 0
76606 15 0 0 0 0 0 3 1 0
76607 15 0 0 0 0 0 3 0 0
76610 9 0 0 9 0 0 0 0 0
fn=sqlite3LeaveMutexAndCloseZombie
19201 3 0 0 1 1 0 0 0 0
19253 3 0 0 1 0 0 0 0 0
19273 3 1 1 0 0 0 1 0 0
22479 1 0 0 1 0 0 0 0 0
22480 1 0 0 0 0 0 1 0 0
22481 4 2 2 2 0 0 2 0 0
22482 2 1 1 0 0 0 2 0 0
22483 2 0 0 0 0 0 2 0 0
22484 9 0 0 0 0 0 0 0 0
22485 6 0 0 3 0 0 0 0 0
22486 3 0 0 0 0 0 3 0 0
22489 2 1 1 0 0 0 2 0 0
59083 2 0 0 1 0 0 0 0 0
59084 3 0 0 2 0 0 1 0 0
59085 1 0 0 0 0 0 1 0 0
59086 1 1 1 0 0 0 1 0 0
59087 1 0 0 0 0 0 1 0 0
59930 3 0 0 1 0 0 1 0 0
93212 4 0 0 1 1 0 0 0 0
93215 3 1 1 1 0 0 1 0 0
115532 3 0 0 1 0 0 0 0 0
115537 1 0 0 0 0 0 1 0 0
115539 1 0 0 0 0 0 1 0 0
115550 2 1 1 0 0 0 0 0 0
115590 2 0 0 1 0 0 0 0 0
115591 9 0 0 1 0 0 0 0 0
115592 8 1 1 3 0 0 0 0 0
115593 7 0 0 1 0 0 0 0 0
115667 72 7 1 0 0 0 48 0 0
115675 16 0 0 8 0 0 0 0 0
115676 14 7 1 7 0 0 0 0 0
115690 3 0 0 0 0 0 1 0 0
115696 10 1 1 3 0 0 0 0 0
115697 6 0 0 0 0 0 0 0 0
115698 6 0 0 2 0 0 0 0 0
115699 1 1 1 0 0 0 1 0 0
115700 1 0 0 0 0 0 1 1 0
115701 2 0 0 0 0 0 0 0 0
115702 1 0 0 0 0 0 1 0 0
115707 5 0 0 3 2 0 0 0 0
115708 1 0 0 0 0 0 1 0 0
115710 3 1 1 0 0 0 1 0 0
115713 2 0 0 0 0 0 1 0 0
115722 72 1 1 23 0 0 1 0 0
115724 94 0 0 23 3 0 0 0 0
115725 2 0 0 1 1 0 0 0 0
115726 3 0 0 0 0 0 0 0 0
115727 1 1 1 1 0 0 0 0 0
115728 1 0 0 1 0 0 0 0 0
115734 12 0 0 4 0 0 0 0 0
115735 3 0 0 3 1 0 0 0 0
115737 33 1 1 0 0 0 0 0 0
115738 27 0 0 9 6 0 0 0 0
115742 9 0 0 0 0 0 3 0 0
115746 3 0 0 1 1 0 0 0 0
115756 5 1 1 0 0 0 1 0 0
115757 3 0 0 1 0 0 0 0 0
115762 1 0 0 0 0 0 1 0 0
115770 4 0 0 2 0 0 1 0 0
115771 2 0 0 1 0 0 1 0 0
115772 1 0 0 0 0 0 1 0 0
115773 2 0 0 1 0 0 1 0 0
115775 2 0 0 1 0 0 0 0 0
115776 3 0 0 1 0 0 1 0 0
115778 2 0 0 0 0 0 0 0 0
115779 56 0 0 48 1 0 0 0 0
fn=sqlite3LocateTable
82482 84 7 1 0 0 0 42 5 4
82491 38 12 1 5 0 0 7 0 0
82492 14 0 0 0 0 0 0 0 0
82502 63 0 0 49 0 0 0 0 0
95637 7 0 0 7 0 0 0 0 0
95639 14 0 0 7 0 0 0 0 0
95640 10 5 1 0 0 0 5 0 0
95642 10 0 0 0 0 0 0 0 0
fn=sqlite3LocateTableItem
82517 4 2 1 0 0 0 0 0 0
82520 6 0 0 2 0 0 0 0 0
82524 2 0 0 2 0 0 0 0 0
82526 8 0 0 2 0 0 0 0 0
fn=sqlite3LockAndPrepare
49448 143 0 0 39 0 0 0 0 0
49449 104 8 1 52 2 0 0 0 0
49450 65 0 0 0 0 0 13 0 0
95899 182 15 2 0 0 0 104 4 4
95902 13 0 0 0 0 0 13 0 0
95903 39 0 0 0 0 0 13 0 0
95906 26 0 0 13 0 0 13 0 0
95908 117 5 1 39 0 0 26 0 0
95909 52 4 0 26 0 0 0 0 0
95913 39 0 0 0 0 0 26 0 0
95914 39 0 0 26 0 0 13 0 0
95917 104 0 0 91 1 0 0 0 0
fn=sqlite3MPrintf
20369 48 8 2 4 0 0 24 0 0
20372 24 4 1 0 0 0 16 0 0
20373 8 0 0 0 0 0 4 0 0
20376 20 0 0 16 0 0 0 0 0
fn=sqlite3Malloc
19062 2133950 100002 1 304850 0 0 914550 4 0
19064 609700 0 0 0 0 0 0 0 0
19065 304850 0 0 0 0 0 0 0 0
19073 1219400 0 0 304850 0 0 0 0 0
19074 609700 7 1 304850 0 0 304850 4 4
19075 914550 2 1 0 0 0 304850 0 0
19076 609700 0 0 304850 0 0 304850 0 0
19081 609700 0 0 304850 0 0 0 0 0
19082 1829100 0 0 1524250 0 0 0 0 0
fn=sqlite3MallocAlarm
19007 12 1 1 0 0 0 10 0 0
19011 6 0 0 2 0 0 0 0 0
19021 12 0 0 12 0 0 0 0 0
fn=sqlite3MallocZero
19064 200020 0 0 0 0 0 0 0 0
19065 100010 0 0 0 0 0 0 0 0
19072 100010 0 0 0 0 0 0 0 0
19073 400040 0 0 100010 0 0 0 0 0
19074 200020 100003 1 100010 0 0 100010 0 0
19075 300030 0 0 0 0 0 100010 0 0
19076 200020 1 1 100010 0 0 100010 0 0
19081 200020 0 0 100010 0 0 0 0 0
19342 700070 100126 2 100010 0 0 300030 0 0
19344 200020 0 0 0 0 0 0 0 0
19345 100010 0 0 0 0 0 0 0 0
19348 700070 0 0 500050 1 0 0 0 0
fn=sqlite3MemCompare
59566 13 1 1 1 0 0 7 0 0
59571 1 0 0 1 0 0 0 0 0
59572 1 0 0 1 0 0 0 0 0
59573 2 0 0 0 0 0 0 0 0
59579 2 0 0 0 0 0 0 0 0
59587 2 1 1 0 0 0 0 0 0
59621 2 1 1 0 0 0 0 0 0
59622 2 0 0 0 0 0 0 0 0
59625 2 0 0 0 0 0 0 0 0
59639 2 0 0 0 0 0 0 0 0
59640 3 0 0 2 0 0 0 0 0
59643 12 1 1 8 0 0 0 0 0
59673 7 0 0 6 0 0 0 0 0
fn=sqlite3MemFree
15764 404977 11 1 0 0 0 0 0 0
15770 404977 0 0 0 0 0 0 0 0
15771 404977 0 0 0 0 0 0 0 0
fn=sqlite3MemInit
15840 1 1 1 0 0 0 0 0 0
15871 2 0 0 1 0 0 0 0 0
fn=sqlite3MemMalloc
15732 2024885 100013 1 0 0 0 1214931 4 4
15743 809954 0 0 0 0 0 0 0 0
15744 1619908 2 1 0 0 0 404977 0 0
15745 809954 0 0 0 0 0 0 0 0
15746 809954 0 0 0 0 0 404977 462 447
15747 404977 0 0 0 0 0 0 0 0
15754 2024885 0 0 1619908 0 0 0 0 0
fn=sqlite3MemRealloc
15801 18 1 1 0 0 0 8 0 0
15815 2 0 0 0 0 0 0 0 0
15816 8 1 1 0 0 0 2 0 0
15817 4 0 0 0 0 0 0 0 0
15818 2 0 0 0 0 0 2 0 0
15819 2 0 0 0 0 0 0 0 0
15828 14 0 0 10 0 0 0 0 0
fn=sqlite3MemRoundup
15833 404982 1 0 0 0 0 0 0 0
15834 809964 0 0 0 0 0 0 0 0
15835 404982 0 0 404982 0 0 0 0 0
fn=sqlite3MemSize
15779 1014516 1 1 0 0 0 0 0 0
15784 2229071 0 0 0 0 0 0 0 0
15787 1628954 0 0 1628954 589 0 0 0 0
15789 200039 0 0 200039 0 0 0 0 0
fn=sqlite3NameFromToken
19493 112 0 0 0 0 0 0 0 0
19497 159 0 0 0 0 0 53 0 0
19498 106 0 0 0 0 0 0 0 0
19500 53 5 1 0 0 0 53 0 0
82806 360 9 1 0 0 0 240 0 0
82808 120 0 0 0 0 0 0 0 0
82809 112 0 0 112 0 0 0 0 0
82810 112 0 0 0 0 0 56 0 0
82812 60 0 0 0 0 0 0 0 0
82815 420 3 0 300 0 0 0 0 0
fn=sqlite3NestedParse
82411 16 3 3 1 0 0 9 0 0
82414 1 0 0 0 0 0 1 0 0
82415 1 0 0 1 0 0 0 0 0
82419 3 0 0 1 0 0 0 0 0
82421 6 1 1 0 0 0 4 0 0
82422 4 1 1 0 0 0 1 0 0
82424 2 0 0 0 0 0 0 0 0
82427 2 0 0 2 0 0 0 0 0
82430 5 1 1 0 0 0 2 0 0
82431 3 1 1 1 0 0 1 0 0
82432 3 0 0 0 0 0 1 0 0
82434 1 0 0 1 0 0 0 0 0
82435 9 2 0 7 0 0 0 0 0
fn=sqlite3OpenMasterTable
60078 1 0 0 1 0 0 0 0 0
60081 3 1 1 1 0 0 0 0 0
60086 2 0 0 0 0 0 1 0 0
60087 3 0 0 1 0 0 0 0 0
60088 2 0 0 0 0 0 1 0 0
60089 2 0 0 0 0 0 1 0 0
60091 1 0 0 0 0 0 1 0 0
60092 1 0 0 0 0 0 1 0 0
60093 1 1 1 0 0 0 1 0 0
82821 8 1 1 0 0 0 5 0 0
82823 9 0 0 0 0 0 1 0 0
82825 5 0 0 0 0 0 1 0 0
82826 3 0 0 1 0 0 0 0 0
82827 1 0 0 0 0 0 1 0 0
82829 6 0 0 6 0 0 0 0 0
97557 1 1 1 1 0 0 0 0 0
97558 2 0 0 0 0 0 0 0 0
fn=sqlite3OpenTable
60078 7 0 0 7 0 0 0 0 0
60081 21 7 1 7 0 0 0 0 0
60086 14 0 0 0 0 0 7 0 0
60087 21 0 0 7 0 0 0 0 0
60088 7 0 0 0 0 0 7 1 0
60089 7 0 0 0 0 0 7 0 0
60090 14 0 0 7 0 0 7 0 0
60091 7 0 0 0 0 0 7 0 0
60092 7 0 0 0 0 0 7 0 0
60093 7 0 0 0 0 0 7 0 0
60094 7 0 0 0 0 0 7 0 0
90131 84 14 2 0 0 0 49 0 0
90136 49 0 0 14 0 0 7 0 0
90137 7 0 0 7 0 0 0 0 0
90138 35 0 0 7 0 0 0 0 0
90140 49 7 1 42 0 0 0 0 0
97557 7 0 0 7 0 0 0 0 0
97558 14 0 0 0 0 0 0 0 0
fn=sqlite3OpenTableAndIndices
91660 40 4 1 0 0 0 32 0 0
91666 12 0 0 4 0 0 0 0 0
91667 16 4 1 8 0 0 0 0 0
91670 24 0 0 8 0 0 4 0 0
91671 24 4 1 4 0 0 0 0 0
91678 16 0 0 8 0 0 0 0 0
91679 4 4 1 0 0 0 4 0 0
91682 36 0 0 28 0 0 0 0 0
95718 8 0 0 0 0 0 0 0 0
95719 28 0 0 8 0 0 0 0 0
95720 8 0 0 4 0 0 0 0 0
97557 4 0 0 4 0 0 0 0 0
97558 8 4 1 0 0 0 0 0 0
fn=sqlite3PExpr
75515 8 0 0 8 0 0 0 0 0
75516 8 0 0 4 0 0 0 0 0
75726 36 2 1 0 0 0 20 0 0
75728 28 0 0 0 0 0 0 0 0
75730 4 0 0 4 0 0 0 0 0
75732 16 2 1 0 0 0 4 0 0
75733 20 2 1 4 0 0 4 0 0
75735 8 0 0 0 0 0 0 0 0
75739 28 0 0 24 0 0 0 0 0
fn=sqlite3PagerAcquire
15548 6393 2109 1 2131 0 0 0 0 0
15554 6393 2109 1 2131 0 0 0 0 0
40053 10655 0 0 2131 4 0 0 0 0
43546 5940840 97992 1 396056 0 0 2772392 0 0
43548 396056 0 0 0 0 0 396056 0 0
43549 396056 0 0 0 0 0 396056 0 0
43550 792112 0 0 0 0 0 0 0 0
43556 592102 0 0 296051 0 0 0 0 0
43557 792112 100003 1 0 0 0 0 0 0
43567 592102 0 0 0 0 0 0 0 0
43573 1188168 97992 1 396056 0 0 0 0 0
43609 2772392 14 2 396056 2 0 792112 0 0
43612 1188168 0 0 396056 0 0 0 0 0
43622 1980280 0 0 792112 0 0 0 0 0
43626 393924 100003 1 393924 0 0 0 0 0
43627 393924 0 0 0 0 0 0 0 0
43633 2132 0 0 0 0 0 2132 0 0
43634 2132 0 0 0 0 0 2132 0 0
43638 19188 2110 1 4264 8 0 0 0 0
43643 4264 0 0 2132 4 0 0 0 0
43644 4264 0 0 2132 0 0 0 0 0
43648 4264 0 0 0 0 0 0 0 0
43656 4262 0 0 2131 4 0 0 0 0
43664 6394 0 0 2131 0 0 0 0 0
43692 4752672 7 1 3564504 3 0 0 0 0
fn=sqlite3PagerClose.isra.0
15158 6 0 0 2 0 0 0 0 0
15548 3 1 1 1 0 0 0 0 0
15554 3 1 1 1 0 0 0 0 0
36499 4 0 0 2 1 0 0 0 0
36500 1 0 0 1 1 0 1 0 0
36508 3 1 1 1 0 0 1 0 0
37008 2 0 0 0 0 0 1 0 0
40021 1 0 0 1 0 0 0 0 0
42259 2 0 0 0 0 0 0 0 0
42280 7 1 1 0 0 0 4 0 0
42281 1 0 0 1 0 0 0 0 0
42286 1 0 0 1 0 0 0 0 0
42288 1 0 0 0 0 0 1 0 0
42290 5 1 1 3 0 0 1 0 0
42291 1 0 0 0 0 0 1 0 0
42294 2 0 0 1 1 0 0 0 0
42295 3 1 1 0 0 0 1 0 0
42317 1 0 0 1 0 0 0 0 0
42318 1 0 0 1 0 0 0 0 0
42329 2 0 0 0 0 0 0 0 0
42331 5 0 0 4 1 0 0 0 0
58721 2 0 0 0 0 0 0 0 0
fn=sqlite3PagerCommitPhaseOne.part.0
39140 400004 0 0 200002 0 0 100001 0 0
44355 900009 123 1 0 0 0 600006 0 0
44378 200002 0 0 100001 0 0 0 0 0
44383 100001 5 1 100001 0 0 0 0 0
44506 200002 0 0 100001 0 0 0 0 0
44507 200002 122 1 0 0 0 100001 0 0
44510 1100011 121 1 900009 0 0 0 0 0
58721 200002 0 0 0 0 0 0 0 0
fn=sqlite3PagerOpenSavepoint
44732 800008 2116 1 0 0 0 600006 0 0
44734 100001 0 0 100001 0 0 0 0 0
44739 200002 0 0 0 0 0 0 0 0
44778 100001 0 0 0 0 0 0 0 0
44779 800008 100001 1 700007 0 0 0 0 0
fn=sqlite3PagerSetJournalMode
45140 5 1 1 0 0 0 3 0 0
45141 2 0 0 1 0 0 0 0 0
45167 2 1 1 1 0 0 0 0 0
45169 3 0 0 0 0 0 0 0 0
45174 2 0 0 0 0 0 0 0 0
45231 4 0 0 4 0 0 0 0 0
fn=sqlite3PagerSetPagesize
36232 3 0 0 1 0 0 0 0 0
36237 1 1 1 0 0 0 1 0 0
36508 3 0 0 1 0 0 1 0 0
36596 2 1 1 2 0 0 0 0 0
37001 3 1 1 0 0 0 1 0 0
37008 2 0 0 1 0 0 1 0 0
40021 1 0 0 1 0 0 0 0 0
41919 28 2 2 2 0 0 14 0 0
41932 2 0 0 2 0 0 0 0 0
41934 7 0 0 3 0 0 0 0 0
41935 6 1 1 2 0 0 0 0 0
41936 6 0 0 0 0 0 0 0 0
41939 1 0 0 0 0 0 1 0 0
41941 6 0 0 3 0 0 0 0 0
41946 2 0 0 0 0 0 0 0 0
41951 7 1 1 1 0 0 1 0 0
41952 1 0 0 0 0 0 1 0 0
41954 1 0 0 0 0 0 1 0 0
41955 1 0 0 1 0 0 0 0 0
41959 6 0 0 3 0 0 2 0 0
41961 6 0 0 1 0 0 0 0 0
41963 4 0 0 0 0 0 2 0 0
41965 6 0 0 0 0 0 2 0 0
41968 22 0 0 18 0 0 0 0 0
58721 2 0 0 0 0 0 0 0 0
fn=sqlite3PagerSharedLock
39140 200004 100002 1 100002 3 0 0 0 0
43260 1200024 100002 1 100002 0 0 700014 0 0
43271 500010 0 0 200004 0 0 0 0 0
43273 400008 100002 1 100002 0 0 0 0 0
43472 300006 0 0 0 0 0 100002 0 0
43475 1200024 100002 1 900018 0 0 0 0 0
fn=sqlite3PagerUnref
36596 396056 454 1 396056 5 0 0 0 0
43486 2376336 0 0 792112 3 0 0 0 0
43487 200004 124 1 0 0 0 0 0 0
43723 1584224 0 0 0 0 0 792112 0 0
43724 792112 7 1 0 0 0 0 0 0
43725 396056 0 0 396056 9 0 0 0 0
43726 792112 0 0 396056 0 0 0 0 0
43729 396056 0 0 0 0 0 396056 0 0
43733 1088166 0 0 1088166 0 0 0 0 0
fn=sqlite3PagerWrite
44058 1283592 100001 1 106966 0 0 855728 0 0
44062 106966 0 0 106966 5 0 0 0 0
44063 320898 0 0 213932 5 0 0 0 0
44070 213932 100001 1 0 0 0 0 0 0
44145 534830 10 2 320898 0 0 0 0 0
44148 748762 0 0 641796 0 0 0 0 0
fn=sqlite3ParseUri
21320 2 0 0 0 0 0 0 0 0
21321 28 1 1 9 1 1 0 0 0
21322 3 0 0 0 0 0 0 0 0
116931 14 2 2 0 0 0 11 0 0
116932 1 0 0 0 0 0 0 0 0
116933 1 0 0 1 0 0 0 0 0
116941 7 1 1 1 0 0 0 0 0
117109 3 0 0 0 0 0 1 0 0
117110 2 0 0 0 0 0 0 0 0
117111 1 1 1 0 0 0 0 0 0
117112 1 0 0 0 0 0 1 0 0
117113 3 0 0 0 0 0 1 0 0
117114 2 0 0 0 0 0 1 0 0
117117 4 0 0 2 0 0 2 0 0
117118 2 0 0 0 0 0 0 0 0
117127 3 0 0 2 0 0 1 0 0
117128 2 0 0 1 0 0 1 0 0
117130 9 0 0 7 0 0 0 0 0
fn=sqlite3Parser
21321 176 4 1 32 0 0 0 0 0
21322 48 4 1 0 0 0 16 0 0
49468 7 0 0 7 0 0 0 0 0
60078 32 7 1 32 0 0 0 0 0
60081 96 5 0 32 0 0 0 0 0
60086 64 0 0 0 0 0 32 0 0
60087 96 0 0 32 0 0 0 0 0
60088 64 0 0 0 0 0 32 0 0
60089 32 0 0 0 0 0 32 1 0
60090 32 0 0 0 0 0 32 0 0
60091 32 10 1 0 0 0 32 4 1
60092 19 7 1 0 0 0 19 0 0
60093 32 0 0 0 0 0 32 2 1
60105 33 9 2 14 0 0 0 0 0
60482 14 0 0 0 0 0 0 0 0
60483 28 0 0 7 0 0 7 0 0
60515 7 7 1 7 0 0 0 0 0
60906 28 0 0 7 0 0 0 0 0
60907 56 0 0 21 0 0 0 0 0
75819 32 0 0 16 0 0 16 0 0
75822 32 0 0 0 0 0 0 0 0
75824 16 0 0 16 0 0 0 0 0
75827 48 4 1 16 0 0 0 0 0
75834 32 0 0 0 0 0 0 0 0
75838 128 4 1 16 0 0 32 0 0
75839 64 0 0 32 0 0 16 0 0
75844 144 4 1 32 0 0 0 0 0
75849 48 4 1 16 0 0 0 0 0
75850 32 0 0 0 0 0 16 0 0
75866 32 4 1 0 0 0 0 0 0
75867 48 4 1 16 0 0 0 0 0
75869 96 4 1 32 0 0 48 0 0
75870 32 0 0 0 0 0 0 0 0
75871 16 0 0 0 0 0 16 0 0
75872 96 0 0 32 0 0 0 0 0
75873 80 0 0 48 0 0 16 0 0
75875 128 0 0 32 0 0 0 0 0
75876 48 4 1 16 0 0 32 0 0
75877 160 0 0 80 0 0 48 0 0
75881 112 4 0 64 0 0 0 0 0
76314 45 1 1 25 0 0 5 0 0
76339 12 2 1 0 0 0 0 0 0
76340 30 0 0 18 0 0 0 0 0
76343 18 2 1 6 0 0 6 0 0
76344 30 0 0 6 0 0 12 0 0
76345 6 0 0 6 0 0 0 0 0
76358 1 0 0 1 0 0 0 0 0
76361 5 0 0 2 0 0 0 0 0
82213 14 10 1 0 0 0 14 0 0
82214 14 0 0 0 0 0 14 0 0
82215 14 0 0 0 0 0 0 0 0
82286 70 0 0 35 0 0 0 0 0
82287 21 0 0 7 0 0 0 0 0
82289 63 7 1 28 0 0 21 0 0
82312 28 9 1 14 1 0 14 0 0
82313 28 0 0 14 0 0 0 0 0
82314 28 0 0 14 0 0 0 0 0
82315 39 0 0 13 0 0 0 0 0
82323 6 0 0 0 0 0 0 0 0
82332 39 0 0 13 1 0 0 0 0
82335 7 0 0 0 0 0 0 0 0
82336 147 7 1 42 0 0 14 0 0
82337 56 14 2 14 0 0 0 0 0
82339 28 7 1 7 0 0 0 0 0
82340 21 0 0 14 0 0 0 0 0
82342 15 0 0 15 0 0 0 0 0
82344 20 5 1 10 0 0 0 0 0
82350 28 0 0 7 0 0 0 0 0
82354 7 6 1 0 0 0 7 0 0
82369 7 0 0 7 0 0 0 0 0
82376 78 0 0 39 0 0 0 0 0
82384 26 9 1 13 1 0 0 0 0
82385 39 0 0 0 0 0 13 0 0
82386 13 0 0 0 0 0 13 0 0
82387 13 0 0 0 0 0 13 0 0
82391 13 0 0 0 0 0 13 0 0
82392 13 0 0 0 0 0 13 0 0
82394 13 0 0 0 0 0 13 0 0
82395 13 8 1 0 0 0 13 1 0
82396 13 0 0 0 0 0 0 0 0
83174 40 0 0 20 0 0 20 0 0
83175 60 4 1 20 0 0 0 0 0
83177 60 4 1 40 0 0 0 0 0
83182 60 0 0 20 0 0 20 0 0
83183 60 0 0 20 0 0 0 0 0
83184 240 4 1 20 0 0 0 0 0
83185 490 4 1 200 0 0 50 0 0
83191 40 4 1 0 0 0 0 0 0
83193 68 0 0 28 0 0 8 0 0
83194 12 0 0 4 0 0 0 0 0
83198 4 4 1 0 0 0 4 0 0
83200 80 0 0 20 0 0 0 0 0
83202 20 0 0 0 0 0 20 0 0
83208 20 0 0 0 0 0 20 0 0
83209 20 0 0 20 0 0 0 0 0
83254 60 0 0 0 0 0 20 0 0
83300 100 0 0 20 0 0 0 0 0
83301 100 4 1 20 0 0 0 0 0
83303 80 0 0 20 0 0 40 0 0
83304 20 0 0 0 0 0 20 0 0
85555 19 3 2 7 0 0 0 0 0
85556 6 0 0 0 0 0 0 0 0
85558 6 0 0 3 0 0 0 0 0
85563 21 1 1 4 0 0 6 0 0
85584 4 0 0 0 0 0 0 0 0
85587 10 2 0 2 0 0 0 0 0
85590 4 0 0 0 0 0 2 0 0
90330 14 0 0 7 0 0 7 0 0
90334 7 7 1 7 0 0 0 0 0
90342 21 0 0 7 0 0 0 0 0
96176 4 0 0 0 0 0 0 0 0
96177 6 0 0 0 0 0 2 0 0
96178 6 2 1 0 0 0 2 0 0
97557 20 0 0 20 0 0 0 0 0
97558 40 12 1 0 0 0 0 0 0
101436 80 3 1 48 0 0 0 0 0
110196 90 1 1 18 0 0 18 0 0
110197 54 0 0 18 0 0 18 0 0
110198 18 0 0 0 0 0 0 0 0
110220 14 0 0 4 0 0 4 0 0
110221 4 0 0 2 0 0 2 0 0
110222 6 0 0 2 0 0 2 0 0
110223 2 0 0 0 0 0 0 0 0
111615 50 0 0 10 0 0 10 0 0
111616 30 0 0 10 0 0 10 0 0
111742 1695 0 0 1130 46 10 0 0 0
111745 565 0 0 0 0 0 0 0 0
111754 1695 11 1 565 90 22 0 0 0
112174 565 0 0 565 0 0 0 0 0
112175 2825 0 0 565 0 0 0 0 0
112199 1695 12 1 0 0 0 1130 0 0
112202 3835 0 0 535 58 16 0 0 0
112245 2 0 0 0 0 0 0 0 0
112260 40 4 1 8 0 0 8 0 0
112262 12 0 0 8 0 0 0 0 0
112265 8 4 1 4 0 0 4 0 0
112266 12 0 0 4 0 0 4 0 0
112268 4 0 0 0 0 0 0 0 0
112288 1 1 1 0 0 0 1 0 0
112289 1 0 0 0 0 0 0 0 0
112292 20 3 1 0 0 0 4 0 0
112294 4 0 0 0 0 0 0 0 0
112303 40 4 1 20 0 0 20 0 0
112304 80 0 0 40 0 0 20 0 0
112306 20 0 0 0 0 0 0 0 0
112309 40 0 0 0 0 0 20 0 0
112310 60 4 1 20 0 0 20 0 0
112311 20 0 0 0 0 0 20 0 0
112313 20 0 0 0 0 0 0 0 0
112337 585 18 2 195 0 0 195 0 0
112338 195 0 0 0 0 0 0 0 0
112340 40 4 1 20 0 0 0 0 0
112388 14 4 2 6 0 0 2 0 0
112389 2 0 0 0 0 0 0 0 0
112467 2 2 1 0 0 0 2 0 0
112468 2 0 0 0 0 0 0 0 0
112470 5 5 1 0 0 0 5 0 0
112471 5 0 0 0 0 0 0 0 0
112498 8 0 0 0 0 0 6 0 0
112499 14 4 2 2 0 0 2 0 0
112503 4 0 0 4 0 0 0 0 0
112505 2 0 0 0 0 0 0 0 0
112507 6 2 1 2 0 0 2 0 0
112508 2 2 1 0 0 0 0 0 0
112525 30 4 2 18 0 0 12 0 0
112527 4 0 0 0 0 0 0 0 0
112537 8 2 1 4 0 0 4 0 0
112538 4 2 1 0 0 0 0 0 0
112548 30 2 1 18 0 0 12 0 0
112549 24 0 0 6 0 0 0 0 0
112575 6 2 1 2 0 0 2 0 0
112590 24 4 1 6 0 0 8 0 0
112591 2 0 0 0 0 0 0 0 0
112628 30 5 1 5 0 0 10 0 0
112629 5 0 0 0 0 0 0 0 0
112661 8 4 1 4 0 0 4 0 0
112662 4 0 0 0 0 0 0 0 0
112670 6 0 0 2 0 0 2 0 0
112671 2 0 0 0 0 0 0 0 0
112680 10 2 1 4 0 0 4 0 0
112681 16 2 1 4 0 0 2 0 0
112711 3 1 1 1 0 0 1 0 0
112712 1 0 0 1 0 0 0 0 0
112713 6 0 0 3 0 0 1 0 0
112715 1 0 0 0 0 0 0 0 0
112718 24 0 0 12 0 0 8 0 0
112724 6 2 2 2 0 0 2 0 0
112729 36 4 0 20 0 0 4 0 0
112730 4 0 0 0 0 0 0 0 0
112738 12 4 1 4 0 0 4 0 0
112739 4 0 0 0 0 0 0 0 0
112745 8 0 0 4 0 0 4 0 0
112748 4 0 0 0 0 0 0 0 0
112771 60 0 0 24 0 0 24 0 0
112772 12 0 0 0 0 0 0 0 0
112774 20 4 1 4 0 0 8 0 0
112775 4 0 0 0 0 0 0 0 0
112777 30 4 2 10 0 0 10 0 0
112778 5 0 0 0 0 0 0 0 0
112785 30 4 1 5 0 0 5 0 0
112786 5 0 0 0 0 0 0 0 0
112789 50 3 1 0 0 0 10 0 0
112790 10 0 0 0 0 0 0 0 0
112814 4 1 1 2 0 0 0 0 0
112818 12 1 1 0 0 0 4 0 0
112819 18 0 0 2 0 0 2 0 0
112826 80 4 1 0 0 0 16 0 0
112827 16 0 0 16 0 0 0 0 0
112881 2 0 0 2 0 0 0 0 0
113024 9 6 2 0 0 0 3 0 0
113071 72 0 0 36 0 0 24 0 0
113072 12 0 0 0 0 0 0 0 0
113074 24 8 2 8 0 0 8 0 0
113075 4 0 0 0 0 0 0 0 0
113122 18 6 2 0 0 0 3 0 0
113123 3 0 0 0 0 0 0 0 0
113170 6 0 0 2 0 0 2 0 0
113171 2 0 0 0 0 0 0 0 0
113351 1695 9 1 1130 45 8 0 0 0
113352 565 0 0 565 0 0 0 0 0
113353 1327 6 3 162 0 0 565 0 0
113354 2260 0 0 0 0 0 0 0 0
113355 1130 0 0 0 0 0 0 0 0
113361 1110 0 0 0 0 0 0 0 0
113362 916 0 0 0 0 0 458 0 0
113363 1832 0 0 0 0 0 0 0 0
113364 458 0 0 0 0 0 458 1 0
113365 458 6 0 0 0 0 458 0 0
113366 1832 0 0 916 0 0 916 1 0
113370 582 8 1 0 0 0 97 0 0
113421 10 0 0 10 0 0 0 0 0
113427 50 0 0 0 0 0 0 0 0
113430 10 0 0 0 0 0 10 0 0
113431 10 0 0 0 0 0 0 0 0
113457 3945 13 1 263 0 0 2104 0 0
113470 789 0 0 263 0 0 0 0 0
113479 28 9 1 0 0 0 14 0 0
113481 28 0 0 0 0 0 14 0 0
113482 14 0 0 0 0 0 14 2 2
113484 789 0 0 263 0 0 526 0 0
113488 789 0 0 0 0 0 526 0 0
113497 3272 21 1 818 0 0 818 0 0
113498 1636 0 0 0 0 0 0 0 0
113499 759 11 1 253 0 0 253 0 0
113500 253 0 0 253 0 0 0 0 0
113502 1130 0 0 0 0 0 0 0 0
113503 1130 0 0 0 0 0 565 0 0
113602 3078 12 1 1130 0 0 0 0 0
113604 2893 9 1 2367 0 0 0 0 0
fn=sqlite3PcacheFetch
36244 3 0 0 1 0 0 0 0 0
36259 4356616 196169 2 0 0 0 1980280 0 0
36271 1188170 0 0 396056 0 0 0 0 0
36273 396059 0 0 396058 1 0 1 0 0
36274 2 1 1 1 0 0 0 0 0
36276 2 0 0 0 0 0 0 0 0
36279 3 1 1 1 0 0 2 0 0
36280 2 0 0 1 0 0 1 0 0
36283 1584223 0 0 1 0 0 0 0 0
36284 792110 0 0 0 0 0 0 0 0
36285 1188168 100002 1 396056 3 0 396056 0 0
36288 792110 0 0 0 0 0 0 0 0
36323 2 0 0 0 0 0 0 0 0
36324 396056 97895 1 396056 0 0 0 0 0
36326 792112 0 0 396056 60 0 0 0 0
36328 2132 0 0 0 0 0 2132 0 0
36329 4264 0 0 2132 0 0 2132 0 0
36330 4264 0 0 0 0 0 2132 0 0
36331 2132 0 0 2132 4 0 0 0 0
36332 2132 0 0 0 0 0 2132 0 0
36333 4264 0 0 0 0 0 2132 0 0
36340 1181772 0 0 393924 52 0 0 0 0
36341 395936 98010 0 395936 0 0 0 0 0
36343 789980 0 0 0 0 0 396056 0 0
36344 892114 100467 0 0 0 0 0 0 0
36345 100005 7 0 0 0 0 100005 0 0
36348 496061 0 0 0 0 0 396056 4 0
36349 396056 0 0 0 0 0 0 0 0
36350 2772392 97895 1 2376336 3 0 0 0 0
fn=sqlite3PcacheRelease
36169 880392 0 0 293464 0 0 0 0 0
36173 293584 97836 1 293584 0 0 0 0 0
36356 204944 2167 0 0 0 0 102472 0 0
36359 792112 100003 1 396056 0 0 0 0 0
36360 395936 0 0 395936 0 0 0 0 0
36361 395936 0 0 395936 1 0 0 0 0
36362 791872 0 0 395936 0 0 0 0 0
36366 102472 0 0 0 0 0 102472 0 0
36367 102472 0 0 0 0 0 0 0 0
36370 102472 0 0 102472 0 0 0 0 0
fn=sqlite3PcacheTruncate
36471 800016 2114 1 0 0 0 400008 0 0
36472 200006 100003 1 100003 4 0 0 0 0
36475 400008 0 0 100002 0 0 0 0 0
36487 200008 1 0 1 0 0 0 0 0
36488 1 0 0 1 0 0 0 0 0
36491 300005 2113 1 200004 12 0 0 0 0
36493 500010 0 0 400008 0 0 0 0 0
fn=sqlite3Pragma
21321 20 0 0 7 1 0 0 0 0
21322 4 1 1 1 0 0 0 0 0
41788 11 2 2 1 0 0 3 0 0
41789 3 0 0 0 0 0 3 0 0
41804 3 0 0 0 0 0 0 0 0
49388 6 0 0 3 0 0 0 0 0
51720 3 0 0 3 0 0 0 0 0
51723 6 0 0 0 0 0 3 0 0
51724 3 0 0 3 0 0 0 0 0
60114 9 0 0 1 0 0 1 0 0
60211 3 0 0 3 0 0 0 0 0
93469 6 0 0 2 0 0 1 0 0
93471 6 1 1 1 0 0 1 0 0
93472 1 0 0 0 0 0 0 0 0
93473 8 0 0 0 0 0 1 0 0
93510 1 0 0 1 0 0 0 0 0
93511 3 0 0 1 0 0 0 0 0
93512 4 0 0 0 0 0 1 0 0
93515 1 0 0 0 0 0 1 0 0
93516 1 0 0 0 0 0 0 0 0
93662 8 0 0 0 0 0 0 0 0
93663 12 0 0 4 1 0 2 0 0
93687 45 3 1 3 0 0 27 0 0
93695 3 2 1 3 0 0 0 0 0
93699 15 2 1 3 0 0 0 0 0
93701 3 2 1 0 0 0 3 0 0
93705 15 0 0 3 0 0 6 0 0
93706 6 0 0 0 0 0 0 0 0
93707 27 2 1 9 0 0 9 0 0
93712 6 0 0 0 0 0 0 0 0
93716 12 0 0 3 0 0 3 0 0
93717 6 2 1 0 0 0 0 0 0
93718 9 0 0 3 0 0 0 0 0
93721 12 0 0 0 0 0 6 0 0
93725 15 0 0 6 0 0 0 0 0
93726 27 2 1 3 0 0 6 0 0
93734 3 0 0 0 0 0 3 0 0
93735 3 0 0 0 0 0 3 0 0
93736 6 0 0 3 0 0 3 0 0
93737 3 0 0 0 0 0 3 0 0
93738 3 0 0 0 0 0 3 0 0
93739 18 3 1 0 0 0 3 0 0
93740 9 0 0 3 0 0 0 0 0
93749 6 2 1 0 0 0 0 0 0
93776 21 4 2 3 0 0 6 0 0
93821 21 2 1 3 0 0 6 0 0
93846 24 2 1 3 0 0 6 0 0
93880 21 4 2 3 0 0 6 0 0
93881 21 0 0 3 0 0 6 0 0
93902 21 2 1 3 0 0 6 0 0
93950 21 3 1 3 0 0 6 0 0
93958 4 1 0 0 0 0 1 0 0
93962 3 1 1 0 0 0 1 0 0
93963 6 0 0 0 0 0 1 0 0
93965 4 0 0 1 0 0 0 0 0
93972 12 0 0 0 0 0 0 0 0
93973 30 1 1 5 0 0 5 0 0
93986 20 2 2 1 0 0 1 0 0
93987 8 0 0 5 0 0 0 0 0
93988 3 0 0 0 0 0 1 0 0
93989 5 0 0 0 0 0 1 0 0
94001 16 2 1 2 0 0 4 0 0
94022 14 2 2 2 0 0 4 0 0
94047 5 2 2 2 0 0 0 0 0
94081 14 3 2 2 0 0 4 0 0
94111 14 1 1 2 0 0 4 0 0
94137 14 2 2 2 0 0 4 0 0
94171 14 2 2 2 0 0 4 0 0
94172 3 0 0 1 0 0 0 0 0
94189 8 1 1 1 0 0 2 0 0
94327 7 1 1 1 0 0 2 0 0
94328 4 0 0 0 0 0 1 0 0
94329 3 1 1 1 0 0 0 0 0
94332 2 0 0 1 0 0 0 0 0
94336 8 1 1 2 0 0 2 0 0
95189 6 1 1 3 0 0 0 0 0
95190 9 0 0 9 0 0 0 0 0
95192 6 1 1 3 0 0 3 0 0
95196 9 0 0 0 0 0 3 0 0
95197 9 1 0 3 0 0 3 0 0
95198 39 1 1 27 0 0 6 0 0
97557 3 0 0 3 0 0 0 0 0
97558 6 0 0 0 0 0 0 0 0
fn=sqlite3Prepare
19541 78 0 0 13 0 0 0 0 0
19546 65 9 1 26 0 0 0 0 0
49388 26 0 0 13 0 0 0 0 0
57881 26 0 0 0 0 0 13 0 0
57882 65 0 0 0 0 0 13 0 0
59991 8 0 0 0 0 0 0 0 0
59996 48 6 1 24 0 0 24 0 0
59997 56 0 0 16 0 0 8 0 0
95740 247 22 2 26 0 0 156 8 8
95742 13 0 0 0 0 0 13 0 0
95747 26 0 0 0 0 0 13 0 0
95748 26 8 1 0 0 0 0 0 0
95752 26 0 0 0 0 0 13 0 0
95780 182 0 0 39 0 0 13 0 0
95781 104 8 1 52 0 0 0 0 0
95782 52 0 0 0 0 0 0 0 0
95785 26 0 0 0 0 0 0 0 0
95794 26 0 0 0 0 0 13 0 0
95796 13 0 0 0 0 0 13 0 0
95797 26 0 0 13 7 1 13 0 0
95798 39 0 0 13 0 0 0 0 0
95817 52 7 1 13 0 0 13 0 0
95821 26 6 0 13 0 0 0 0 0
95824 39 8 1 13 0 0 13 0 0
95825 26 0 0 13 0 0 0 0 0
95831 39 0 0 13 0 0 0 0 0
95832 12 3 0 6 0 0 6 1 0
95834 13 0 0 13 0 0 0 0 0
95837 104 6 1 26 0 0 0 0 0
95859 26 9 1 13 0 0 0 0 0
95861 16 6 1 16 0 0 0 0 0
95863 87 20 2 21 0 0 0 0 0
95867 26 8 1 13 0 0 13 0 0
95870 39 0 0 13 1 0 0 0 0
95874 78 0 0 0 0 0 13 0 0
95878 39 12 1 13 0 0 0 0 0
95886 39 8 1 0 0 0 13 0 0
95890 143 19 2 117 2 0 0 0 0
fn=sqlite3PutVarint
21862 800016 100001 1 0 0 0 200004 0 0
21865 1200024 100001 1 200004 0 0 200004 0 0
21874 600012 0 0 0 0 0 0 0 0
21876 1917470 0 0 0 0 0 383494 0 0
21878 1150482 100002 1 0 0 0 0 0 0
21879 200004 0 0 200004 0 0 0 0 0
21881 2133988 0 0 0 0 0 0 0 0
21882 766988 0 0 383494 0 0 383494 4 0
21885 1200024 0 0 800016 0 0 0 0 0
fn=sqlite3ReadSchema
95635 10 1 1 0 0 0 4 0 0
95636 2 0 0 0 0 0 0 0 0
95637 2 0 0 2 0 0 0 0 0
95639 4 0 0 2 0 0 0 0 0
95640 4 0 0 0 0 0 2 0 0
95642 4 1 0 0 0 0 0 0 0
95647 6 0 0 6 1 0 0 0 0
fn=sqlite3Realloc.part.0
13769 4 0 0 2 0 0 2 0 0
13770 4 0 0 2 0 0 0 0 0
13781 2 0 0 0 0 0 2 0 0
13782 4 0 0 2 0 0 0 0 0
19214 14 0 0 7 0 0 7 0 0
19279 50 2 1 0 0 0 30 0 0
19297 10 0 0 5 0 0 5 0 0
19298 12 0 0 0 0 0 0 0 0
19299 3 1 1 0 0 0 0 0 0
19300 6 0 0 2 0 0 0 0 0
19301 4 1 1 2 0 0 2 0 0
19303 4 0 0 0 0 0 0 0 0
19304 6 1 1 2 0 0 0 0 0
19305 6 0 0 2 0 0 0 0 0
19306 4 0 0 0 0 0 2 0 0
19310 8 0 0 2 0 0 2 0 0
19311 4 0 0 0 0 0 0 0 0
19317 2 0 0 0 0 0 0 0 0
19319 6 0 0 2 0 0 2 0 0
19325 45 0 0 35 0 0 0 0 0
fn=sqlite3ResolveExprNames.part.0
75155 310 7 1 31 0 0 155 0 0
75165 31 7 1 31 0 0 0 0 0
75166 62 0 0 62 0 0 0 0 0
75169 31 0 0 0 0 0 31 0 0
75172 31 0 0 31 0 0 0 0 0
75173 93 0 0 0 0 0 31 0 0
75175 62 0 0 0 0 0 31 0 0
75176 62 0 0 0 0 0 31 0 0
75177 31 0 0 0 0 0 31 0 0
75178 31 0 0 0 0 0 31 0 0
75179 62 7 1 0 0 0 31 0 0
75181 93 0 0 93 0 0 0 0 0
75183 217 14 2 93 0 0 0 0 0
75184 62 0 0 31 0 0 0 0 0
75186 93 0 0 31 0 0 0 0 0
75188 62 7 1 0 0 0 0 0 0
75191 62 0 0 0 0 0 0 0 0
75192 279 0 0 217 0 0 0 0 0
75515 62 0 0 62 0 0 0 0 0
75516 62 0 0 0 0 0 0 0 0
fn=sqlite3ResolveOrderGroupBy
74827 22 0 0 0 0 0 12 0 0
74829 2 2 1 2 0 0 0 0 0
74833 10 2 1 2 0 0 0 0 0
74835 8 0 0 6 0 0 0 0 0
74842 18 0 0 4 0 0 0 0 0
74843 6 2 1 2 0 0 0 0 0
74852 16 2 1 14 0 0 0 0 0
fn=sqlite3RollbackAll
15548 3 0 0 1 0 0 0 0 0
15554 3 1 1 1 0 0 0 0 0
49448 13 0 0 3 0 0 0 0 0
49449 8 1 1 4 0 0 0 0 0
49450 5 0 0 0 0 0 1 0 0
104061 2 0 0 1 0 0 0 0 0
115787 10 1 1 0 0 0 6 0 0
115789 2 0 0 0 0 0 0 0 0
115801 9 0 0 2 0 0 0 0 0
115802 8 0 0 4 0 0 0 0 0
115803 4 1 1 0 0 0 0 0 0
115805 3 0 0 1 0 0 0 0 0
115807 2 0 0 0 0 0 1 0 0
115808 2 0 0 1 0 0 1 0 0
115814 2 0 0 1 0 0 0 0 0
115818 2 1 1 0 0 0 1 0 0
115821 1 0 0 0 0 0 1 0 0
115824 3 0 0 1 0 0 0 0 0
115827 8 1 1 7 0 0 0 0 0
fn=sqlite3RunParser.constprop.0
82728 28 0 0 0 0 0 0 0 0
82729 37 10 1 2 0 0 1 0 0
101581 28 0 0 0 0 0 0 0 0
111479 42 8 1 0 0 0 14 0 0
111480 28 0 0 0 0 0 0 0 0
111481 14 0 0 0 0 0 14 0 0
111615 96 0 0 32 0 0 16 0 0
111616 48 0 0 16 0 0 16 0 0
111640 62 10 1 14 0 0 0 0 0
111644 28 10 1 0 0 0 14 0 0
114267 196 7 1 14 0 0 112 0 0
114274 14 0 0 14 0 0 0 0 0
114278 28 0 0 14 0 0 14 0 0
114279 42 8 1 14 0 0 0 0 0
114280 12 0 0 0 0 0 12 0 0
114282 14 0 0 0 0 0 14 0 0
114283 14 0 0 0 0 0 14 0 0
114296 28 0 0 14 0 0 14 0 0
114297 42 0 0 14 0 0 14 0 0
114298 2324 0 0 764 4 1 14 0 0
114300 372 0 0 0 0 0 372 0 0
114301 1558 15 2 372 0 0 758 0 0
114302 372 0 0 0 0 0 0 0 0
114303 744 0 0 372 0 0 0 0 0
114307 2346 0 0 372 0 0 0 0 0
114309 387 9 1 129 0 0 0 0 0
114324 8 1 1 0 0 0 4 0 0
114328 1458 7 1 486 0 0 486 0 0
114329 486 0 0 243 1 0 243 0 0
114330 972 1 0 486 0 0 0 0 0
114338 807 1 0 29 6 1 0 0 0
114339 20 0 0 10 0 0 0 0 0
114340 70 9 1 20 0 0 20 0 0
114341 20 3 0 10 0 0 10 0 0
114343 98 8 1 20 0 0 24 0 0
114351 28 0 0 14 0 0 14 0 0
114352 28 0 0 14 0 0 0 0 0
114355 70 0 0 14 0 0 0 0 0
114359 42 0 0 14 0 0 0 0 0
114365 98 10 1 42 0 0 0 0 0
114370 28 10 1 14 0 0 0 0 0
114371 39 0 0 13 0 0 13 0 0
114372 13 0 0 0 0 0 13 0 0
114373 26 12 1 0 0 0 13 0 0
114377 28 0 0 14 0 0 14 0 0
114380 28 0 0 14 0 0 0 0 0
114385 14 1 0 14 1 0 0 0 0
114388 14 10 1 14 0 0 0 0 0
114389 192 4 0 46 0 0 16 0 0
114390 42 5 1 14 0 0 14 0 0
114391 28 0 0 14 0 0 0 0 0
114392 42 0 0 14 0 0 0 0 0
114395 28 10 1 0 0 0 14 0 0
114397 56 0 0 14 0 0 0 0 0
114402 42 11 1 14 0 0 0 0 0
114406 168 9 0 140 0 0 0 0 0
fn=sqlite3SafetyCheckOk
22290 16 0 0 0 0 0 0 0 0
22310 32 11 1 0 0 0 16 0 0
22312 32 0 0 0 0 0 0 0 0
22316 16 0 0 16 0 0 0 0 0
22317 32 0 0 0 0 0 0 0 0
22324 16 0 0 0 0 0 0 0 0
22326 48 0 0 32 0 0 0 0 0
fn=sqlite3SchemaClear
22465 4 0 0 0 0 0 4 0 0
22467 4 1 1 0 0 0 4 2 0
22468 4 0 0 0 0 0 4 0 0
22479 4 0 0 4 1 0 0 0 0
22480 4 0 0 0 0 0 4 0 0
22481 16 1 1 6 0 0 8 0 0
22482 4 1 1 0 0 0 4 0 0
22483 4 0 0 0 0 0 4 0 0
22484 18 0 0 0 0 0 0 0 0
22485 6 0 0 3 0 0 0 0 0
22486 3 0 0 0 0 0 3 0 0
22489 4 0 0 0 0 0 4 0 0
82728 6 0 0 0 0 0 0 0 0
82729 12 0 0 3 3 0 3 0 0
86448 20 2 2 0 0 0 12 0 0
86454 4 0 0 4 1 0 0 0 0
86455 6 1 1 4 0 0 2 0 0
86458 4 1 1 0 0 0 0 0 0
86463 17 1 1 3 0 0 0 0 0
86464 3 0 0 3 3 0 0 0 0
86469 2 0 0 0 0 0 2 0 0
86470 6 0 0 2 1 0 0 0 0
86471 2 0 0 2 0 0 0 0 0
86472 4 0 0 0 0 0 2 0 0
86474 16 0 0 14 0 0 0 0 0
fn=sqlite3SchemaGet
19356 4 1 1 0 0 0 0 0 0
19411 6 1 1 0 0 0 2 0 0
22465 8 0 0 0 0 0 8 0 0
22467 8 1 1 0 0 0 8 0 0
22468 8 1 1 0 0 0 8 0 0
49388 2 1 1 1 0 0 0 0 0
57863 1 0 0 1 0 0 0 0 0
57864 2 0 0 0 0 0 1 0 0
57865 3 0 0 1 0 0 0 0 0
57866 1 0 0 0 0 0 1 0 0
57867 2 0 0 0 0 0 1 0 0
86480 16 1 1 0 0 0 8 0 0
86482 4 0 0 0 0 0 0 0 0
86489 3 0 0 1 0 0 0 0 0
86494 2 0 0 0 0 0 2 0 0
86497 14 1 1 10 0 0 0 0 0
fn=sqlite3ScratchFree
13769 1053 117 1 351 0 0 351 0 0
13770 702 0 0 351 0 0 0 0 0
19153 585 0 0 0 0 0 351 0 0
19154 234 104 0 0 0 0 0 0 0
19165 468 117 1 234 116 0 0 0 0
19181 351 0 0 117 0 0 0 0 0
19183 234 0 0 117 0 0 117 0 0
19187 234 117 1 117 0 0 117 0 0
19188 234 0 0 117 0 0 0 0 0
19194 351 0 0 351 0 0 0 0 0
19214 351 0 0 117 0 0 117 0 0
fn=sqlite3ScratchMalloc
13769 234 0 0 117 0 0 117 0 0
13770 234 0 0 117 0 0 0 0 0
13771 26 13 1 0 0 0 13 0 0
13781 117 0 0 0 0 0 117 0 0
13782 234 0 0 117 0 0 0 0 0
13783 13 0 0 0 0 0 13 0 0
19115 936 4 1 117 0 0 351 0 0
19119 234 0 0 117 0 0 117 0 0
19120 351 117 1 117 0 0 0 0 0
19128 351 0 0 117 0 0 0 0 0
19130 351 0 0 0 0 0 117 0 0
19131 234 117 1 117 0 0 0 0 0
19132 234 0 0 117 0 0 117 0 0
19151 117 0 0 117 0 0 0 0 0
19152 702 117 1 585 0 0 0 0 0
fn=sqlite3Select
60199 6 0 0 2 0 0 0 0 0
60202 6 2 1 2 0 0 0 0 0
60203 6 2 1 2 0 0 2 0 0
60781 6 2 1 4 0 0 0 0 0
60782 2 0 0 0 0 0 0 0 0
60784 6 0 0 4 0 0 0 0 0
75597 6 0 0 0 0 0 2 0 0
96589 12 0 0 4 0 0 0 0 0
97557 2 0 0 2 0 0 0 0 0
97558 4 0 0 0 0 0 0 0 0
100032 18 2 1 0 0 0 12 0 0
100051 8 2 1 4 0 0 4 0 0
100052 8 0 0 2 0 0 4 0 0
100055 2 0 0 2 0 0 0 0 0
100056 16 2 1 4 0 0 0 0 0
100059 14 2 1 0 0 0 2 0 0
100062 4 0 0 2 0 0 0 0 0
100071 8 0 0 0 0 0 2 0 0
100072 4 2 1 2 0 0 2 0 0
100073 4 0 0 2 0 0 2 0 0
100074 2 0 0 2 0 0 0 0 0
100075 14 0 0 4 0 0 2 0 0
100078 20 4 2 4 0 0 10 0 0
100084 12 0 0 4 0 0 0 0 0
100098 30 2 1 14 0 0 2 0 0
100101 10 2 1 4 0 0 0 0 0
100104 4 0 0 0 0 0 0 0 0
100213 8 2 1 4 0 0 4 0 0
100215 8 2 1 6 0 0 2 0 0
100216 4 0 0 2 0 0 2 0 0
100217 4 0 0 2 0 0 2 0 0
100218 10 0 0 2 0 0 6 0 0
100252 18 2 1 6 0 0 4 0 0
100272 4 2 1 0 0 0 0 0 0
100292 6 0 0 2 0 0 0 0 0
100294 10 0 0 0 0 0 4 0 0
100295 10 0 0 4 0 0 4 0 0
100296 2 0 0 0 0 0 2 0 0
100297 18 2 1 4 0 0 6 0 0
100306 10 2 1 8 0 0 0 0 0
100312 8 0 0 0 0 0 6 0 0
100313 4 0 0 2 0 0 2 0 0
100314 8 0 0 0 0 0 2 0 0
100315 22 2 1 6 0 0 4 0 0
100316 2 0 0 0 0 0 2 0 0
100317 8 0 0 2 0 0 2 0 0
100322 4 2 1 0 0 0 0 0 0
100329 4 0 0 2 0 0 2 0 0
100334 10 2 1 4 0 0 0 0 0
100336 6 0 0 2 0 0 0 0 0
100339 20 0 0 6 0 0 6 0 0
100340 8 2 1 4 0 0 0 0 0
100341 12 0 0 6 0 0 2 0 0
100342 6 0 0 2 0 0 0 0 0
100343 12 2 1 6 0 0 0 0 0
100349 4 2 1 2 0 0 0 0 0
100350 12 2 1 6 0 0 6 0 0
100351 8 0 0 4 0 0 2 0 0
100355 32 2 1 8 0 0 14 0 0
100360 8 0 0 4 0 0 2 0 0
100773 4 2 1 2 0 0 0 0 0
100780 4 0 0 2 0 0 0 0 0
100798 4 0 0 2 0 0 2 0 0
100802 4 2 1 2 0 0 0 0 0
100803 10 0 0 4 0 0 2 0 0
100806 6 0 0 2 0 0 2 0 0
100807 6 0 0 2 0 0 2 0 0
100808 10 4 2 0 0 0 6 0 0
100809 26 0 0 18 0 0 0 0 0
fn=sqlite3SelectNew
19355 8 0 0 0 0 0 2 0 0
19356 6 0 0 2 0 0 0 0 0
96132 46 6 3 10 0 0 26 0 0
96135 2 0 0 2 0 0 0 0 0
96143 4 0 0 0 0 0 0 0 0
96146 2 0 0 0 0 0 2 0 0
96147 4 0 0 0 0 0 0 0 0
96148 2 0 0 0 0 0 2 0 0
96149 4 0 0 2 0 0 2 0 0
96150 4 2 1 2 0 0 2 0 0
96151 4 0 0 2 0 0 2 0 0
96152 4 0 0 2 0 0 2 0 0
96153 4 0 0 2 0 0 2 0 0
96154 2 0 0 0 0 0 2 0 0
96155 2 0 0 0 0 0 2 0 0
96156 2 0 0 0 0 0 2 0 0
96158 2 0 0 0 0 0 2 0 0
96159 2 0 0 0 0 0 2 0 0
96161 4 2 1 2 0 0 0 0 0
96170 24 0 0 18 0 0 0 0 0
fn=sqlite3SelectPrep
73861 8 0 0 0 0 0 8 0 0
75216 8 0 0 0 0 0 2 0 0
75217 4 0 0 0 0 0 2 0 0
75218 2 0 0 0 0 0 2 0 0
75219 2 0 0 0 0 0 2 0 0
99714 6 2 1 0 0 0 2 0 0
99715 4 0 0 0 0 0 2 0 0
99716 4 0 0 0 0 0 2 0 0
99718 8 0 0 0 0 0 2 0 0
99775 4 0 0 0 0 0 2 0 0
99776 4 0 0 0 0 0 2 0 0
99777 2 0 0 0 0 0 2 0 0
99778 2 0 0 0 0 0 2 0 0
99781 2 2 0 0 0 0 0 0 0
99800 22 2 1 2 0 0 14 1 0
99802 4 0 0 0 0 0 0 0 0
99803 4 0 0 2 0 0 0 0 0
99804 6 2 1 2 0 0 0 0 0
99805 4 0 0 2 0 0 0 0 0
99807 10 2 1 4 0 0 0 0 0
99809 10 2 1 4 0 0 0 0 0
99811 22 0 0 18 0 0 0 0 0
fn=sqlite3SrcListAppend
19493 8 0 0 0 0 0 0 0 0
19497 42 0 0 0 0 0 21 0 0
19498 14 0 0 0 0 0 0 0 0
19499 7 0 0 7 0 0 0 0 0
19500 14 7 1 7 0 0 7 0 0
82808 12 0 0 0 0 0 0 0 0
82809 26 0 0 11 0 0 0 0 0
82810 14 0 0 0 0 0 7 0 0
85428 77 14 2 0 0 0 42 0 0
85431 14 0 0 0 0 0 0 0 0
85432 21 7 1 0 0 0 7 3 3
85433 14 7 1 0 0 0 0 0 0
85434 21 0 0 0 0 0 7 0 0
85436 35 0 0 7 0 0 7 0 0
85437 14 0 0 7 0 0 0 0 0
85441 14 0 0 7 0 0 0 0 0
85442 35 7 1 7 0 0 0 0 0
85450 35 0 0 0 0 0 7 0 0
85451 28 0 0 0 0 0 14 0 0
85453 63 0 0 49 0 0 0 0 0
fn=sqlite3SrcListAppendFromTerm
85518 22 2 1 2 0 0 12 0 0
85520 2 0 0 2 0 0 0 0 0
85521 10 2 1 2 0 0 0 0 0
85527 8 0 0 0 0 0 2 0 0
85528 10 2 1 2 0 0 0 0 0
85531 2 0 0 0 0 0 0 0 0
85533 8 0 0 2 0 0 0 0 0
85536 8 0 0 0 0 0 2 0 0
85537 4 0 0 2 0 0 2 0 0
85538 2 0 0 0 0 0 2 0 0
85547 18 2 1 14 0 0 0 0 0
fn=sqlite3SrcListAssignCursors
85458 12 0 0 0 0 0 8 1 0
85462 4 2 1 0 0 0 0 0 0
85463 24 4 2 2 0 0 0 0 0
85464 6 0 0 2 0 0 0 0 0
85465 8 0 0 2 0 0 4 0 0
85466 6 0 0 2 0 0 0 0 0
85471 12 0 0 10 0 0 0 0 0
fn=sqlite3SrcListDelete
82728 14 0 0 0 0 0 0 0 0
82729 49 19 2 14 0 0 0 0 0
85301 14 7 1 0 0 0 0 0 0
85476 63 7 1 0 0 0 49 0 0
85479 14 0 0 0 0 0 0 0 0
85480 84 7 1 21 0 0 0 0 0
85481 21 7 1 7 0 0 7 0 0
85482 21 0 0 7 0 0 7 0 0
85483 21 0 0 7 0 0 7 0 0
85484 21 0 0 7 0 0 7 0 0
85485 7 0 0 7 0 0 0 0 0
85486 7 0 0 7 0 0 0 0 0
85487 21 0 0 7 0 0 7 0 0
85488 7 0 0 7 0 0 0 0 0
85490 21 0 0 7 0 0 0 0 0
85491 49 0 0 42 0 0 0 0 0
96176 14 0 0 0 0 0 0 0 0
fn=sqlite3SrcListEnlarge
85346 77 7 1 0 0 0 42 1 0
85356 42 7 1 14 0 0 0 0 0
85373 21 0 0 0 0 0 0 0 0
85376 21 14 2 0 0 0 7 0 0
85379 49 0 0 0 0 0 0 0 0
85380 91 7 1 0 0 0 0 0 0
85381 7 0 0 0 0 0 7 0 0
85386 63 0 0 49 0 0 0 0 0
fn=sqlite3SrcListLookup
82520 15 0 0 5 0 0 0 0 0
82524 10 5 1 5 0 0 0 0 0
82526 25 5 1 5 0 0 5 0 0
82728 10 5 1 0 0 0 0 0 0
86530 40 5 1 0 0 0 25 0 0
86531 5 0 0 0 0 0 0 0 0
86535 10 0 0 10 0 0 0 0 0
86536 5 0 0 0 0 0 5 0 0
86537 10 0 0 0 0 0 0 0 0
86538 5 0 0 5 5 0 0 0 0
86540 15 0 0 0 0 0 5 0 0
86541 15 0 0 0 0 0 0 0 0
86544 35 0 0 30 0 0 0 0 0
fn=sqlite3StartTable
49468 1 0 0 1 0 0 0 0 0
60078 2 1 1 2 0 0 0 0 0
60081 28 0 0 2 0 0 0 0 0
60086 20 2 2 0 0 0 10 0 0
60087 38 5 5 10 0 0 0 0 0
60088 20 0 0 0 0 0 10 0 0
60089 10 0 0 0 0 0 10 0 0
60090 14 0 0 4 0 0 10 0 0
60091 12 2 2 2 0 0 10 0 0
60092 10 0 0 1 0 0 9 0 0
60093 10 1 1 0 0 0 10 0 0
60105 1 0 0 0 0 0 0 0 0
60482 2 0 0 0 0 0 0 0 0
60483 5 0 0 1 0 0 1 0 0
60503 2 0 0 0 0 0 0 0 0
60505 3 0 0 1 0 0 1 0 0
60515 3 0 0 1 0 0 0 0 0
60906 1 0 0 1 0 0 0 0 0
60907 6 1 1 4 0 0 0 0 0
82954 64 7 2 4 0 0 36 0 0
82957 4 0 0 4 0 0 0 0 0
82979 12 0 0 0 0 0 8 0 0
82980 8 0 0 0 0 0 0 0 0
82981 13 0 0 1 0 0 0 0 0
82987 1 0 0 0 0 0 1 0 0
82989 12 3 1 8 0 0 4 0 0
82990 12 0 0 0 0 0 4 0 0
82991 8 0 0 0 0 0 0 0 0
82992 20 0 0 0 0 0 4 0 0
82995 9 1 0 4 0 0 0 0 0
83000 16 4 1 12 0 0 0 0 0
83001 42 0 0 0 0 0 8 0 0
83004 16 4 1 8 0 0 0 0 0
83008 8 0 0 0 0 0 0 0 0
83014 8 0 0 0 0 0 0 0 0
83017 36 3 1 4 0 0 4 0 0
83030 8 0 0 4 0 0 0 0 0
83031 8 0 0 8 0 0 0 0 0
83035 16 0 0 0 0 0 4 0 0
83036 8 0 0 0 0 0 0 0 0
83045 24 6 2 0 0 0 4 0 0
83051 16 3 1 0 0 0 4 0 0
83052 8 4 1 0 0 0 0 0 0
83058 4 0 0 0 0 0 4 0 0
83059 8 0 0 0 0 0 4 0 0
83060 16 0 0 8 0 0 8 0 0
83061 8 0 0 0 0 0 4 0 0
83062 4 0 0 0 0 0 4 0 0
83064 4 4 1 0 0 0 4 0 0
83071 28 0 0 4 0 0 4 0 0
83085 11 0 0 4 0 0 0 0 0
83092 3 0 0 1 0 0 0 0 0
83100 4 0 0 1 0 0 2 0 0
83101 3 0 0 0 0 0 2 0 0
83102 3 0 0 0 0 0 1 0 0
83106 3 0 0 1 0 0 0 0 0
83107 4 0 0 0 0 0 0 0 0
83110 4 1 1 3 0 0 0 0 0
83124 4 0 0 2 0 0 0 0 0
83131 3 1 1 1 0 0 1 0 0
83136 4 0 0 0 0 0 1 0 0
83146 44 4 1 36 0 0 0 0 0
85794 1 1 1 1 0 0 0 0 0
85795 5 0 0 1 0 0 1 0 0
85796 4 0 0 2 0 0 0 0 0
95637 4 0 0 4 0 0 0 0 0
95639 8 4 1 4 0 0 0 0 0
95640 2 1 1 0 0 0 1 0 0
95642 2 0 0 0 0 0 0 0 0
95646 3 0 0 0 0 0 1 0 0
97557 1 0 0 1 0 0 0 0 0
97558 2 0 0 0 0 0 0 0 0
fn=sqlite3StrAccumAppend.part.0
20240 288 4 1 0 0 0 180 0 0
20248 72 0 0 0 0 0 0 0 0
20251 252 0 0 0 0 0 0 0 0
20254 180 5 1 72 0 0 0 0 0
20256 24 0 0 8 0 0 0 0 0
20263 56 0 0 44 0 0 0 0 0
20265 24 2 1 0 0 0 0 0 0
20266 24 2 1 8 0 0 0 0 0
20271 16 0 0 0 0 0 8 0 0
20273 16 0 0 0 0 0 0 0 0
20274 48 0 0 8 0 0 8 0 0
20278 16 0 0 0 0 0 0 0 0
20279 42 0 0 8 0 0 0 0 0
20280 16 0 0 0 0 0 8 0 0
20289 74 0 0 2 0 0 0 0 0
20290 36 0 0 36 0 0 0 0 0
20291 216 5 1 216 0 0 0 0 0
fn=sqlite3StrAccumFinish
20298 30 0 0 0 0 0 12 0 0
20299 18 3 0 6 0 0 0 0 0
20300 12 0 0 6 0 0 6 0 0
20301 34 5 1 17 0 0 0 0 0
20302 6 0 0 0 0 0 0 0 0
20303 21 2 1 6 0 0 6 0 0
20307 6 0 0 0 0 0 0 0 0
20308 9 0 0 3 0 0 0 0 0
20314 3 0 0 3 0 0 0 0 0
20315 18 0 0 18 0 0 0 0 0
fn=sqlite3TableAffinityStr
19411 4 0 0 0 0 0 2 0 0
63159 2 0 0 2 0 0 0 0 0
90204 35 5 1 0 0 0 20 0 0
90212 15 0 0 5 0 0 0 0 0
90217 6 2 1 2 0 0 0 0 0
90218 4 0 0 0 0 0 0 0 0
90223 70 2 0 12 0 0 0 0 0
90224 30 0 0 20 0 0 10 0 0
90226 2 0 0 0 0 0 2 0 0
90228 4 0 0 0 0 0 2 0 0
90231 20 0 0 0 0 0 0 0 0
90232 25 0 0 20 0 0 0 0 0
fn=sqlite3TableLock
19463 21 0 0 0 0 0 21 0 0
19464 28 0 0 14 0 0 0 0 0
82245 96 7 1 0 0 0 48 0 0
82246 24 0 0 8 0 0 0 0 0
82252 29 8 1 8 0 0 0 0 0
82254 4 0 0 2 0 0 0 0 0
82255 2 0 0 1 0 0 1 0 0
82260 14 0 0 0 0 0 0 0 0
82261 7 7 1 0 0 0 7 0 0
82262 15 6 1 15 0 0 0 0 0
82264 35 0 0 7 0 0 7 0 0
82265 7 0 0 0 0 0 7 0 0
82266 7 0 0 0 0 0 7 0 0
82267 7 0 0 0 0 0 7 0 0
82268 7 0 0 0 0 0 7 0 0
82273 64 0 0 56 0 0 0 0 0
fn=sqlite3TriggerColmask
102221 9 1 1 0 0 0 7 0 0
102222 3 0 0 0 0 0 0 0 0
102223 1 1 1 0 0 0 0 0 0
102227 2 0 0 0 0 0 0 0 0
102239 1 0 0 0 0 0 0 0 0
102240 9 1 1 7 0 0 0 0 0
fn=sqlite3TriggerList.isra.0
101156 35 5 1 0 0 0 25 0 0
101157 10 0 0 10 0 0 0 0 0
101160 10 0 0 0 0 0 0 0 0
101164 15 5 1 5 0 0 0 0 0
101167 15 0 0 5 4 0 0 0 0
101178 5 5 1 5 0 0 0 0 0
101179 35 5 1 30 0 0 0 0 0
fn=sqlite3TriggersExist
101758 45 5 1 0 0 0 30 0 0
101763 15 0 0 10 0 0 0 0 0
101764 40 5 1 5 0 0 5 0 0
101767 10 0 0 0 0 0 0 0 0
101772 10 0 0 0 0 0 0 0 0
101773 5 0 0 0 0 0 5 0 0
101775 5 0 0 0 0 0 0 0 0
101776 45 0 0 35 0 0 0 0 0
fn=sqlite3TwoPartName
82888 63 10 2 0 0 0 42 0 0
82890 7 0 0 7 0 0 0 0 0
82892 35 0 0 7 0 0 0 0 0
82907 7 4 1 7 0 0 0 0 0
82908 7 0 0 0 0 0 7 0 0
82911 63 4 1 49 0 0 0 0 0
fn=sqlite3Update
60078 8 0 0 8 0 0 0 0 0
60081 32 3 3 8 0 0 0 0 0
60086 19 0 0 0 0 0 10 0 0
60087 35 4 4 10 1 0 2 0 0
60088 18 2 2 0 0 0 9 1 0
60089 9 2 2 0 0 0 9 0 0
60090 13 1 1 4 0 0 9 0 0
60091 13 1 1 4 0 0 9 0 0
60092 6 0 0 0 0 0 6 0 0
60093 9 0 0 0 0 0 9 1 0
60482 7 1 1 1 0 0 0 0 0
60483 11 2 2 2 0 0 3 0 0
60515 10 0 0 4 0 0 0 0 0
75162 26 1 1 1 0 0 7 0 0
82173 3 1 1 1 0 0 0 0 0
85794 4 0 0 2 0 0 0 0 0
85795 3 0 0 1 0 0 2 0 0
85796 4 1 1 2 0 0 0 0 0
85797 1 0 0 1 0 0 0 0 0
95718 2 0 0 0 0 0 0 0 0
95719 7 1 1 3 0 0 0 0 0
95720 3 0 0 1 0 0 1 0 0
97557 2 1 1 2 0 0 0 0 0
97558 2 0 0 0 0 0 0 0 0
102339 16 2 2 1 0 0 11 0 0
102354 7 0 0 5 0 0 1 0 0
102374 1 0 0 0 0 0 1 0 0
102378 1 0 0 1 0 0 0 0 0
102379 6 1 1 2 0 0 1 0 0
102386 5 1 1 2 0 0 1 0 0
102387 2 0 0 0 0 0 0 0 0
102388 2 0 0 2 1 0 0 0 0
102394 8 1 1 1 0 0 2 0 0
102395 2 0 0 1 1 0 1 0 0
102407 5 0 0 0 0 0 1 0 0
102410 7 1 1 1 0 0 2 0 0
102413 5 0 0 1 0 0 2 0 0
102414 2 0 0 0 0 0 0 0 0
102415 7 1 1 2 0 0 1 0 0
102422 10 0 0 3 0 0 4 0 0
102423 3 1 1 1 0 0 0 0 0
102429 2 0 0 1 0 0 1 0 0
102430 2 1 1 1 0 0 1 0 0
102438 1 0 0 0 0 0 1 0 0
102439 24 1 1 17 0 0 0 0 0
102440 40 1 1 10 0 0 5 0 0
102443 55 0 0 15 0 0 0 0 0
102444 135 1 1 45 3 0 30 0 0
102445 15 0 0 10 0 0 0 0 0
102447 10 0 0 10 0 0 0 0 0
102449 15 1 1 10 0 0 5 0 0
102453 15 0 0 10 0 0 0 0 0
102454 10 0 0 5 0 0 0 0 0
102467 31 1 1 20 0 0 6 0 0
102469 24 1 1 21 0 0 2 0 0
102470 10 0 0 0 0 0 0 0 0
102472 10 0 0 0 0 0 0 0 0
102479 7 1 1 4 0 0 2 0 0
102486 3 0 0 1 0 0 0 0 0
102510 3 1 1 2 0 0 0 0 0
102515 3 0 0 2 0 0 0 0 0
102525 4 1 1 2 0 0 1 0 0
102526 4 0 0 0 0 0 2 0 0
102527 9 0 0 2 0 0 1 0 0
102529 1 0 0 1 0 0 0 0 0
102531 6 1 1 2 0 0 1 0 0
102534 3 0 0 1 0 0 1 0 0
102535 3 1 1 2 0 0 1 0 0
102538 2 1 1 1 0 0 0 0 0
102554 3 0 0 1 0 0 0 0 0
102561 11 0 0 3 0 0 3 0 0
102564 5 1 1 3 0 0 0 0 0
102565 2 0 0 1 0 0 1 0 0
102570 3 0 0 1 0 0 0 0 0
102576 3 0 0 0 0 0 2 0 0
102580 5 1 1 2 0 0 1 0 0
102585 2 1 1 1 0 0 0 0 0
102592 3 2 2 1 0 0 0 0 0
102593 2 0 0 1 0 0 0 0 0
102597 3 0 0 1 0 0 0 0 0
102616 3 0 0 1 0 0 0 0 0
102634 3 0 0 1 0 0 0 0 0
102641 2 0 0 1 0 0 0 0 0
102671 12 2 2 3 0 0 4 0 0
102674 3 0 0 2 0 0 0 0 0
102675 37 0 0 6 0 0 3 0 0
102676 20 2 2 5 0 0 0 0 0
102679 10 0 0 10 0 0 0 0 0
102680 10 0 0 0 0 0 0 0 0
102681 40 1 1 18 0 0 5 0 0
102699 2 0 0 1 0 0 0 0 0
102726 2 0 0 1 0 0 0 0 0
102730 17 2 2 6 0 0 6 0 0
102734 5 1 1 2 0 0 0 0 0
102740 4 0 0 2 0 0 1 0 0
102743 9 0 0 5 0 0 1 0 0
102748 2 0 0 1 0 0 0 0 0
102753 14 2 2 6 0 0 4 0 0
102765 2 0 0 1 0 0 0 0 0
102769 14 2 2 4 0 0 5 0 0
102779 3 0 0 1 0 0 0 0 0
102791 3 0 0 2 0 0 0 0 0
102800 2 1 1 1 0 0 0 0 0
102808 3 1 0 0 0 0 1 0 0
102809 3 0 0 1 0 0 1 0 0
102810 3 0 0 1 0 0 1 0 0
102811 3 1 1 0 0 0 1 0 0
102812 3 0 0 1 0 0 1 0 0
102814 11 0 0 9 0 0 0 0 0
fn=sqlite3VMPrintf
20335 15 0 0 0 0 0 10 0 0
20337 10 0 0 0 0 0 5 0 0
20339 5 0 0 0 0 0 5 0 0
20341 5 0 0 0 0 0 5 0 0
20342 10 0 0 0 0 0 5 0 0
20349 50 4 1 5 0 0 20 0 0
20354 5 0 0 5 0 0 0 0 0
20356 5 4 1 0 0 0 5 0 0
20357 25 0 0 0 0 0 5 0 0
20358 10 4 1 0 0 0 5 0 0
20359 10 0 0 5 0 0 0 0 0
20363 40 0 0 30 0 0 0 0 0
fn=sqlite3VXPrintf
19717 78 4 1 6 0 0 54 0 0
19751 101 8 2 23 7 6 0 0 0
19752 40 0 0 0 0 0 0 0 0
19755 19 0 0 0 0 0 0 0 0
19756 1343 4 1 197 4 3 0 0 0
19758 32 0 0 0 0 0 0 0 0
19760 68 0 0 17 0 0 0 0 0
19765 68 0 0 0 0 0 17 0 0
19766 51 5 1 0 0 0 34 0 0
19769 66 0 0 1 0 0 0 0 0
19780 17 0 0 0 0 0 0 0 0
19781 34 5 1 0 0 0 0 0 0
19789 51 5 1 0 0 0 0 0 0
19795 34 5 1 0 0 0 0 0 0
19797 1 0 0 1 0 0 0 0 0
19798 2 0 0 0 0 0 0 0 0
19799 40 4 1 3 0 0 17 0 0
19800 1 0 0 1 0 0 0 0 0
19801 5 0 0 1 0 0 0 0 0
19809 17 0 0 0 0 0 0 0 0
19812 34 5 1 0 0 0 0 0 0
19813 19 0 0 0 0 0 1 0 0
19814 1 0 0 1 0 0 0 0 0
19815 2 0 0 0 0 0 0 0 0
19816 2 0 0 0 0 0 0 0 0
19817 2 2 1 1 0 0 0 0 0
19822 48 4 1 0 0 0 16 0 0
19827 168 0 0 0 0 0 0 0 0
19828 190 5 1 39 2 1 0 0 0
19830 72 0 0 18 0 0 0 0 0
19831 51 4 1 17 1 1 0 0 0
19838 13 2 1 0 0 0 10 0 0
19861 119 0 0 17 5 2 0 0 0
19868 12 2 1 3 0 0 0 0 0
19870 6 0 0 0 0 0 0 0 0
19872 4 0 0 2 0 0 0 0 0
19873 14 3 1 9 0 0 1 0 0
19875 16 1 1 6 0 0 2 0 0
19877 6 0 0 0 0 0 0 0 0
19887 18 1 1 0 0 0 3 0 0
19894 3 1 1 0 0 0 3 0 0
19900 15 2 1 3 0 0 3 0 0
19901 6 0 0 3 0 0 0 0 0
19904 6 0 0 0 0 0 0 0 0
19906 3 0 0 0 0 0 0 0 0
19915 6 0 0 0 0 0 0 0 0
19916 6 0 0 0 0 0 0 0 0
19928 15 0 0 3 0 0 0 0 0
19931 27 2 1 6 2 1 3 0 0
19932 6 0 0 0 0 0 0 0 0
19933 6 0 0 0 0 0 0 0 0
19935 6 0 0 0 0 0 0 0 0
19936 12 0 0 0 0 0 0 0 0
19939 9 2 1 3 0 0 0 0 0
19940 6 1 0 3 0 0 0 0 0
19946 6 0 0 0 0 0 0 0 0
20133 63 3 1 28 0 0 7 0 0
20134 14 3 1 0 0 0 0 0 0
20136 28 0 0 0 0 0 7 0 0
20139 14 0 0 0 0 0 0 0 0
20140 397 2 2 56 0 0 0 0 0
20151 21 0 0 0 0 0 0 0 0
20152 63 6 3 30 0 0 7 0 0
20154 14 0 0 0 0 0 0 0 0
20156 735 0 0 91 0 0 0 0 0
20157 336 0 0 0 0 0 0 0 0
20159 28 8 2 7 0 0 7 0 0
20160 14 0 0 0 0 0 0 0 0
20161 14 0 0 0 0 0 0 0 0
20162 2 0 0 0 0 0 1 0 0
20163 7 1 1 3 0 0 1 0 0
20168 7 0 0 0 0 0 0 0 0
20170 3 2 1 0 0 0 0 0 0
20171 36 4 1 7 0 0 4 0 0
20173 266 0 0 0 0 0 0 0 0
20174 420 0 0 84 0 0 84 0 0
20175 168 0 0 0 0 0 0 0 0
20177 36 4 1 7 0 0 4 0 0
20178 15 0 0 0 0 0 7 0 0
20216 35 1 0 17 0 0 0 0 0
20218 34 4 2 0 0 0 0 0 0
20219 35 0 0 0 0 0 0 0 0
20223 32 5 1 0 0 0 0 0 0
20226 34 0 0 17 0 0 0 0 0
20228 17 5 1 0 0 0 0 0 0
20229 34 0 0 0 0 0 0 0 0
20233 34 0 0 17 0 0 17 0 0
20235 66 0 0 54 0 0 0 0 0
20242 267 12 3 89 0 0 37 0 0
21321 207 3 1 67 3 2 0 0 0
21322 18 0 0 0 0 0 0 0 0
fn=sqlite3ValueFromExpr
59810 98 4 2 7 0 0 56 0 0
59813 7 0 0 0 0 0 7 0 0
59817 14 0 0 0 0 0 0 0 0
59818 7 0 0 0 0 0 7 0 0
59819 7 2 1 0 0 0 0 0 0
59909 77 2 1 63 0 0 0 0 0
fn=sqlite3ValueText
58827 15 0 0 5 0 0 0 0 0
59745 42 0 0 0 0 0 24 0 0
59746 12 1 1 0 0 0 0 0 0
59752 24 0 0 6 1 0 0 0 0
59756 30 0 0 0 0 0 6 0 0
59757 12 0 0 0 0 0 0 0 0
59758 12 0 0 0 0 0 0 0 0
59759 18 1 1 0 0 0 0 0 0
59760 10 0 0 0 0 0 0 0 0
59766 10 0 0 0 0 0 5 0 0
59769 2 0 0 0 0 0 1 0 0
59774 18 0 0 6 0 0 0 0 0
59775 6 1 1 6 0 0 0 0 0
59779 36 0 0 30 0 0 0 0 0
fn=sqlite3VdbeAddOp0.isra.0
60078 1 0 0 1 0 0 0 0 0
60081 3 0 0 1 0 0 0 0 0
60086 2 0 0 0 0 0 1 0 0
60087 3 1 1 1 0 0 0 0 0
60088 1 0 0 0 0 0 1 0 0
60089 1 0 0 0 0 0 1 0 0
60090 1 0 0 0 0 0 1 0 0
60091 1 0 0 0 0 0 1 0 0
60093 1 0 0 0 0 0 1 0 0
60094 1 0 0 0 0 0 1 0 0
60107 8 1 1 0 0 0 4 0 0
60109 6 0 0 5 0 0 0 0 0
fn=sqlite3VdbeAddOp3
60074 72 5 1 0 0 0 36 0 0
60078 6 0 0 6 0 0 0 0 0
60081 18 0 0 6 0 0 0 0 0
60086 12 0 0 0 0 0 6 0 0
60087 24 0 0 6 0 0 0 0 0
60088 6 0 0 0 0 0 6 1 0
60089 6 0 0 0 0 0 6 0 0
60090 6 0 0 0 0 0 6 0 0
60091 6 0 0 0 0 0 6 1 1
60092 6 5 1 0 0 0 6 0 0
60093 6 0 0 0 0 0 6 2 1
60094 6 0 0 0 0 0 6 0 0
60106 54 0 0 42 0 0 0 0 0
fn=sqlite3VdbeAddOp4
60078 14 0 0 14 0 0 0 0 0
60081 42 0 0 14 0 0 0 0 0
60086 28 0 0 0 0 0 14 0 0
60087 56 0 0 14 0 0 0 0 0
60088 14 0 0 0 0 0 14 0 0
60089 14 0 0 0 0 0 14 0 0
60090 14 0 0 0 0 0 14 0 0
60091 14 0 0 0 0 0 14 1 0
60092 14 7 1 0 0 0 14 0 0
60093 14 0 0 0 0 0 14 0 0
60094 14 0 0 0 0 0 14 0 0
60129 168 19 2 0 0 0 84 1 0
60131 56 0 0 14 0 0 14 1 0
60133 126 0 0 98 0 0 0 0 0
fn=sqlite3VdbeAddParseSchemaOp
49468 1 0 0 1 0 0 0 0 0
60078 1 0 0 1 0 0 0 0 0
60081 2 0 0 1 0 0 0 0 0
60086 2 0 0 0 0 0 1 0 0
60087 4 0 0 1 0 0 0 0 0
60088 2 0 0 0 0 0 1 0 0
60089 1 1 1 0 0 0 1 0 0
60090 1 0 0 0 0 0 1 0 0
60091 1 0 0 0 0 0 1 0 0
60093 1 0 0 0 0 0 1 0 0
60143 10 1 1 0 0 0 5 0 0
60146 5 0 0 0 0 0 1 0 0
60147 13 1 1 3 1 0 1 0 0
60148 6 0 0 6 0 0 0 0 0
60906 8 1 1 0 0 0 0 0 0
60907 9 0 0 2 0 0 0 0 0
fn=sqlite3VdbeChangeP4
21321 374 5 0 120 0 0 0 0 0
21322 42 2 0 0 0 0 0 0 0
60646 561 16 2 0 0 0 306 0 0
60650 51 0 0 51 0 0 0 0 0
60652 255 0 0 102 0 0 0 0 0
60660 102 0 0 0 0 0 0 0 0
60661 99 7 1 33 0 0 0 0 0
60663 153 0 0 0 0 0 0 0 0
60665 153 8 1 102 0 0 51 1 0
60666 51 0 0 0 0 0 51 0 0
60667 102 0 0 0 0 0 0 0 0
60670 10 6 0 0 0 0 10 0 0
60671 10 0 0 0 0 0 10 0 0
60672 82 0 0 0 0 0 0 0 0
60675 82 0 0 0 0 0 0 0 0
60695 82 0 0 0 0 0 0 0 0
60696 2 2 1 0 0 0 2 0 0
60697 4 0 0 0 0 0 2 0 0
60698 78 0 0 0 0 0 0 0 0
60703 78 1 0 0 0 0 0 0 0
60704 25 5 1 0 0 0 25 0 0
60705 50 0 0 0 0 0 25 0 0
60707 14 0 0 0 0 0 0 0 0
60708 70 0 0 14 0 0 28 0 0
60709 28 0 0 0 0 0 14 0 0
60711 408 2 1 357 0 0 0 0 0
fn=sqlite3VdbeChangeToNoop.isra.0
60611 8 0 0 0 0 0 4 0 0
60612 4 2 1 0 0 0 0 0 0
60613 6 0 0 0 0 0 0 0 0
60615 6 2 0 4 0 0 2 0 0
60617 2 0 0 0 0 0 2 0 0
60619 6 0 0 6 0 0 0 0 0
fn=sqlite3VdbeClearObject
60586 26 0 0 0 0 0 0 0 0
60588 562 0 0 13 0 0 0 0 0
60589 628 7 1 314 17 0 157 0 0
60595 39 0 0 0 0 0 13 0 0
61000 108 0 0 0 0 0 4 0 0
62401 143 15 2 0 0 0 91 0 0
62405 26 0 0 26 0 0 0 0 0
62406 45 2 0 39 0 0 3 0 0
62407 65 8 1 26 0 0 13 0 0
62412 217 11 1 74 0 0 16 0 0
62413 26 3 1 26 0 0 0 0 0
62414 52 0 0 26 0 0 13 0 0
62415 39 0 0 13 0 0 13 0 0
62416 39 0 0 13 0 0 13 0 0
62417 39 0 0 13 0 0 0 0 0
62422 91 0 0 78 0 0 0 0 0
fn=sqlite3VdbeCloseStatement
61952 24 2 1 0 0 0 18 0 0
61953 3 0 0 3 0 0 0 0 0
61954 3 2 1 0 0 0 0 0 0
61961 9 0 0 3 0 0 0 0 0
62004 27 0 0 21 0 0 0 0 0
fn=sqlite3VdbeCursorMoveto
50293 15 0 0 5 0 0 0 0 0
50298 25 2 1 5 0 0 0 0 0
62461 45 2 1 5 0 0 20 0 0
62462 10 2 1 5 0 0 0 0 0
62468 5 0 0 5 0 0 0 0 0
62478 10 0 0 0 0 0 0 0 0
62487 5 2 1 0 0 0 0 0 0
62488 40 0 0 30 0 0 0 0 0
fn=sqlite3VdbeDelete.part.0
62427 65 16 2 0 0 0 39 0 0
62431 13 0 0 13 0 0 0 0 0
62433 39 0 0 0 0 0 13 0 0
62434 39 0 0 13 0 0 0 0 0
62435 13 0 0 13 0 0 0 0 0
62438 26 10 1 0 0 0 13 0 0
62440 26 0 0 0 0 0 0 0 0
62441 5 0 0 0 0 0 5 1 0
62443 13 0 0 0 0 0 13 0 0
62444 13 0 0 0 0 0 13 0 0
62445 39 0 0 0 0 0 0 0 0
62446 39 0 0 39 0 0 0 0 0
fn=sqlite3VdbeExec
21320 12 0 0 0 0 0 0 0 0
21321 273 1 1 89 1 0 0 0 0
21322 12 0 0 0 0 0 0 0 0
21902 2 0 0 0 0 0 0 0 0
21903 4 2 2 0 0 0 1 0 0
21904 3 0 0 0 0 0 1 0 0
21905 1 0 0 0 0 0 0 0 0
22220 500005 0 0 0 0 0 0 0 0
22221 800008 0 0 0 0 0 0 0 0
22223 900010 0 0 0 0 0 0 0 0
22225 1600026 2114 1 0 0 0 0 0 0
44869 2 0 0 1 0 0 0 0 0
45237 3 0 0 1 0 0 0 0 0
45247 2 0 0 1 0 0 0 0 0
45248 3 0 0 2 1 0 0 0 0
49388 2 0 0 1 0 0 0 0 0
50543 11 1 1 5 0 0 1 0 0
53219 1400021 5 1 600009 0 0 0 0 0
53220 900014 0 0 400006 0 0 200003 0 0
53232 100001 0 0 100001 0 0 0 0 0
53340 199998 121 1 99999 0 0 0 0 0
53364 8 2 2 4 0 0 1 0 0
53365 2 1 1 1 0 0 1 0 0
53366 1 0 0 0 0 0 0 0 0
53797 1 0 0 1 0 0 0 0 0
53806 6 2 2 0 0 0 1 0 0
53809 1 0 0 0 0 0 0 0 0
54057 6 0 0 0 0 0 4 0 0
54058 4 0 0 0 0 0 0 0 0
54059 6 0 0 2 0 0 0 0 0
54061 3 1 1 0 0 0 1 0 0
54064 1 1 1 0 0 0 1 0 0
54065 3 0 0 0 0 0 2 0 0
54082 200002 123 1 100001 0 0 0 0 0
54096 300003 0 0 0 0 0 200002 0 0
54097 200002 0 0 0 0 0 0 0 0
54098 200002 0 0 100001 0 0 0 0 0
54100 2 2 1 0 0 0 2 0 0
54103 99999 122 1 0 0 0 99999 0 0
54104 299997 0 0 0 0 0 199998 0 0
54105 199998 0 0 0 0 0 99999 0 0
56883 3 1 1 0 0 0 2 0 0
56884 6 0 0 0 0 0 2 0 0
57245 2 0 0 2 0 0 0 0 0
57898 200006 2118 1 100003 0 0 0 0 0
58030 600024 0 0 300012 0 0 200008 0 0
58827 2 0 0 0 0 0 0 0 0
59083 399998 2113 2 1 0 0 99999 0 0
59084 3 1 1 2 0 0 1 0 0
59085 1 0 0 0 0 0 1 0 0
59086 1 0 0 0 0 0 1 0 0
59087 1 0 0 0 0 0 1 0 0
59366 1200000 0 0 400000 0 0 0 0 0
59367 100000 100000 0 100000 0 0 0 0 0
59368 200000 0 0 0 0 0 0 0 0
59371 100000 0 0 100000 0 0 0 0 0
59411 1200002 1 1 800001 0 0 0 0 0
59413 400001 0 0 0 0 0 400001 0 0
59414 800002 1 1 400001 0 0 0 0 0
59415 900002 0 0 300001 0 0 300000 0 0
59417 900002 0 0 0 0 0 300001 0 0
60940 300024 0 0 100008 0 0 0 0 0
60962 400032 100002 1 200016 0 0 0 0 0
61510 400018 0 0 0 0 0 100004 0 0
62018 4 2 1 4 0 0 0 0 0
62019 4 2 1 2 0 0 0 0 0
62579 1000020 0 0 0 0 0 0 0 0
62580 300020 1 1 0 0 0 0 0 0
62583 2049988 200002 1 649995 118 1 0 0 0
62659 1500015 123 1 500005 0 0 500005 0 0
62663 1500015 6 1 0 0 0 0 0 0
62666 499986 0 0 0 0 0 0 0 0
62671 249993 0 0 249993 0 0 0 0 0
62675 3120969 120 0 0 0 0 0 0 0
62676 1080674 0 0 0 0 0 540337 0 0
62677 540337 0 0 0 0 0 0 0 0
62683 500024 0 0 0 0 0 0 0 0
62687 100004 3 1 100004 0 0 0 0 0
62688 100004 0 0 0 0 0 100004 0 0
62689 300012 5 1 200008 0 0 0 0 0
64963 8 0 0 4 0 0 0 0 0
64964 8 0 0 0 0 0 0 0 0
64965 4 0 0 0 0 0 4 0 0
64967 12 0 0 0 0 0 0 0 0
64970 9 2 1 0 0 0 0 0 0
64973 9 0 0 0 0 0 0 0 0
65435 900072 2119 1 0 0 0 700056 0 0
65437 400032 0 0 200016 0 0 200016 0 0
65440 100008 0 0 100008 0 0 0 0 0
65441 200016 0 0 0 0 0 100008 0 0
65442 400032 100004 1 300024 0 0 100008 0 0
65445 100008 100005 1 0 0 0 100008 0 0
65447 200016 0 0 100008 0 0 100008 0 0
65451 100008 0 0 0 0 0 100008 0 0
65452 100008 0 0 0 0 0 100008 0 0
65453 100008 0 0 0 0 0 100008 0 0
65454 200016 0 0 100008 0 0 100008 0 0
65892 300024 100005 1 200016 0 0 0 0 0
65898 100008 0 0 0 0 0 100008 0 0
65900 100008 0 0 0 0 0 100008 0 0
65901 100008 0 0 0 0 0 100008 0 0
65902 300024 0 0 100008 0 0 0 0 0
65905 200016 0 0 100008 0 0 100008 0 0
65919 2700171 502138 10 1700093 83 0 200012 0 0
65921 5100234 12 1 1700078 58 0 0 0 0
65926 8500390 0 0 3400156 0 0 1700078 44 0
65960 3400156 0 0 1700078 84 0 0 0 0
65980 5100234 8 1 3400156 286 0 0 0 0
65983 3600096 0 0 1200032 223 0 600016 0 0
65985 1200032 0 0 600016 1 0 0 0 0
65986 1800048 0 0 600016 0 0 600016 0 0
66021 15300692 7 1 5100232 417 10 0 0 0
66066 600024 8 1 200008 0 0 0 0 0
66067 700030 0 0 500022 20 0 200008 0 0
66068 200008 0 0 0 0 0 0 0 0
66149 800048 131 2 400024 17 0 0 0 0
66170 200012 2117 1 100006 0 0 100006 0 0
66171 100006 0 0 0 0 0 100006 5 0
66172 200012 0 0 100006 0 0 100006 0 0
66173 400024 2116 1 200012 0 0 0 0 0
66175 4 0 0 2 0 0 0 0 0
66182 300018 0 0 100006 0 0 100006 0 0
66184 200012 0 0 0 0 0 0 0 0
66185 100006 0 0 100006 0 0 0 0 0
66199 12 1 1 9 0 0 3 0 0
66200 3 0 0 0 0 0 0 0 0
66235 10 2 1 5 0 0 5 0 0
66236 15 0 0 10 0 0 5 0 0
66239 20 2 1 5 0 0 5 0 0
66256 10 0 0 5 0 0 0 0 0
66268 15 2 1 5 0 0 5 0 0
66269 15 0 0 10 0 0 5 0 0
66270 5 1 0 0 0 0 5 0 0
66271 10 0 0 5 0 0 5 0 0
66273 5 0 0 0 0 0 0 0 0
66292 400012 100001 1 300009 0 0 100003 0 0
66294 700021 0 0 200006 0 0 200006 0 0
66295 300017 0 0 0 0 0 0 0 0
66296 5 1 1 0 0 0 0 0 0
66298 10 0 0 5 1 0 0 0 0
66299 10 0 0 5 0 0 5 0 0
66300 15 0 0 5 0 0 5 0 0
66333 3200000 200000 2 1600000 0 0 400000 0 0
66334 200000 0 0 100000 0 0 0 0 0
66398 3 1 1 2 0 0 1 0 0
66399 5 1 1 2 0 0 0 0 0
66400 5 0 0 1 0 0 0 0 0
66404 4 0 0 0 0 0 1 0 0
66409 5 0 0 1 0 0 1 0 0
66482 8 0 0 2 0 0 2 0 0
66483 4 0 0 0 0 0 0 0 0
66488 12 2 1 4 0 0 4 0 0
66494 12 0 0 6 0 0 4 0 0
66495 26 0 0 10 0 0 6 0 0
66497 24 2 1 4 0 0 0 0 0
66500 20 2 1 4 0 0 4 0 0
66501 24 0 0 8 0 0 0 0 0
66504 4 2 1 2 0 0 0 0 0
66508 8 0 0 4 0 0 2 0 0
66509 2 0 0 0 0 0 0 0 0
66510 2 0 0 0 0 0 0 0 0
66732 1 0 0 1 0 0 0 0 0
66930 6 1 1 3 0 0 0 0 0
66931 4 0 0 1 0 0 1 0 0
66932 3 1 1 1 0 0 0 0 0
66940 4 1 1 0 0 0 1 0 0
67154 6 2 2 3 0 0 0 0 0
67155 4 0 0 1 0 0 0 0 0
67156 2 0 0 1 0 0 1 0 0
67157 2 1 1 1 0 0 1 0 0
67158 4 0 0 0 0 0 0 0 0
67191 2 0 0 0 0 0 1 0 0
67192 2 0 0 0 0 0 0 0 0
67193 5 1 1 1 0 0 1 0 0
67194 4 0 0 1 0 0 1 0 0
67195 2 0 0 1 0 0 0 0 0
67199 4 0 0 1 0 0 0 0 0
67200 2 0 0 1 0 0 0 0 0
67201 5 1 1 2 0 0 1 0 0
67203 10 1 1 2 0 0 0 0 0
67204 1 0 0 0 0 0 1 0 0
67205 4 1 1 0 0 0 0 0 0
67212 3 2 2 1 0 0 0 0 0
67218 2 1 1 0 0 0 0 0 0
67223 7 1 1 2 0 0 1 0 0
67224 7 0 0 2 0 0 1 0 0
67225 1 0 0 0 0 0 0 0 0
67449 6 2 2 3 0 0 0 0 0
67450 2 0 0 1 0 0 0 0 0
67456 8 1 1 0 0 0 2 0 0
67458 3 1 1 0 0 0 0 0 0
67460 2 0 0 0 0 0 0 0 0
67483 2 1 1 2 0 0 0 0 0
67484 5 1 1 2 0 0 0 0 0
67485 4 0 0 2 0 0 1 0 0
67542 12 1 1 8 0 0 4 0 0
67543 8 1 1 4 0 0 4 0 0
67544 4 0 0 0 0 0 4 0 0
67548 24 0 0 8 0 0 4 0 0
67550 4 0 0 0 0 0 4 0 0
67564 16 0 0 12 0 0 4 0 0
67569 8 0 0 4 0 0 4 0 0
67570 8 1 1 0 0 0 0 0 0
67572 8 0 0 0 0 0 8 0 0
67573 8 0 0 0 0 0 0 0 0
67574 12 0 0 8 0 0 0 0 0
67576 16 2 2 12 0 0 0 0 0
67577 6 1 1 3 0 0 3 0 0
67578 9 0 0 3 0 0 3 0 0
67579 2 0 0 1 0 0 0 0 0
67581 1 0 0 1 0 0 0 0 0
67613 8 1 1 0 0 0 0 0 0
67618 8 0 0 4 0 0 0 0 0
67622 12 0 0 8 0 0 4 0 0
67628 8 1 1 4 0 0 4 0 0
67629 16 0 0 12 0 0 0 0 0
67630 9 2 2 3 0 0 3 0 0
67633 1 0 0 0 0 0 1 0 0
67634 3 0 0 0 0 0 2 0 0
67635 1 0 0 0 0 0 1 0 0
67636 1 0 0 0 0 0 1 0 0
67639 3 1 1 1 0 0 0 0 0
67642 2 0 0 1 0 0 0 0 0
67643 2 2 2 1 0 0 1 0 0
67653 3 0 0 1 0 0 0 0 0
67654 1 0 0 0 0 0 1 0 0
67655 2 0 0 0 0 0 1 0 0
67663 6 0 0 1 0 0 2 0 0
67692 4 0 0 1 0 0 0 0 0
67701 3 1 1 1 0 0 1 0 0
67710 3 1 1 0 0 0 1 0 0
67711 2 0 0 0 0 0 1 0 0
67718 29 1 1 10 0 0 6 0 0
67719 18 0 0 8 0 0 0 0 0
67720 25 1 1 10 0 0 5 0 0
67721 20 0 0 10 0 0 0 0 0
67722 4 0 0 0 0 0 4 0 0
67723 8 1 1 0 0 0 4 0 0
67725 7 2 2 0 0 0 2 0 0
67727 16 0 0 11 0 0 5 0 0
67728 5 0 0 0 0 0 5 0 0
67729 5 0 0 5 0 0 0 0 0
67730 5 0 0 0 0 0 0 0 0
67745 2 0 0 0 0 0 1 0 0
67753 8 1 1 4 0 0 0 0 0
67754 4 0 0 0 0 0 0 0 0
67766 21 1 1 9 0 0 0 0 0
67768 12 0 0 4 0 0 0 0 0
67770 16 0 0 8 0 0 0 0 0
67771 16 1 1 8 0 0 4 0 0
67796 12 0 0 8 0 0 4 0 0
67810 8 0 0 4 0 0 0 0 0
67820 16 1 1 4 0 0 8 0 0
67905 100001 0 0 0 0 0 100001 0 0
67906 100001 0 0 0 0 0 100001 0 0
67907 100001 100001 1 0 0 0 100001 0 0
67908 200002 100001 1 200002 0 0 0 0 0
67909 200002 0 0 100001 0 0 100001 51 0
67911 500005 2113 1 100001 0 0 100001 0 0
67912 200002 0 0 100001 0 0 100001 0 0
67913 400004 0 0 0 0 0 100001 0 0
67914 300003 0 0 200002 0 0 100001 0 0
67918 500005 0 0 100001 0 0 100001 0 0
67924 2300023 122 1 500005 0 0 600006 0 0
67926 1800018 0 0 400004 0 0 0 0 0
67927 3800038 568 1 1100011 255 0 500005 0 0
67929 1500015 0 0 1000010 0 0 0 0 0
67932 1500015 0 0 500005 0 0 1000010 0 0
67933 500005 0 0 0 0 0 500005 0 0
67934 1500015 122 0 500005 0 0 500005 0 0
67935 1000010 0 0 500005 0 0 500005 0 0
67936 1000010 123 1 500005 0 0 0 0 0
67940 1000010 1 1 0 0 0 0 0 0
67941 699994 0 0 0 0 0 349997 0 0
67946 500005 100124 2 0 0 0 200002 0 0
67947 500005 0 0 0 0 0 0 0 0
67950 400004 100000 0 100001 0 0 100001 0 0
67951 300003 0 0 100001 0 0 0 0 0
67960 500005 100001 1 100001 0 0 100001 0 0
67963 300003 0 0 200002 0 0 100001 0 0
67966 600006 0 0 100001 0 0 200002 0 0
67967 3400034 100001 1 1200012 0 0 600006 0 0
67968 1500015 55617 1 500005 0 0 1000010 0 0
67969 4000038 0 0 1000010 0 0 1000009 0 0
67971 2900029 121 0 1100011 0 0 600006 0 0
67972 2750008 0 0 850002 0 0 500005 0 0
67977 650000 0 0 549999 0 0 100001 0 0
67978 200002 0 0 0 0 0 100001 0 0
67979 100001 0 0 0 0 0 100001 0 0
67980 300003 122 1 100001 0 0 0 0 0
67984 200002 0 0 100001 0 0 100001 0 0
67987 100001 0 0 0 0 0 0 0 0
68244 500030 0 0 100006 0 0 0 0 0
68296 600018 100003 1 400012 0 0 100003 0 0
68298 200006 288 1 0 0 0 0 0 0
68299 400012 0 0 200006 0 0 200006 0 0
68300 200006 0 0 0 0 0 0 0 0
68305 300009 0 0 100003 0 0 0 0 0
68309 700015 0 0 400008 0 0 0 0 0
68352 3 2 2 2 0 0 1 0 0
68353 2 0 0 1 0 0 1 0 0
68359 6 0 0 2 0 0 1 0 0
68360 3 0 0 2 0 0 1 0 0
68361 1 1 1 0 0 0 0 0 0
68381 15 2 2 9 0 0 3 0 0
68384 15 0 0 6 0 0 0 0 0
68385 6 0 0 0 0 0 3 0 0
68387 15 0 0 9 0 0 6 0 0
68388 9 0 0 3 0 0 0 0 0
68390 4 1 1 3 0 0 1 0 0
68391 2 0 0 1 0 0 0 0 0
68392 4 0 0 0 0 0 0 0 0
68394 4 1 1 3 0 0 1 0 0
68396 9 0 0 6 0 0 0 0 0
68433 600006 2113 1 400004 0 0 100001 0 0
68434 200002 0 0 0 0 0 0 0 0
68435 400004 5 1 0 0 0 100001 0 0
68436 600006 0 0 400004 3 0 100001 0 0
68440 400004 0 0 300003 204 0 0 0 0
68531 300012 200006 2 200008 0 0 0 0 0
68536 100004 0 0 0 0 0 100004 0 0
68537 100004 0 0 0 0 0 100004 0 0
68538 300012 100003 1 200008 0 0 100004 0 0
68539 300012 0 0 100004 0 0 100004 0 0
68542 300012 0 0 100004 0 0 100004 0 0
68543 200008 0 0 100004 0 0 100004 0 0
68545 200008 0 0 0 0 0 0 0 0
68546 100002 0 0 0 0 0 100002 0 0
68548 500010 100001 1 400008 0 0 0 0 0
68549 200002 5 1 0 0 0 100001 0 0
68552 2 0 0 0 0 0 2 0 0
68554 300012 0 0 200008 0 0 0 0 0
68571 400016 116 1 200008 0 0 0 0 0
68575 300012 0 0 0 0 0 0 0 0
68576 300012 0 0 200008 0 0 100004 0 0
68579 700028 7 1 300012 0 0 200008 0 0
68580 200008 0 0 0 0 0 0 0 0
68581 100004 0 0 0 0 0 100004 0 0
68582 100004 0 0 0 0 0 100004 0 0
68583 700028 0 0 500020 0 0 200008 0 0
68584 300012 2119 1 200008 0 0 100004 0 0
68596 200008 0 0 100004 0 0 100004 0 0
68597 100004 0 0 0 0 0 100004 0 0
68598 100004 100003 1 0 0 0 0 0 0
68739 600030 2240 2 500025 104 0 0 0 0
68740 400017 0 0 200008 0 0 100005 0 0
68741 100005 0 0 0 0 0 0 0 0
69177 21 2 2 9 1 0 0 0 0
69180 15 0 0 12 0 0 3 0 0
69184 6 1 1 3 0 0 3 0 0
69185 6 0 0 0 0 0 0 0 0
69186 3 0 0 0 0 0 3 0 0
69187 6 0 0 3 0 0 3 0 0
69188 15 0 0 0 0 0 6 0 0
69189 9 0 0 6 0 0 3 0 0
69190 9 1 1 3 0 0 3 0 0
69191 6 0 0 0 0 0 3 0 0
69192 3 0 0 0 0 0 3 0 0
69194 3 0 0 0 0 0 0 0 0
69198 6 0 0 0 0 0 3 0 0
69249 100001 5 1 0 0 0 100001 0 0
69250 100001 0 0 0 0 0 100001 0 0
69252 600006 100001 1 500005 0 0 100001 0 0
69254 300003 0 0 100001 0 0 0 0 0
69282 200002 5 1 100001 0 0 0 0 0
69283 100001 0 0 0 0 0 100001 0 0
69284 200002 0 0 0 0 0 0 0 0
69286 99999 0 0 0 0 0 0 0 0
69289 299997 0 0 99999 0 0 0 0 0
69290 2 0 0 0 0 0 2 0 0
69293 199998 0 0 199998 0 0 0 0 0
69295 399996 99999 1 99999 0 0 0 0 0
69298 399996 2112 1 0 0 0 99999 0 0
69304 400004 0 0 200002 0 0 0 0 0
69334 799996 2116 1 300001 0 0 0 0 0
69336 400008 2116 1 100001 0 0 100001 0 0
69368 100001 0 0 0 0 0 100001 0 0
69369 100001 0 0 0 0 0 100001 0 0
69370 100001 0 0 0 0 0 100001 0 0
69372 300003 0 0 200002 0 0 100001 0 0
69373 100001 0 0 0 0 0 0 0 0
69434 700014 690 2 300006 0 0 100002 0 0
69437 500010 0 0 400008 0 0 100002 0 0
69444 200004 0 0 0 0 0 0 0 0
69445 500010 100002 2 100002 0 0 100002 0 0
69449 300006 0 0 100002 0 0 100002 0 0
69452 100002 0 0 100002 0 0 0 0 0
69455 600008 123 1 400004 0 0 0 0 0
69456 400004 0 0 0 0 0 200000 0 0
69457 200004 0 0 100002 0 0 0 0 0
69458 1 0 0 0 0 0 1 0 0
69459 1 1 1 0 0 0 1 0 0
69463 500009 122 0 100001 0 0 100002 0 0
69464 200004 0 0 100002 0 0 0 0 0
69467 100002 0 0 0 0 0 0 0 0
69469 200004 0 0 100002 0 0 100002 0 0
69470 900018 5 1 300006 0 0 300006 0 0
69474 200004 0 0 100002 14 0 100002 46 0
69475 100002 0 0 0 0 0 100002 12 0
69476 100002 0 0 0 0 0 100002 12 0
69479 800016 5 1 300006 315 0 100002 0 0
69710 6 0 0 5 0 0 1 0 0
69713 2 0 0 1 0 0 0 0 0
69716 2 0 0 1 0 0 0 0 0
69719 3 1 1 1 0 0 0 0 0
69728 2 1 1 0 0 0 2 0 0
69729 2 0 0 0 0 0 0 0 0
69730 3 1 1 2 0 0 0 0 0
69731 2 0 0 1 0 0 1 0 0
69737 2 0 0 1 0 0 1 0 0
69835 14 4 2 10 0 0 4 0 0
69838 2 0 0 0 0 0 2 0 0
69839 8 0 0 2 0 0 2 0 0
69842 6 2 1 4 0 0 2 0 0
69845 8 2 1 3 0 0 2 0 0
69846 2 0 0 0 0 0 2 0 0
69847 2 0 0 0 0 0 2 0 0
69848 4 0 0 0 0 0 2 0 0
69850 3 2 1 0 0 0 2 0 0
69852 5 0 0 0 0 0 0 0 0
69898 3 1 1 1 0 0 0 0 0
69901 6 1 1 5 0 0 1 0 0
69902 2 0 0 0 0 0 0 0 0
69906 2 0 0 1 0 0 0 0 0
69910 1 0 0 0 0 0 1 0 0
69915 6 1 1 3 0 0 2 0 0
69917 3 1 0 2 0 0 1 0 0
69918 1 0 0 0 0 0 1 0 0
69919 2 0 0 0 0 0 0 0 0
69926 1 0 0 0 0 0 1 0 0
69927 1 0 0 0 0 0 0 0 0
70250 1 0 0 0 0 0 1 0 0
70253 5 1 1 3 0 0 1 0 0
70259 4 0 0 0 0 0 0 0 0
70261 1 0 0 1 0 0 0 0 0
70262 4 1 1 2 0 0 1 0 0
70263 2 0 0 0 0 0 0 0 0
70292 3 1 1 2 0 0 1 0 0
70296 5 1 1 0 0 0 1 0 0
70297 1 0 0 0 0 0 1 0 0
70298 1 0 0 0 0 0 1 0 0
70299 3 0 0 1 0 0 1 0 0
70300 10 1 1 3 0 0 2 0 0
70303 2 0 0 0 0 0 0 0 0
70307 1 0 0 0 0 0 1 0 0
70308 1 1 1 0 0 0 1 0 0
70310 6 1 0 0 0 0 2 0 0
70311 4 1 0 1 0 0 1 0 0
70312 3 0 0 1 0 0 1 0 0
70313 1 0 0 0 0 0 1 0 0
70316 2 1 1 0 0 0 0 0 0
70967 2 1 1 2 0 0 0 0 0
70978 5 0 0 3 0 0 1 0 0
70979 1 0 0 0 0 0 1 0 0
70980 1 0 0 0 0 0 1 0 0
70981 1 1 1 0 0 0 1 0 0
70985 2 1 1 0 0 0 1 0 0
70990 2 0 0 0 0 0 0 0 0
70997 3 1 1 0 0 0 1 0 0
70998 3 0 0 0 0 0 0 0 0
71039 3 1 1 0 0 0 2 0 0
71041 7 0 0 3 0 0 1 0 0
71042 2 1 1 0 0 0 1 0 0
71043 2 0 0 1 0 0 1 0 0
71044 2 0 0 1 0 0 1 0 0
71045 1 0 0 0 0 0 1 0 0
71046 1 0 0 1 0 0 0 0 0
71122 200006 2118 1 200006 0 0 0 0 0
71123 200010 0 0 2 0 0 0 0 0
71128 600018 0 0 500015 0 0 0 0 0
71401 4 1 1 2 0 0 1 0 0
71563 200012 100004 1 100006 0 0 0 0 0
71648 4 1 1 0 0 0 2 0 0
71661 200016 100006 1 100008 0 0 100008 0 0
71701 1200096 55614 1 900072 105 0 0 0 0
93662 2 1 1 0 0 0 0 0 0
93663 3 0 0 1 0 0 0 0 0
fn=sqlite3VdbeFreeCursor.part.0
61509 1000040 200007 2 0 0 0 700028 0 0
61514 300012 2115 1 100004 3 0 0 0 0
61518 300012 100005 1 100004 29 0 0 0 0
61519 200008 0 0 0 0 0 100004 0 0
61522 300012 0 0 100004 0 0 0 0 0
61530 800032 0 0 700028 0 0 0 0 0
72683 100004 0 0 100004 0 0 0 0 0
72684 200008 0 0 0 0 0 0 0 0
fn=sqlite3VdbeHalt
44323 200002 0 0 100001 0 0 0 0 0
44324 300003 5 1 0 0 0 100001 0 0
44869 200010 100003 1 100005 0 0 0 0 0
49388 200002 122 1 100001 0 0 0 0 0
52795 500013 0 0 100005 0 0 100001 0 0
52883 200010 0 0 100005 0 0 0 0 0
57245 200002 100001 1 200002 0 0 0 0 0
57778 300015 0 0 300015 0 0 0 0 0
57799 800040 0 0 100005 0 0 0 0 0
60940 300018 0 0 100006 0 0 0 0 0
60962 300018 1 0 100006 0 0 0 0 0
61000 400038 0 0 0 0 0 0 0 0
61561 600057 0 0 200019 0 0 0 0 0
61566 200019 0 0 0 0 0 200019 0 0
61567 200019 0 0 0 0 0 200019 0 0
61569 600057 100003 1 200019 0 0 0 0 0
61571 1400115 0 0 400035 1 0 0 0 0
61572 200016 100001 0 200016 1 0 0 0 0
61573 400032 0 0 0 0 0 0 0 0
61579 600057 2 1 200019 0 0 0 0 0
61580 800067 2113 0 200019 0 0 200016 0 0
61582 600057 100004 1 200019 0 0 0 0 0
61703 2300087 57728 2 400012 23 0 0 0 0
61704 200010 0 0 200010 1594 0 0 0 0
61707 400004 0 0 100001 0 0 0 0 0
61708 200002 0 0 0 0 0 100001 0 0
61718 500013 100002 1 100001 693 0 0 0 0
61734 100005 0 0 100005 0 0 0 0 0
61735 100005 2 1 0 0 0 0 0 0
61737 2900104 128 2 400012 0 0 100002 0 0
61738 200010 0 0 200010 0 0 0 0 0
61739 400020 0 0 0 0 0 0 0 0
61749 2000082 0 0 300009 0 0 0 0 0
61750 200010 0 0 200010 0 0 0 0 0
61751 400020 122 1 0 0 0 0 0 0
62018 100005 100002 1 100005 0 0 0 0 0
62019 400022 100003 1 200011 0 0 0 0 0
62042 2400228 100003 1 200019 0 0 1400133 0 0
62044 200019 0 0 200019 97 0 0 0 0
62062 400038 0 0 200019 0 0 0 0 0
62065 800076 100003 1 400038 5 0 0 0 0
62067 400038 100006 1 200019 0 0 0 0 0
62073 300039 100004 1 100013 0 0 0 0 0
62075 100006 0 0 0 0 0 100006 0 0
62082 200012 0 0 100006 0 0 0 0 0
62085 600036 2114 1 100006 0 0 100006 3 0
62114 200012 100003 1 0 0 0 0 0 0
62124 300018 0 0 100006 0 0 0 0 0
62125 200012 0 0 100006 0 0 0 0 0
62126 500030 0 0 200012 70 0 0 0 0
62128 300015 100005 1 100005 0 0 0 0 0
62150 100005 0 0 0 0 0 100005 0 0
62156 100005 0 0 0 0 0 100005 0 0
62157 3 1 1 1 0 0 0 0 0
62158 3 0 0 1 0 0 0 0 0
62159 1 1 1 0 0 0 0 0 0
62175 300015 0 0 100005 0 0 0 0 0
62176 3 0 0 0 0 0 1 0 0
62177 2 1 1 0 0 0 0 0 0
62192 200012 100006 2 100006 0 0 0 0 0
62194 100000 0 0 100000 0 0 0 0 0
62198 100000 0 0 0 0 0 100000 0 0
62206 300018 0 0 100006 0 0 0 0 0
62207 100006 5 0 100006 0 0 0 0 0
62208 200012 0 0 100006 0 0 0 0 0
62209 100001 0 0 100001 0 0 0 0 0
62213 100013 2 1 0 0 0 100013 0 0
62215 300039 0 0 200026 0 0 0 0 0
62228 400045 2 1 100013 0 0 0 0 0
62229 2400228 0 0 1800171 0 0 0 0 0
63126 100000 0 0 0 0 0 100000 0 0
63127 100000 0 0 100000 0 0 0 0 0
82683 100005 0 0 100005 0 0 0 0 0
82684 100005 0 0 0 0 0 0 0 0
104061 200010 0 0 100005 0 0 0 0 0
104090 100005 0 0 100005 521 0 0 0 0
104092 100005 2115 1 0 0 0 100005 0 0
104093 300015 0 0 0 0 0 0 0 0
104103 600022 100128 1 0 0 0 200010 0 0
fn=sqlite3VdbeMakeLabel
19463 78 7 1 0 0 0 13 0 0
19464 26 0 0 0 0 0 0 0 0
60180 120 7 1 0 0 0 90 0 0
60181 45 0 0 15 0 0 15 0 0
60183 45 7 1 0 0 0 0 0 0
60184 67 0 0 28 0 0 13 0 0
60187 30 0 0 0 0 0 0 0 0
60188 30 0 0 0 0 0 15 0 0
60190 30 0 0 0 0 0 0 0 0
60191 120 0 0 105 0 0 0 0 0
fn=sqlite3VdbeMakeReady
19355 20 0 0 0 0 0 5 0 0
19356 10 0 0 0 0 0 0 0 0
19357 5 0 0 0 0 0 0 0 0
61329 216 12 1 0 0 0 0 0 0
61330 301 21 2 92 0 0 78 0 0
61331 443 52 5 57 0 0 52 0 0
61332 195 0 0 0 0 0 0 0 0
61335 14 5 1 6 0 0 0 0 0
61356 13 8 1 0 0 0 13 0 0
61363 26 0 0 0 0 0 13 0 0
61365 91 0 0 13 0 0 13 0 0
61368 13 0 0 0 0 0 13 0 0
61370 13 0 0 0 0 0 13 0 0
61371 13 0 0 0 0 0 13 0 0
61401 169 10 1 13 0 0 91 0 0
61417 13 0 0 13 0 0 0 0 0
61419 26 10 1 13 1 0 13 0 0
61421 26 0 0 13 0 0 13 0 0
61422 26 0 0 13 0 0 13 0 0
61423 13 0 0 13 0 0 0 0 0
61424 52 0 0 0 0 0 13 0 0
61435 26 0 0 13 0 0 13 0 0
61440 78 10 1 26 0 0 13 0 0
61441 65 0 0 13 0 0 13 0 0
61443 39 0 0 0 0 0 13 0 0
61444 145 10 1 53 0 0 13 0 0
61445 26 0 0 13 0 0 0 0 0
61448 26 0 0 0 0 0 0 0 0
61449 26 0 0 0 0 0 0 0 0
61451 13 0 0 13 0 0 0 0 0
61464 18 0 0 0 0 0 0 0 0
61465 36 10 1 18 0 0 18 0 0
61466 36 0 0 18 0 0 18 0 0
61467 36 0 0 18 0 0 18 0 0
61468 36 0 0 18 0 0 18 0 0
61469 36 0 0 18 0 0 18 0 0
61471 36 0 0 18 1 0 18 0 0
61472 75 12 1 0 0 0 0 0 0
61473 5 0 0 0 0 0 5 0 0
61476 5 0 0 0 0 0 0 0 0
61477 10 0 0 5 0 0 0 0 0
61479 26 0 0 13 0 0 13 0 0
61480 26 0 0 13 0 0 13 0 0
61481 26 0 0 0 0 0 0 0 0
61482 26 0 0 13 0 0 13 0 0
61483 90 0 0 0 0 0 0 0 0
61484 32 4 0 0 0 0 16 0 0
61485 16 0 0 0 0 0 16 0 0
61488 26 6 1 0 0 0 0 0 0
61489 26 0 0 13 0 0 13 0 0
61490 26 0 0 0 0 0 0 0 0
61491 26 0 0 13 0 0 0 0 0
61493 39 0 0 13 0 0 0 0 0
61494 26 0 0 0 0 0 13 0 0
61495 26 0 0 13 0 0 13 0 0
61496 271 7 0 0 0 0 0 0 0
61497 130 0 0 0 0 0 65 0 0
61498 65 0 0 0 0 0 65 0 0
61501 13 2 1 13 0 0 0 0 0
61503 143 0 0 117 0 0 0 0 0
fn=sqlite3VdbeMemGrow
19201 400078 0 0 0 0 0 0 0 0
19224 200039 125 1 200039 0 0 200039 0 0
58859 2200429 7 1 0 0 0 1000195 0 0
58873 1200234 0 0 400078 0 0 0 0 0
58874 600126 0 0 200042 0 0 0 0 0
58875 200039 0 0 200039 0 0 0 0 0
58878 200039 0 0 0 0 0 200039 0 0
58879 800156 0 0 200039 0 0 400078 0 0
58883 1000210 126 1 200042 0 0 0 0 0
58884 3 0 0 3 0 0 0 0 0
58886 400078 0 0 200039 0 0 0 0 0
58891 400078 0 0 200039 0 0 200039 0 0
58892 400078 8 1 0 0 0 0 0 0
58893 200039 0 0 0 0 0 200039 0 0
58895 400078 0 0 200039 0 0 0 0 0
58897 200039 0 0 0 0 0 200039 0 0
58898 200039 0 0 0 0 0 0 0 0
58899 1600312 0 0 1200234 0 0 0 0 0
fn=sqlite3VdbeMemIntegerify.isra.0
59146 3 0 0 3 0 0 0 0 0
59147 6 0 0 0 0 0 0 0 0
59148 6 1 1 3 0 0 0 0 0
59225 27 2 2 3 0 0 12 0 0
59230 3 0 0 0 0 0 3 0 0
59231 9 0 0 0 0 0 3 0 0
59233 24 0 0 18 0 0 0 0 0
fn=sqlite3VdbeMemMakeWriteable
58909 25 2 1 0 0 0 10 0 0
58913 15 0 0 5 0 0 0 0 0
58915 19 1 0 6 0 0 0 0 0
58916 21 0 0 3 0 0 3 0 0
58919 9 0 0 6 0 0 3 0 0
58920 9 0 0 6 0 0 3 0 0
58921 3 0 0 3 0 0 0 0 0
58927 5 0 0 0 0 0 0 0 0
58928 15 3 2 15 0 0 0 0 0
fn=sqlite3VdbeMemNulTerminate.isra.0
58965 45 2 1 18 0 0 0 0 0
fn=sqlite3VdbeMemReleaseExternal
59059 500005 100001 1 0 0 0 300003 0 0
59061 300003 0 0 100001 0 0 0 0 0
59065 500005 100001 1 100001 1 0 0 0 0
59070 200002 0 0 0 0 0 0 0 0
59072 200002 0 0 0 0 0 0 0 0
59075 400004 0 0 400004 0 0 0 0 0
fn=sqlite3VdbeMemSetNull
59276 4200210 2121 1 0 0 0 2400120 6 0
59277 3000150 0 0 600030 62 0 0 0 0
59282 1200060 100011 1 0 0 0 0 0 0
59285 1800090 100013 1 0 0 0 600030 0 0
59286 600030 0 0 0 0 0 600030 0 0
59287 3600180 0 0 3000150 0 0 0 0 0
fn=sqlite3VdbeMemSetStr
21020 400124 0 0 0 0 0 0 0 0
59083 200002 0 0 0 0 0 0 0 0
59084 400004 0 0 100001 0 0 300003 0 0
59086 100001 0 0 0 0 0 100001 0 0
59482 900279 100291 2 0 0 0 600186 0 0
59491 200062 0 0 0 0 0 0 0 0
59496 700217 0 0 100031 0 0 0 0 0
59497 100031 0 0 100031 0 0 0 0 0
59501 200062 0 0 0 0 0 0 0 0
59502 300093 100002 1 0 0 0 0 0 0
59504 300093 100003 1 0 0 0 0 0 0
59505 3201472 0 0 500235 113 0 0 0 0
59516 200122 0 0 0 0 0 0 0 0
59519 90 2 1 0 0 0 0 0 0
59521 60 0 0 0 0 0 0 0 0
59524 300 0 0 60 0 0 90 0 0
59527 30 2 1 0 0 0 0 0 0
59528 500005 100001 1 100001 0 0 0 0 0
59534 100001 0 0 0 0 0 100001 0 0
59535 100001 0 0 0 0 0 100001 0 0
59536 700007 100000 0 200002 0 0 0 0 0
59539 100031 0 0 0 0 0 100031 0 0
59540 100031 0 0 0 0 0 100031 0 0
59541 400124 2118 2 0 0 0 100031 0 0
59542 200062 0 0 0 0 0 100031 0 0
59550 200062 0 0 0 0 0 0 0 0
59554 100031 100000 0 0 0 0 0 0 0
59555 800248 2118 1 700217 0 0 0 0 0
fn=sqlite3VdbeMemStringify
21320 2 0 0 0 0 0 0 0 0
21321 7 1 1 2 0 0 0 0 0
21322 2 0 0 0 0 0 0 0 0
58827 2 0 0 0 0 0 0 0 0
58990 8 1 1 0 0 0 5 0 0
58992 1 1 1 1 0 0 0 0 0
59003 5 0 0 0 0 0 1 0 0
59004 1 0 0 0 0 0 0 0 0
59013 2 0 0 0 0 0 0 0 0
59014 7 1 1 2 0 0 1 0 0
59019 2 0 0 1 0 0 1 0 0
59020 1 0 0 0 0 0 1 0 0
59021 1 0 0 1 0 0 0 0 0
59024 7 0 0 6 0 0 0 0 0
fn=sqlite3VdbeRealValue
59168 6 1 1 1 0 0 2 0 0
59171 3 0 0 1 0 0 0 0 0
59173 2 0 0 0 0 0 0 0 0
59174 3 1 1 1 0 0 0 0 0
59184 5 0 0 4 0 0 0 0 0
fn=sqlite3VdbeReset
61609 200033 100004 0 100020 0 0 100013 0 0
61610 100013 0 0 0 0 0 100013 0 0
61611 100013 0 0 0 0 0 100013 0 0
62296 500065 100003 1 0 0 0 300039 0 0
62298 100013 0 0 100013 0 0 0 0 0
62304 100013 0 0 0 0 0 100013 0 0
62311 300039 0 0 100013 0 0 0 0 0
62313 200012 7 1 0 0 0 100006 0 0
62314 300018 0 0 100006 0 0 100006 0 0
62315 100006 2116 1 0 0 0 100006 0 0
62316 400033 0 0 100006 0 0 3 0 0
62317 21 3 1 7 0 0 0 0 0
62356 100013 0 0 0 0 0 100013 0 0
62357 200026 0 0 200026 0 0 0 0 0
62358 400052 0 0 400052 0 0 0 0 0
fn=sqlite3VdbeSerialGet
62712 8 1 1 0 0 0 0 0 0
62713 13 0 0 1 1 1 0 0 0
62721 2 2 2 1 0 0 1 0 0
62722 2 0 0 0 0 0 1 0 0
62723 2 0 0 1 0 0 0 0 0
62786 6 1 1 0 0 0 0 0 0
62787 3 0 0 0 0 0 3 0 0
62788 3 0 0 0 0 0 3 0 0
62789 3 0 0 0 0 0 3 0 0
62790 3 0 0 0 0 0 0 0 0
62791 18 0 0 3 0 0 3 0 0
fn=sqlite3VdbeSerialType
62536 1500015 100001 1 1500015 0 0 0 0 0
62539 3000030 0 0 0 0 0 0 0 0
62540 1500015 0 0 0 0 0 0 0 0
62542 2400030 0 0 0 0 0 0 0 0
62545 900003 0 0 900003 0 0 0 0 0
62547 1800006 0 0 0 0 0 0 0 0
62552 900003 0 0 0 0 0 0 0 0
62554 1800006 0 0 0 0 0 0 0 0
62555 1808961 200002 2 0 0 0 0 0 0
62557 1796148 99828 1 0 0 0 0 0 0
62558 816948 0 0 0 0 0 0 0 0
62563 600024 0 0 0 0 0 0 0 0
62564 300012 1 1 0 0 0 0 0 0
62567 300012 0 0 300012 0 0 0 0 0
62568 600024 0 0 0 0 0 0 0 0
62572 900036 0 0 0 0 0 0 0 0
62573 3000030 100000 0 1500015 0 0 0 0 0
fn=sqlite3VdbeSetColName.isra.0
61648 4 1 1 0 0 0 0 0 0
61659 3 0 0 2 0 0 0 0 0
61664 8 0 0 2 0 0 0 0 0
61665 3 1 1 0 0 0 0 0 0
fn=sqlite3VdbeSetNumCols
19355 9 3 1 0 0 0 3 0 0
19356 6 0 0 0 0 0 0 0 0
19357 3 0 0 0 0 0 0 0 0
61000 6 0 0 0 0 0 0 0 0
61620 30 2 1 0 0 0 18 0 0
61623 3 0 0 3 1 0 0 0 0
61625 6 2 1 6 1 0 0 0 0
61626 9 0 0 0 0 0 3 0 0
61627 3 0 0 0 0 0 0 0 0
61628 3 0 0 0 0 0 3 0 0
61629 9 0 0 0 0 0 3 0 0
61631 79 0 0 0 0 0 0 0 0
61632 70 0 0 0 0 0 35 0 0
61633 47 0 0 3 0 0 35 0 0
61634 35 2 1 0 0 0 0 0 0
61636 24 0 0 21 0 0 0 0 0
fn=sqlite3VdbeTransferError
62248 600036 2114 1 0 0 0 500030 0 0
62249 100006 0 0 100006 0 0 0 0 0
62250 100006 0 0 100006 0 0 0 0 0
62251 300018 0 0 100006 0 0 0 0 0
62259 500030 100003 1 0 0 0 100006 0 0
62262 700042 0 0 600036 0 0 0 0 0
fn=sqlite3VdbeUsesBtree
49468 1 0 0 1 0 0 0 0 0
60903 1 1 1 0 0 0 0 0 0
60906 3 0 0 1 1 0 0 0 0
60907 7 0 0 3 0 0 0 0 0
60910 1 0 0 1 0 0 0 0 0
fn=sqlite3ViewGetColumnNames
83969 65 5 1 5 0 0 35 0 0
83974 5 0 0 5 0 0 0 0 0
83983 5 5 1 0 0 0 0 0 0
83990 10 5 1 5 0 0 0 0 0
84057 60 0 0 45 0 0 0 0 0
103861 10 0 0 5 0 0 0 0 0
fn=sqlite3VtabUnlockList
103502 84 12 1 0 0 0 56 0 0
103503 14 0 0 14 4 0 0 0 0
103504 14 0 0 0 0 0 14 0 0
103509 28 12 1 0 0 0 0 0 0
103517 84 9 1 70 0 0 0 0 0
fn=sqlite3WalClose
47323 12 1 1 1 0 0 7 0 0
47325 2 0 0 0 0 0 0 0 0
47378 12 1 1 9 0 0 0 0 0
fn=sqlite3WalkExpr
73772 632 0 0 0 0 0 395 0 0
73774 554 14 2 0 0 0 0 0 0
73777 158 0 0 79 0 0 79 0 0
73778 158 0 0 0 0 0 0 0 0
73779 128 0 0 64 0 0 0 0 0
73780 326 7 1 64 0 0 64 0 0
73781 305 0 0 61 0 0 61 0 0
73782 122 0 0 61 0 0 0 0 0
73783 61 0 0 61 0 0 0 0 0
73788 152 0 0 0 0 0 0 0 0
73789 606 0 0 606 0 0 0 0 0
73798 122 0 0 0 0 0 0 0 0
fn=sqlite3WalkSelect.part.0
73798 36 0 0 0 0 0 0 0 0
73799 156 4 2 24 0 0 0 0 0
73800 120 0 0 24 0 0 24 0 0
73813 6 0 0 6 0 0 0 0 0
73814 30 2 1 6 0 0 6 0 0
73815 6 0 0 6 0 0 0 0 0
73816 30 2 1 6 0 0 6 0 0
73817 6 0 0 6 0 0 0 0 0
73818 30 2 1 6 0 0 6 0 0
73819 42 0 0 12 0 0 6 0 0
73836 12 0 0 0 0 0 0 0 0
73837 72 2 1 6 0 0 0 0 0
73838 6 0 0 6 0 0 0 0 0
73859 72 2 1 0 0 0 48 1 0
73861 12 0 0 0 0 0 0 0 0
73863 24 0 0 8 0 0 8 0 0
73864 44 2 1 0 0 0 0 0 0
73865 16 0 0 8 0 0 0 0 0
73866 18 0 0 6 0 0 6 0 0
73867 12 0 0 0 0 0 0 0 0
73872 8 0 0 0 0 0 8 0 0
73875 12 2 1 6 0 0 0 0 0
73876 6 0 0 2 0 0 2 0 0
73880 4 0 0 0 0 0 0 0 0
73882 6 0 0 6 0 0 0 0 0
73884 24 0 0 8 0 0 0 0 0
73885 4 0 0 0 0 0 0 0 0
73886 72 0 0 56 0 0 0 0 0
fn=sqlite3WhereBegin
60078 3 0 0 3 0 0 0 0 0
60081 12 1 1 3 0 0 0 0 0
60086 8 0 0 0 0 0 4 0 0
60087 13 1 1 4 0 0 0 0 0
60088 6 0 0 0 0 0 4 0 0
60089 4 0 0 0 0 0 4 0 0
60090 7 1 1 3 0 0 4 0 0
60091 8 2 1 4 0 0 4 1 0
60092 4 0 0 0 0 0 4 0 0
60093 4 0 0 0 0 0 4 1 0
60094 2 0 0 0 0 0 2 0 0
60105 2 0 0 0 0 0 0 0 0
60396 2 0 0 2 0 0 0 0 0
76436 2 0 0 0 0 0 2 0 0
76437 4 0 0 0 0 0 2 0 0
76438 4 2 0 0 0 0 2 0 0
76439 4 0 0 0 0 0 2 0 0
77501 4 0 0 0 0 0 1 0 0
78648 11 0 0 3 0 0 0 0 0
78649 6 0 0 4 0 0 0 0 0
78651 4 0 0 0 0 0 2 0 0
78652 2 0 0 0 0 0 2 0 0
78653 4 0 0 0 0 0 2 0 0
79354 3 0 0 1 0 0 0 0 0
79355 4 1 1 1 0 0 1 0 0
79369 9 0 0 1 0 0 0 0 0
79372 32 1 0 0 0 0 0 0 0
79373 20 0 0 10 0 0 0 0 0
79378 3 0 0 0 0 0 2 0 0
95718 6 0 0 0 0 0 0 0 0
95719 27 0 0 9 0 0 3 0 0
95720 6 3 1 3 0 0 0 0 0
104687 3 0 0 0 0 0 3 0 0
104688 3 0 0 0 0 0 3 0 0
104689 3 0 0 0 0 0 3 0 0
104690 6 3 1 0 0 0 3 0 0
104692 6 0 0 0 0 0 3 0 0
104693 3 0 0 0 0 0 3 0 0
104826 87 6 2 18 0 0 0 0 0
104827 24 3 1 12 0 0 0 0 0
104828 15 0 0 0 0 0 0 0 0
104844 9 3 1 0 0 0 6 0 0
105125 13 0 0 3 0 0 0 0 0
105126 6 0 0 0 0 0 2 0 0
106414 3 0 0 3 0 0 0 0 0
108451 9 0 0 6 0 0 0 0 0
108546 4 2 1 0 0 0 0 0 0
108549 6 3 1 6 0 0 0 0 0
108550 3 3 1 3 0 0 0 0 0
108551 6 0 0 3 0 0 3 0 0
108553 6 0 0 3 0 0 3 0 0
108554 15 0 0 3 0 0 3 0 0
108555 12 2 1 5 0 0 5 0 0
108557 24 3 1 3 0 0 6 0 0
108570 15 3 1 0 0 0 12 0 0
108571 12 0 0 0 0 0 9 0 0
108577 6 0 0 3 0 0 0 0 0
108584 21 3 1 6 0 0 0 0 0
108594 9 0 0 3 0 0 0 0 0
108645 6 3 1 0 0 0 0 0 0
108652 8 1 1 3 0 0 1 0 0
108657 6 0 0 0 0 0 1 0 0
108658 3 0 0 1 0 0 1 0 0
108662 4 1 0 1 0 0 1 0 0
108664 1 0 0 0 0 0 1 0 0
108665 4 2 1 0 0 0 0 0 0
108674 18 4 2 6 0 0 2 0 0
108675 18 2 1 4 0 0 2 0 0
108676 6 2 1 2 0 0 0 0 0
108681 4 4 2 0 0 0 0 0 0
108709 4 0 0 0 0 0 0 0 0
108711 4 0 0 0 0 0 0 0 0
108727 10 2 1 2 0 0 2 0 0
108728 4 0 0 2 0 0 2 0 0
108729 2 0 0 0 0 0 2 0 0
108730 4 0 0 0 0 0 0 0 0
109211 2 0 0 0 0 0 2 0 0
109213 15 2 1 15 0 0 6 0 0
109222 37 2 1 9 0 0 2 0 0
109226 4 2 1 2 0 0 0 0 0
109227 3 0 0 2 0 0 0 0 0
109233 1 0 0 1 0 0 0 0 0
109235 3 0 0 1 0 0 0 0 0
109238 4 0 0 1 0 0 1 0 0
109239 1 0 0 1 0 0 0 0 0
109250 34 4 1 10 0 0 2 0 0
109254 4 2 1 2 0 0 0 0 0
109266 14 0 0 0 0 0 2 0 0
109272 9 1 1 3 0 0 0 0 0
109433 48 6 2 0 0 0 36 0 0
109437 12 0 0 6 0 0 6 0 0
109450 3 0 0 0 0 0 3 0 0
109456 9 0 0 3 0 0 0 0 0
109466 27 3 1 9 0 0 12 1 0
109475 9 3 1 6 0 0 3 0 0
109476 15 3 1 0 0 0 3 0 0
109477 9 0 0 0 0 0 6 0 0
109479 6 0 0 0 0 0 0 0 0
109482 6 0 0 3 0 0 0 0 0
109487 9 0 0 6 0 0 3 0 0
109488 6 0 0 3 0 0 3 0 0
109489 6 3 1 3 0 0 3 0 0
109490 9 0 0 3 0 0 6 0 0
109491 15 0 0 0 0 0 6 0 0
109492 6 0 0 3 0 0 3 0 0
109493 6 0 0 3 0 0 3 0 0
109494 3 3 1 0 0 0 0 0 0
109495 12 0 0 0 0 0 9 0 0
109499 18 3 1 9 0 0 3 0 0
109507 11 4 1 2 0 0 3 0 0
109512 16 0 0 2 0 0 0 0 0
109533 48 3 1 12 0 0 0 0 0
109534 3 0 0 3 0 0 0 0 0
109552 3 0 0 3 0 0 0 0 0
109553 9 3 1 6 0 0 0 0 0
109561 9 0 0 3 0 0 0 0 0
109581 3 0 0 0 0 0 3 0 0
109582 6 0 0 3 0 0 3 0 0
109583 6 0 0 3 0 0 3 0 0
109584 6 0 0 3 0 0 3 0 0
109585 3 3 1 0 0 0 3 0 0
109587 45 6 2 12 0 0 15 0 0
109599 6 3 1 3 3 0 3 0 0
109648 9 0 0 6 0 0 0 0 0
109649 3 0 0 0 0 0 3 0 0
109665 21 3 1 3 0 0 0 0 0
109666 90 9 3 24 0 0 15 0 0
109675 9 0 0 3 0 0 0 0 0
109676 6 0 0 0 0 0 0 0 0
109680 9 0 0 0 0 0 3 0 0
109681 6 3 1 3 0 0 0 0 0
109687 9 0 0 6 0 0 0 0 0
109693 6 3 1 0 0 0 3 0 0
109706 6 0 0 0 0 0 0 0 0
109708 9 3 1 3 0 0 0 0 0
109741 12 3 1 6 0 0 0 0 0
109742 15 0 0 6 0 0 0 0 0
109744 9 3 1 3 0 0 0 0 0
109751 21 0 0 9 0 0 12 0 0
109758 6 0 0 3 0 0 0 0 0
109772 15 0 0 3 0 0 0 0 0
109776 3 0 0 3 0 0 0 0 0
109777 15 3 1 9 0 0 6 0 0
109778 21 3 1 9 0 0 3 0 0
109781 12 0 0 0 0 0 0 0 0
109787 6 0 0 3 0 0 3 0 0
109792 9 0 0 0 0 0 3 0 0
109793 9 0 0 6 0 0 3 0 0
109794 9 0 0 6 0 0 0 0 0
109795 9 3 1 6 0 0 3 0 0
109803 12 0 0 6 0 0 0 0 0
109804 6 0 0 0 0 0 0 0 0
109805 6 0 0 0 0 0 0 0 0
109817 21 0 0 12 0 0 0 0 0
109820 9 0 0 3 0 0 0 0 0
109822 12 0 0 9 0 0 3 0 0
109824 3 3 1 0 0 0 0 0 0
109830 9 1 1 4 0 0 0 0 0
109841 2 1 1 1 0 0 0 0 0
109842 2 0 0 1 0 0 1 0 0
109843 2 0 0 1 0 0 0 0 0
109849 12 3 1 3 0 0 3 0 0
109850 15 3 1 0 0 0 6 0 0
109851 9 0 0 6 0 0 3 0 0
109852 21 0 0 6 0 0 0 0 0
109857 6 0 0 3 0 0 3 0 0
109858 12 0 0 6 0 0 0 0 0
109859 15 3 1 6 0 0 6 0 0
109860 3 3 1 3 0 0 0 0 0
109861 15 0 0 6 0 0 0 0 0
109865 9 3 1 3 0 0 0 0 0
109869 6 0 0 0 0 0 0 0 0
109873 6 0 0 0 0 0 0 0 0
109874 6 3 1 3 0 0 0 0 0
109876 42 3 1 12 0 0 6 0 0
109879 16 0 0 11 0 0 0 0 0
109880 2 0 0 2 0 0 0 0 0
109881 2 0 0 0 0 0 0 0 0
109882 34 2 1 0 0 0 0 0 0
109883 12 0 0 4 0 0 4 0 0
109884 2 0 0 0 0 0 0 0 0
109891 12 1 1 3 0 0 0 0 0
109895 6 0 0 0 0 0 0 0 0
109905 9 3 1 0 0 0 3 0 0
109906 24 0 0 15 0 0 0 0 0
109908 12 4 1 9 0 0 3 0 0
109909 9 0 0 6 0 0 0 0 0
109916 15 3 1 9 0 0 0 0 0
109918 3 0 0 3 0 0 0 0 0
109920 9 2 1 6 0 0 3 0 0
109988 36 6 2 30 0 0 0 0 0
fn=sqlite3WhereEnd
60078 4 0 0 4 0 0 0 0 0
60081 12 0 0 4 0 0 0 0 0
60086 8 0 0 0 0 0 4 0 0
60087 12 0 0 4 0 0 0 0 0
60088 6 0 0 0 0 0 4 0 0
60089 4 0 0 0 0 0 4 0 0
60090 4 0 0 0 0 0 4 0 0
60091 4 2 1 0 0 0 4 0 0
60092 2 2 1 0 0 0 2 0 0
60093 4 0 0 0 0 0 4 0 0
60094 2 0 0 0 0 0 2 0 0
60105 8 0 0 3 0 0 0 0 0
60199 18 0 0 9 0 0 0 0 0
60202 21 3 1 3 0 0 0 0 0
60203 27 0 0 9 0 0 9 0 0
60503 4 0 0 0 0 0 0 0 0
60505 8 0 0 4 0 0 2 0 0
109994 27 3 1 0 0 0 18 0 0
109995 6 0 0 3 0 0 3 0 0
109996 3 0 0 3 0 0 0 0 0
109999 6 0 0 3 0 0 3 0 0
110000 6 0 0 3 0 0 3 0 0
110004 3 3 1 0 0 0 3 0 0
110005 66 6 2 6 0 0 3 0 0
110008 9 3 1 3 0 0 0 0 0
110009 4 0 0 4 0 0 0 0 0
110012 9 1 0 4 0 0 0 0 0
110024 9 0 0 3 0 0 0 0 0
110052 36 3 1 12 0 0 0 0 0
110055 15 3 1 6 0 0 0 0 0
110057 6 0 0 3 0 0 0 0 0
110058 6 0 0 3 0 0 0 0 0
110059 6 6 2 3 0 0 0 0 0
110061 3 0 0 3 0 0 0 0 0
110062 12 0 0 3 0 0 0 0 0
110063 2 2 1 2 0 0 0 0 0
110065 8 0 0 0 0 0 0 0 0
110083 6 0 0 0 0 0 0 0 0
110085 6 0 0 0 0 0 0 0 0
110116 15 3 1 9 0 0 3 0 0
110119 24 0 0 18 0 0 0 0 0
fn=sqlite3_bind_int
64273 300000 100000 1 0 0 0 0 0 0
64274 600000 0 0 0 0 0 0 0 0
fn=sqlite3_bind_int64
59083 600000 2112 1 300000 0 0 0 0 0
59084 900000 0 0 600000 0 0 300000 0 0
59085 300000 0 0 0 0 0 300000 0 0
59086 300000 0 0 0 0 0 300000 0 0
59087 300000 0 0 0 0 0 300000 0 0
59317 300000 0 0 0 0 0 300000 0 0
59318 600000 0 0 0 0 0 300000 0 0
59319 300000 0 0 0 0 0 300000 0 0
64276 3000000 200000 2 0 0 0 1500000 0 0
64279 900000 0 0 0 0 0 300000 0 0
64280 600000 0 0 0 0 0 0 0 0
64281 1200000 0 0 300000 0 0 0 0 0
64282 900000 0 0 600000 0 0 300000 0 0
64285 2100000 0 0 1800000 0 0 0 0 0
fn=sqlite3_bind_text
64301 100000 100000 1 0 0 0 0 0 0
64302 200000 0 0 0 0 0 0 0 0
fn=sqlite3_clear_bindings
59083 800000 0 0 400000 158 0 0 0 0
59084 1200000 0 0 800000 50 0 400000 0 0
59085 400000 0 0 0 0 0 400000 0 0
59086 400000 0 0 0 0 0 400000 0 0
59087 400000 0 0 0 0 0 400000 0 0
63310 1000000 100000 1 0 0 0 600000 0 0
63315 200000 0 0 200000 0 0 0 0 0
63317 200000 4 1 0 0 0 100000 0 0
63318 2400000 0 0 500000 0 0 0 0 0
63319 600000 4 1 100000 0 0 0 0 0
63320 1200000 0 0 400000 0 0 400000 0 0
63322 500000 2112 1 200000 0 0 0 0 0
63325 200000 0 0 0 0 0 100000 0 0
63327 900000 0 0 700000 0 0 0 0 0
fn=sqlite3_close
22329 1 0 0 1 0 0 0 0 0
22330 2 1 1 0 0 0 0 0 0
22331 6 0 0 0 0 0 0 0 0
115602 2 0 0 0 0 0 0 0 0
115655 3 2 2 0 0 0 0 0 0
fn=sqlite3_column_count
63857 9 6 1 0 0 0 0 0 0
63859 36 0 0 9 0 0 0 0 0
63860 9 0 0 9 0 0 0 0 0
fn=sqlite3_column_name
64073 3 1 1 0 0 0 0 0 0
64074 9 1 1 3 0 0 0 0 0
fn=sqlite3_column_text
19541 21 0 0 3 0 0 0 0 0
19546 9 0 0 3 0 0 3 0 0
63944 6 0 0 0 0 0 0 0 0
63945 6 1 1 6 0 0 0 0 0
63946 6 0 0 3 0 0 3 0 0
63989 24 1 1 0 0 0 12 0 0
63990 12 0 0 0 0 0 6 0 0
63993 21 0 0 15 0 0 0 0 0
fn=sqlite3_config
115102 39 2 2 3 0 0 24 1 0
115108 9 0 0 3 1 1 0 0 0
115110 15 0 0 0 0 0 9 0 0
115111 21 1 1 3 2 2 0 0 0
115132 2 1 1 0 0 0 1 1 1
115134 1 0 0 0 0 0 0 0 0
115151 13 2 2 7 1 0 4 0 0
115152 1 0 0 0 0 0 0 0 0
115192 19 3 3 10 2 0 7 1 1
115193 1 0 0 0 0 0 0 0 0
115300 21 1 1 15 0 0 0 0 0
fn=sqlite3_errcode
22329 3 0 0 3 1 0 0 0 0
22330 6 0 0 0 0 0 0 0 0
22331 18 0 0 0 0 0 0 0 0
116694 3 1 1 0 0 0 0 0 0
116695 6 0 0 0 0 0 0 0 0
116698 6 0 0 3 0 0 0 0 0
116699 6 0 0 0 0 0 0 0 0
116701 9 0 0 9 0 0 0 0 0
fn=sqlite3_exec
19355 4 1 1 2 0 0 1 0 0
19356 2 0 0 0 0 0 0 0 0
19357 24 0 0 0 0 0 6 0 0
19541 12 0 0 3 0 0 0 0 0
62366 30 0 0 6 0 0 0 0 0
62367 24 5 2 0 0 0 12 0 0
62430 12 0 0 0 0 0 6 0 0
92050 51 6 2 3 0 0 30 0 0
92053 3 0 0 0 0 0 3 0 0
92057 9 0 0 0 0 0 3 0 0
92058 9 0 0 0 0 0 0 0 0
92060 9 3 1 6 0 0 3 0 0
92061 18 0 0 0 0 0 3 0 0
92062 78 8 3 27 1 1 6 0 0
92064 6 0 0 0 0 0 0 0 0
92066 6 0 0 0 0 0 6 0 0
92067 30 0 0 0 0 0 6 0 0
92069 12 3 0 0 0 0 0 0 0
92072 18 0 0 6 0 0 0 0 0
92078 6 0 0 0 0 0 0 0 0
92079 24 4 1 0 0 0 18 0 0
92083 24 2 0 8 0 0 8 0 0
92086 30 0 0 0 0 0 0 0 0
92088 3 1 1 2 0 0 0 0 0
92089 2 1 0 0 0 0 0 0 0
92090 24 3 1 0 0 0 6 0 0
92094 26 2 2 3 0 0 2 0 0
92095 12 0 0 3 0 0 6 0 0
92102 2 0 0 0 0 0 0 0 0
92103 20 1 0 1 0 0 6 0 0
92104 10 0 0 0 0 0 0 0 0
92105 12 0 0 3 0 0 6 0 0
92106 6 0 0 0 0 0 0 0 0
92112 9 1 0 2 0 0 1 0 0
92117 1 1 0 1 0 0 0 0 0
92121 14 2 1 0 0 0 0 0 0
92122 6 2 0 6 1 0 0 0 0
92123 6 0 0 0 0 0 6 0 0
92124 6 0 0 6 0 0 0 0 0
92125 24 2 1 12 1 0 0 0 0
92130 18 0 0 6 0 0 6 0 0
92135 9 2 1 3 0 0 0 0 0
92136 12 2 1 3 0 0 3 0 0
92139 12 2 1 9 0 0 0 0 0
92148 9 0 0 3 0 0 0 0 0
92149 1 0 0 0 0 0 1 1 0
92153 9 0 0 6 0 0 3 0 0
92155 36 1 0 30 2 0 0 0 0
fn=sqlite3_file_control
44885 6 0 0 6 2 0 0 0 0
49388 6 2 1 3 0 0 0 0 0
57245 3 0 0 3 0 0 0 0 0
117770 39 2 1 0 0 0 18 0 0
117771 3 2 1 0 0 0 0 0 0
117774 6 0 0 3 0 0 3 0 0
117775 9 0 0 0 0 0 3 0 0
117776 6 0 0 0 0 0 0 0 0
117779 9 0 0 0 0 0 3 0 0
117784 6 0 0 0 0 0 0 0 0
117787 9 0 0 3 0 0 0 0 0
117790 3 0 0 0 0 0 0 0 0
117794 6 0 0 3 0 0 3 0 0
117796 27 0 0 21 0 0 0 0 0
fn=sqlite3_finalize
19541 28 0 0 7 0 0 0 0 0
19546 7 0 0 7 0 0 0 0 0
62366 35 0 0 7 0 0 0 0 0
62367 28 7 1 0 0 0 7 0 0
62430 7 0 0 0 0 0 7 0 0
63240 14 0 0 0 0 0 0 0 0
63265 49 7 1 0 0 0 28 0 0
63267 14 0 0 0 0 0 0 0 0
63270 7 0 0 0 0 0 0 0 0
63273 14 0 0 7 0 0 0 0 0
63275 14 7 1 7 0 0 7 0 0
63278 14 0 0 0 0 0 7 0 0
63281 49 0 0 35 0 0 0 0 0
fn=sqlite3_free
13769 2429160 0 0 809720 4 0 809720 0 0
13770 1619440 4 1 809720 5 0 0 0 0
19214 1214580 0 0 404860 0 0 404860 0 0
19231 4429509 119 1 0 0 0 809720 0 0
19232 4810418 0 0 0 0 0 0 0 0
19235 1214580 0 0 404860 4 0 0 0 0
19236 809720 100009 1 404860 5 0 404860 0 0
19239 809720 0 0 404860 0 0 404860 0 0
19240 2810069 0 0 2405209 0 0 0 0 0
19244 809720 0 0 809720 0 0 0 0 0
fn=sqlite3_initialize
15089 24 0 0 0 0 0 0 0 0
15090 24 0 0 0 0 0 8 0 0
15376 2 0 0 0 0 0 1 0 0
15377 2 0 0 0 0 0 0 0 0
15378 2 0 0 0 0 0 1 0 0
15379 2 0 0 0 0 0 1 0 0
15898 4 1 1 0 0 0 1 0 0
15899 1 0 0 0 0 0 0 0 0
17739 16 1 1 8 2 1 0 0 0
17751 5 2 2 1 0 0 0 0 0
17753 1 0 0 1 1 0 0 0 0
17756 3 0 0 1 0 0 2 0 0
17758 16 0 0 8 0 0 8 0 0
17795 27 1 1 9 0 0 0 0 0
17799 28 2 2 10 0 0 10 0 0
18923 2 0 0 1 0 0 0 0 0
18927 3 0 0 1 0 0 0 0 0
18928 1 0 0 0 0 0 1 0 0
18930 3 0 0 1 1 1 0 0 0
18947 1 1 1 0 0 0 1 0 0
18948 1 0 0 0 0 0 1 0 0
18949 1 1 1 0 0 0 1 0 0
18952 2 0 0 1 0 0 0 0 0
18954 1 0 0 0 0 0 1 0 0
18955 1 0 0 0 0 0 1 0 0
18958 3 1 1 2 0 0 1 0 0
36183 3 1 1 1 0 0 0 0 0
36189 4 0 0 2 0 0 1 0 0
36826 3 1 1 1 0 0 0 0 0
36828 2 0 0 1 0 0 0 0 0
36829 1 0 0 0 0 0 1 0 0
36830 2 0 0 0 0 0 2 0 0
36831 10 0 0 0 0 0 1 0 0
36832 1 0 0 0 0 0 1 0 0
36833 1 0 0 0 0 0 1 0 0
36834 1 0 0 0 0 0 1 0 0
36835 4 1 1 0 0 0 0 0 0
36841 1 1 1 0 0 0 1 0 0
37624 3 1 1 0 0 0 1 0 0
37625 1 0 0 0 0 0 0 0 0
79659 9 1 1 0 0 0 3 0 0
88867 170 1 1 0 0 0 0 0 0
88868 165 0 0 0 0 0 55 0 0
114898 1417262 100003 1 0 0 0 1012330 0 0
114914 809864 0 0 202466 705 0 0 0 0
114932 16 0 0 0 0 0 0 0 0
114941 16 0 0 0 0 0 8 0 0
114942 8 0 0 0 0 0 8 0 0
114943 24 0 0 8 0 0 0 0 0
114946 2 0 0 0 0 0 0 0 0
114947 8 0 0 0 0 0 8 0 0
114948 16 1 1 8 0 0 0 0 0
114949 1 0 0 0 0 0 1 0 0
114951 5 0 0 1 0 0 0 0 0
114957 8 0 0 8 1 0 0 0 0
114959 16 0 0 0 0 0 8 0 0
114981 16 0 0 8 0 0 8 0 0
114982 16 0 0 8 0 0 0 0 0
114984 1 0 0 0 0 0 1 0 0
114987 3 0 0 1 0 0 0 0 0
114990 3 0 0 0 0 0 0 0 0
114991 1 0 0 0 0 0 1 0 0
114994 2 0 0 0 0 0 0 0 0
114995 2 0 0 2 0 0 0 0 0
114997 2 0 0 0 0 0 1 0 0
114999 2 0 0 0 0 0 1 0 0
115001 16 0 0 8 0 0 8 0 0
115006 16 0 0 0 0 0 8 0 0
115007 24 0 0 8 0 0 8 0 0
115008 16 0 0 0 0 0 0 0 0
115010 2 0 0 1 0 0 1 0 0
115011 2 0 0 0 0 0 1 0 0
115013 16 0 0 0 0 0 8 0 0
115045 1417262 100002 0 1214796 0 0 0 0 0
fn=sqlite3_malloc
19089 1214712 100001 0 0 0 0 404904 0 0
19091 607356 0 0 0 0 0 202452 10 4
19093 404904 0 0 0 0 0 0 0 0
19094 404904 100003 1 404904 0 0 0 0 0
fn=sqlite3_mutex_alloc
17787 12 1 1 0 0 0 4 0 0
17789 6 0 0 0 0 0 2 0 0
17791 4 0 0 2 0 0 0 0 0
17792 4 0 0 4 0 0 0 0 0
fn=sqlite3_mutex_enter
17815 2112729 1 1 0 0 0 0 0 0
17816 4225458 0 0 0 0 0 0 0 0
17817 1614533 0 0 1614533 4 0 0 0 0
17819 498196 0 0 498196 0 0 0 0 0
fn=sqlite3_mutex_free
17805 2 0 0 0 0 0 0 0 0
17806 4 0 0 0 0 0 0 0 0
17807 2 0 0 2 1 0 0 0 0
fn=sqlite3_mutex_leave
17839 2112729 1 1 0 0 0 0 0 0
17840 4225458 0 0 0 0 0 0 0 0
17841 1614533 0 0 1614533 0 0 0 0 0
17843 498196 0 0 498196 0 0 0 0 0
fn=sqlite3_open
117408 1 1 1 0 0 0 0 0 0
117409 3 0 0 0 0 0 0 0 0
fn=sqlite3_os_init
30406 3 1 1 0 0 0 1 0 0
30491 12 0 0 0 0 0 4 0 0
30494 3 0 0 2 0 0 0 0 0
fn=sqlite3_overload_function
19541 5 0 0 1 0 0 0 0 0
19546 2 0 0 1 0 0 0 0 0
21320 2 0 0 0 0 0 0 0 0
21321 19 1 1 6 0 0 0 0 0
21322 3 0 0 0 0 0 0 0 0
116306 10 1 1 0 0 0 5 0 0
116309 2 0 0 1 0 0 1 0 0
116310 9 0 0 0 0 0 1 0 0
116311 11 2 2 0 0 0 4 0 0
116315 2 0 0 1 0 0 1 0 0
116317 8 0 0 6 0 0 0 0 0
fn=sqlite3_prepare
95970 12 3 1 0 0 0 3 0 0
95972 15 0 0 0 0 0 6 0 0
95975 6 0 0 6 0 0 0 0 0
fn=sqlite3_prepare_v2
95982 40 4 0 0 0 0 10 0 0
95984 50 0 0 0 0 0 20 4 4
95987 20 8 0 20 1 0 0 0 0
fn=sqlite3_randomness
15318 100008 0 0 2 1 0 1 0 0
17795 300003 0 0 100001 0 0 0 0 0
17799 300003 0 0 100001 0 0 200002 31 8
20598 800008 0 0 400004 73 1 0 0 0
20602 2 1 1 0 0 0 1 0 0
20603 3 0 0 0 0 0 2 0 0
20604 772 1 1 1 0 0 0 0 0
20605 256 0 0 0 0 0 256 4 4
20607 1025 0 0 0 0 0 1 0 0
20608 1024 0 0 512 0 0 0 0 0
20609 512 0 0 256 0 0 0 0 0
20610 256 0 0 0 0 0 256 0 0
20611 256 0 0 0 0 0 256 0 0
20613 3 1 1 0 0 0 2 0 0
20618 1200012 0 0 400004 0 0 400004 0 0
20619 800008 0 0 400004 29 0 0 0 0
20620 1200012 0 0 400004 0 0 400004 0 0
20621 1200012 0 0 400004 103 0 400004 0 0
20622 400004 0 0 0 0 0 400004 0 0
20623 400004 0 0 400004 0 0 0 0 0
20624 800008 0 0 400004 56 0 0 0 0
20630 1400014 200002 2 100001 0 0 700007 0 0
20635 200002 0 0 100001 0 0 100001 0 0
20636 1500015 100001 1 0 0 0 0 0 0
20637 800008 100001 1 0 0 0 400004 0 0
20639 500005 100000 0 300003 0 0 0 0 0
20640 700007 0 0 600006 0 0 0 0 0
fn=sqlite3_realloc
19282 10 0 0 0 0 0 0 0 0
19285 10 0 0 0 0 0 0 0 0
19289 20 0 0 0 0 0 0 0 0
19331 35 1 1 0 0 0 15 0 0
19333 15 0 0 0 0 0 5 0 0
19336 20 0 0 15 0 0 0 0 0
fn=sqlite3_reset
19541 700000 0 0 100000 0 0 0 0 0
19546 200000 0 0 100000 0 0 0 0 0
61356 100000 0 0 0 0 0 100000 0 0
61363 200000 0 0 0 0 0 100000 0 0
61365 200000 100000 1 0 0 0 100000 0 0
61367 100000 0 0 0 0 0 100000 0 0
61368 100000 0 0 0 0 0 100000 0 0
61370 100000 0 0 0 0 0 100000 0 0
61371 100000 0 0 0 0 0 100000 0 0
63291 600000 100000 1 0 0 0 300000 0 0
63293 200000 0 0 0 0 0 0 0 0
63297 400000 100000 1 200000 0 0 100000 0 0
63298 200000 0 0 0 0 0 100000 0 0
63301 100000 0 0 100000 0 0 0 0 0
63302 200000 100000 1 100000 0 0 100000 0 0
63305 500000 0 0 400000 0 0 0 0 0
fn=sqlite3_snprintf
20451 12 2 2 1 0 0 5 0 0
20454 6 0 0 0 0 0 4 0 0
20455 2 1 1 0 0 0 1 0 0
20458 5 1 1 4 0 0 0 0 0
fn=sqlite3_step
19541 1400110 102120 2 300024 5 0 0 0 0
19546 500042 100006 1 300024 0 0 0 0 0
45306 200012 0 0 200012 0 0 0 0 0
48501 200012 0 0 0 0 0 0 0 0
57245 100006 0 0 100006 0 0 0 0 0
61130 300018 0 0 0 0 0 0 0 0
63240 500040 100007 1 100008 0 0 100008 0 0
63248 200016 0 0 0 0 0 0 0 0
63513 1000060 200008 2 300018 0 0 0 0 0
63514 800048 100003 1 400024 0 0 0 0 0
63515 400024 0 0 0 0 0 0 0 0
63540 200016 0 0 100008 0 0 0 0 0
63569 100008 0 0 100008 0 0 0 0 0
63570 200016 0 0 100008 0 0 0 0 0
63575 600044 2118 1 200016 0 0 0 0 0
63580 200012 0 0 0 0 0 0 0 0
63585 300018 0 0 100006 0 0 0 0 0
63586 100005 0 0 0 0 0 100005 0 0
63592 200012 0 0 100006 3 0 0 0 0
63597 200012 100006 1 0 0 0 100006 0 0
63598 300013 0 0 200007 0 0 0 0 0
63599 200012 0 0 0 0 0 100006 0 0
63602 200016 0 0 0 0 0 0 0 0
63607 100008 9 1 100008 0 0 0 0 0
63608 300024 0 0 0 0 0 100008 0 0
63609 100008 0 0 100008 0 0 0 0 0
63615 400028 100002 1 100006 1 0 0 0 0
63622 200012 100005 1 0 0 0 0 0 0
63624 100006 0 0 0 0 0 100006 0 0
63625 200012 0 0 0 0 0 0 0 0
63630 100008 0 0 0 0 0 100008 0 0
63631 300026 0 0 100010 0 0 0 0 0
63646 500040 0 0 100008 0 0 0 0 0
63653 100008 100004 1 100008 0 0 0 0 0
63661 1200096 100005 1 100008 0 0 700056 0 0
63672 200016 0 0 100008 0 0 100008 0 0
63673 500040 118 1 100008 0 0 100008 0 0
63674 300024 0 0 0 0 0 0 0 0
63676 200016 0 0 0 0 0 0 0 0
63701 200016 0 0 100008 0 0 100008 0 0
63703 1200096 0 0 900072 53 0 0 0 0
fn=sqlite3_stricmp
21454 185 8 1 0 0 0 0 0 0
21458 3801 11 1 1475 34 4 0 0 0
21459 338 0 0 102 6 1 0 0 0
21460 185 0 0 185 0 0 0 0 0
fn=sqlite3_strnicmp
21461 129 8 1 0 0 0 0 0 0
21465 5531 8 1 1908 35 12 0 0 0
21466 593 0 0 290 0 0 0 0 0
21467 71 0 0 71 0 0 0 0 0
fn=sqlite3_threadsafe
114837 3 1 1 1 0 0 0 0 0
fn=sqlite3_value_text
63360 6 1 1 0 0 0 0 0 0
63361 12 0 0 0 0 0 0 0 0
fn=sqlite3_vfs_find
15392 16 1 0 0 0 0 8 0 0
15398 2 0 0 0 0 0 2 0 0
15399 4 0 0 0 0 0 0 0 0
15404 4 0 0 0 0 0 2 0 0
15405 6 0 0 2 0 0 0 0 0
15406 6 0 0 0 0 0 0 0 0
15409 4 2 1 0 0 0 2 0 0
15411 14 0 0 10 0 0 0 0 0
17795 6 2 1 2 0 0 0 0 0
17799 6 0 0 2 0 0 2 0 0
fn=sqlite3_vfs_register
15438 36 1 1 0 0 0 20 0 0
15441 8 0 0 0 0 0 4 0 0
15442 8 0 0 0 0 0 0 0 0
15445 8 1 1 0 0 0 4 0 0
15446 8 0 0 0 0 0 4 0 0
15447 20 0 0 4 0 0 0 0 0
15448 1 0 0 0 0 0 1 1 0
15449 1 0 0 0 0 0 1 0 0
15451 6 0 0 3 0 0 3 3 0
15452 6 0 0 0 0 0 3 0 0
15455 8 0 0 0 0 0 4 0 0
15457 28 0 0 24 0 0 0 0 0
17795 12 0 0 4 0 0 0 0 0
17799 12 0 0 4 0 0 4 0 0
fn=sqlite3_vsnprintf
20335 2 0 0 0 0 0 2 0 0
20336 1 0 0 0 0 0 1 0 0
20337 1 0 0 0 0 0 1 0 0
20338 1 0 0 0 0 0 1 0 0
20339 1 0 0 0 0 0 1 0 0
20341 1 0 0 0 0 0 1 0 0
20342 2 0 0 0 0 0 1 0 0
20443 5 1 1 0 0 0 2 0 0
20445 5 1 1 1 0 0 1 0 0
20448 4 0 0 0 0 0 1 0 0
20449 2 0 0 0 0 0 1 0 0
20450 6 0 0 5 0 0 0 0 0
fn=sqlite3_wal_autocheckpoint
116448 3 1 1 0 0 0 1 0 0
116453 2 0 0 0 0 0 0 0 0
116454 3 0 0 0 0 0 1 0 0
116460 3 0 0 2 0 0 0 0 0
fn=sqlite3_wal_hook
116470 10 1 1 0 0 0 5 0 0
116473 2 0 0 1 0 0 1 0 0
116474 1 0 0 1 0 0 0 0 0
116475 1 0 0 0 0 0 1 0 0
116476 1 1 1 0 0 0 1 0 0
116477 2 0 0 1 0 0 1 0 0
116482 7 0 0 6 0 0 0 0 0
fn=sqliteDeleteColumnNames
82690 24 1 0 0 0 0 20 0 0
82694 12 0 0 4 0 0 0 0 0
82695 124 2 1 24 0 0 0 0 0
82696 60 0 0 20 7 0 20 0 0
82697 60 0 0 20 3 0 20 0 0
82698 60 0 0 20 0 0 20 0 0
82699 60 2 1 20 5 0 20 0 0
82700 60 0 0 20 0 0 20 0 0
82702 16 0 0 4 0 0 0 0 0
82704 20 0 0 20 0 0 0 0 0
fn=subjRequiresPage.isra.0
39352 320898 100001 1 106966 0 0 0 0 0
39358 213932 5 1 106966 0 0 0 0 0
fn=unixRandomness
23669 1 0 0 0 0 0 0 0 0
23672 5 0 0 1 1 0 1 0 0
23676 3 1 1 0 0 0 0 0 0
24254 4 0 0 1 0 0 1 0 0
29073 16 2 2 1 0 0 7 0 0
29103 6 0 0 1 1 0 1 0 0
29109 12 1 1 9 0 0 0 0 0
fn=vdbeUnbind
59083 800000 0 0 400000 0 0 0 0 0
59084 1200000 566 1 800000 0 0 400000 0 0
59085 400000 0 0 0 0 0 400000 0 0
59086 400000 0 0 0 0 0 400000 0 0
59087 400000 0 0 0 0 0 400000 0 0
63240 1600000 0 0 400000 0 0 0 0 0
63248 800000 100000 1 0 0 0 0 0 0
64176 2400000 2116 0 0 0 0 1600000 0 0
64181 1200000 0 0 400000 0 0 400000 0 0
64182 2000000 0 0 800000 0 0 0 0 0
64189 2000000 100000 1 400000 0 0 0 0 0
64194 400000 0 0 0 0 0 0 0 0
64195 2000000 0 0 400000 0 0 0 0 0
64197 800000 0 0 0 0 0 400000 0 0
64198 2000000 0 0 400000 0 0 400000 0 0
64209 1600000 100000 1 400000 0 0 0 0 0
64210 2000000 0 0 800000 0 0 400000 0 0
64214 800000 100000 1 0 0 0 0 0 0
64215 2400000 121 1 2000000 0 0 0 0 0
fn=vfsUnlink
15418 8 1 1 0 0 0 0 0 0
15420 12 0 0 4 0 0 0 0 0
15422 9 0 0 0 0 0 0 0 0
15424 30 0 0 6 0 0 0 0 0
15431 4 0 0 4 0 0 0 0 0
fn=whereClauseClear
104719 27 3 1 0 0 0 18 0 0
104722 6 0 0 6 0 0 0 0 0
104723 30 0 0 6 0 0 0 0 0
104724 6 2 1 2 0 0 0 0 0
104727 4 0 0 0 0 0 0 0 0
104729 4 0 0 0 0 0 0 0 0
104733 11 3 1 2 0 0 0 0 0
104736 24 0 0 21 0 0 0 0 0
fn=whereClauseInsert
75315 14 0 0 2 0 0 0 0 0
104757 22 2 0 0 0 0 12 0 0
104761 8 0 0 4 0 0 0 0 0
104762 2 0 0 2 0 0 0 0 0
104778 12 2 1 0 0 0 2 0 0
104779 2 0 0 0 0 0 2 0 0
104780 2 0 0 0 0 0 2 0 0
104781 2 2 1 0 0 0 2 0 0
104782 2 0 0 0 0 0 2 0 0
104784 18 0 0 14 0 0 0 0 0
fn=whereInfoFree.part.0
109311 30 3 1 0 0 0 18 0 0
109314 30 0 0 6 0 0 0 0 0
109315 3 3 1 3 0 0 0 0 0
109316 6 0 0 0 0 0 0 0 0
109323 6 3 1 3 0 0 0 0 0
109331 6 0 0 3 0 0 3 0 0
109332 9 1 1 0 0 0 0 0 0
109334 21 0 0 18 0 0 0 0 0
fn=whereSplit
104803 27 6 2 0 0 0 21 0 0
104804 3 0 0 0 0 0 3 0 0
104805 12 0 0 0 0 0 0 0 0
104806 8 0 0 4 0 0 0 0 0
104807 8 2 1 2 0 0 0 0 0
104812 22 1 1 19 0 0 0 0 0
fn=writeJournalHdr.constprop.0
15170 500005 0 0 300003 22 0 100001 0 0
22237 500005 0 0 0 0 0 500005 60 1
39614 200002 0 0 200002 0 0 0 0 0
39615 200002 0 0 0 0 0 0 0 0
39694 900009 100001 1 0 0 0 600006 0 0
39696 100001 55613 1 100001 0 0 0 0 0
39703 300003 0 0 100001 0 0 0 0 0
39711 300003 0 0 100001 0 0 0 0 0
39717 200002 0 0 0 0 0 200002 0 0
39740 200002 100001 1 100001 0 0 0 0 0
39750 300003 0 0 0 0 0 100001 0 0
39751 100001 0 0 100001 0 0 0 0 0
39753 200002 0 0 100001 0 0 0 0 0
39755 200002 2113 1 100001 0 0 0 0 0
39758 200002 0 0 100001 0 0 0 0 0
39765 300003 0 0 0 0 0 0 0 0
39785 900009 0 0 200002 0 0 0 0 0
39787 100001 0 0 100001 0 0 0 0 0
39789 100001 100001 1 100001 0 0 0 0 0
39793 900009 0 0 700007 0 0 0 0 0
fn=yy_destructor.isra.0
111499 208 9 1 0 0 0 130 0 0
111505 286 0 0 0 0 0 0 0 0
111590 156 20 2 156 0 0 0 0 0
fn=yy_find_shift_action
111670 2463 10 1 1642 0 0 0 0 0
111672 2463 0 0 0 0 0 0 0 0
111673 1852 9 1 463 60 14 0 0 0
111677 878 0 0 0 0 0 0 0 0
111678 2622 7 1 436 83 18 0 0 0
111679 352 0 0 0 0 0 0 0 0
111682 352 0 0 0 0 0 0 0 0
111683 512 0 0 128 8 1 0 0 0
111690 3 0 0 0 0 0 0 0 0
111696 346 0 0 0 0 0 0 0 0
111698 519 0 0 173 22 4 0 0 0
111703 173 0 0 0 0 0 0 0 0
111716 1665 2 0 1110 82 18 0 0 0
111718 526 0 0 263 63 17 0 0 0
111720 263 0 0 263 0 0 0 0 0
fn=yy_shift
111785 1750 10 1 0 0 0 1050 0 0
111787 1050 0 0 350 0 0 350 0 0
111794 700 0 0 0 0 0 0 0 0
111808 1400 13 1 0 0 0 350 2 2
111809 350 0 0 0 0 0 350 0 0
111810 1400 0 0 700 0 0 700 48 38
111821 1400 0 0 1400 0 0 0 0 0
fn=zeroPage
51068 24740 2108 1 0 0 0 14844 0 0
51069 2474 0 0 2474 2 0 0 0 0
51070 2474 0 0 2474 0 0 0 0 0
51071 4948 0 0 2474 1 0 0 0 0
51079 4948 2109 1 2474 3 0 0 0 0
51080 2474 0 0 0 0 0 0 0 0
51082 2474 0 0 0 0 0 2474 3 0
51083 17318 0 0 0 0 0 2474 0 0
51085 2474 0 0 0 0 0 2474 0 0
51086 12370 2109 1 4948 0 0 4948 0 0
51087 7422 0 0 2474 0 0 2474 1 0
51088 7422 0 0 0 0 0 2474 0 0
51089 4948 0 0 2474 0 0 2474 0 0
51090 2474 0 0 0 0 0 2474 0 0
51091 7422 0 0 2474 0 0 2474 0 0
51092 7422 2109 1 0 0 0 2474 0 0
51095 7422 0 0 2474 0 0 2474 0 0
51096 4948 0 0 0 0 0 2474 0 0
51097 4948 0 0 0 0 0 2474 0 0
51098 19792 0 0 17318 0 0 0 0 0
fl=/nfs/elsrv4/users3/grad/manishamanis/cs690pf/project-manishakaler-1/mytkowicz/src/sqlite_bench_small.c
fn=main
83 12 2 2 1 0 0 7 0 0
84 3 0 0 0 0 0 1 0 0
89 3 0 0 0 0 0 1 0 0
91 5 1 0 0 0 0 1 0 0
95 1 0 0 0 0 0 1 1 0
96 8 2 1 1 0 0 1 0 0
108 6 1 1 0 0 0 1 0 0
111 18 0 0 0 0 0 0 0 0
112 32 0 0 0 0 0 4 0 0
117 12 1 0 0 0 0 0 0 0
118 12 2 1 4 1 0 4 0 0
121 3 0 0 0 0 0 1 0 0
122 10 0 0 5 2 1 0 0 0
126 2 0 0 1 0 0 0 0 0
132 2 0 0 1 0 0 1 0 0
134 12 0 0 9 2 0 0 0 0
fn=worker
55 48 4 1 4 0 0 24 4 4
57 4 4 1 0 0 0 4 0 0
59 44 4 0 4 4 0 4 0 0
65 300000 0 0 0 0 0 0 0 0
66 400000 99996 0 100000 0 0 100000 0 0
67 500000 100000 1 100000 0 0 100000 0 0
68 400000 0 0 100000 0 0 100000 0 0
69 700000 0 0 100000 0 0 100000 0 0
72 400000 119 1 100000 0 0 100000 0 0
73 200000 0 0 0 0 0 0 0 0
75 200000 0 0 100000 0 0 100000 0 0
76 200000 0 0 100000 0 0 100000 0 0
79 8 0 0 4 0 0 4 0 0
81 44 4 1 32 4 0 0 0 0
fl=/usr/include/x86_64-linux-gnu/bits/fcntl2.h
fn=posixOpen
59 2 0 0 0 0 0 0 0 0
fl=/usr/include/x86_64-linux-gnu/bits/stdio2.h
fn=main
105 10 2 2 1 1 0 3 0 0
112 9 1 1 2 0 0 1 0 0
fl=/usr/include/x86_64-linux-gnu/bits/string_fortified.h
fn=allocateCursor
59 4900196 200006 1 0 0 0 3400136 167 9
fn=assemblePage
29 79336 0 0 39668 34 0 39668 0 0
fn=balance
29 12405 340 7 4023 2 0 3898 681 642
fn=bestBtreeIndex
59 42 3 1 3 0 0 30 0 0
fn=copyNodeContent.part.0
29 6 0 0 0 0 0 4 0 0
fn=dropCell.part.0
29 452 0 0 226 0 0 226 0 0
fn=evalConstExpr
59 12 0 0 0 0 0 6 0 0
fn=findCollSeqEntry
29 9 0 0 3 0 0 3 0 0
fn=insertCell
29 100130 0 0 0 0 0 100130 0 0
fn=keyInfoFromExprList
59 6 0 0 0 0 0 2 0 0
fn=memjrnlClose
59 400004 100001 1 0 0 0 300003 0 0
fn=memjrnlWrite
29 26136001 100000 1 20228231 2912 0 20228231 10135 233
fn=newDatabase.part.0
29 2 0 0 1 1 1 1 0 0
59 18 0 0 0 0 0 10 1 0
fn=openDatabase
29 7 1 1 2 2 2 4 0 0
fn=pager_write
59 400004 100001 1 0 0 0 300003 0 0
fn=pcache1Create
59 22 0 0 0 0 0 13 0 0
fn=pcache1Init
59 17 1 1 0 0 0 12 2 2
fn=pthreadMutexAlloc
59 8 0 0 0 0 0 6 0 0
fn=resolveSelectStep
59 14 0 0 2 0 0 8 0 0
fn=sqlite3ArrayAllocate
59 288 4 1 0 0 0 48 4 2
fn=sqlite3BtreeInsert
29 900009 100001 1 300003 0 0 200002 0 0
fn=sqlite3BtreeOpen
29 19 3 3 2 0 0 10 0 0
59 23 2 2 0 0 0 17 0 0
fn=sqlite3CollapseDatabaseArray
59 2 0 0 0 0 0 1 0 0
fn=sqlite3DbMallocZero
59 180 0 0 0 0 0 45 0 0
fn=sqlite3DbRealloc
29 3 0 0 0 0 0 1 0 0
fn=sqlite3DbStrDup
29 5 0 0 0 0 0 1 0 0
fn=sqlite3DbStrNDup
29 220 8 1 0 0 0 44 0 0
fn=sqlite3ExprAlloc
29 165 7 1 33 0 0 33 0 0
59 113 0 0 0 0 0 43 1 1
fn=sqlite3ExprListAppend.isra.0
59 87 0 0 0 0 0 58 9 3
fn=sqlite3ExprListSetName.part.0.isra.0
29 20 0 0 0 0 0 5 0 0
fn=sqlite3FindFunction
29 3 0 0 0 0 0 1 0 0
fn=sqlite3GetVdbe.part.0
59 546 10 1 0 0 0 442 22 12
fn=sqlite3IdListAppend
29 64 4 1 16 0 0 16 0 0
fn=sqlite3Insert
59 24 0 0 0 0 0 16 0 0
fn=sqlite3MallocZero
59 400040 0 0 0 0 0 100010 0 0
fn=sqlite3NameFromToken
29 212 0 0 0 0 0 53 0 0
fn=sqlite3NestedParse
29 23 2 2 11 0 0 11 0 0
59 50 2 2 10 0 0 32 0 0
fn=sqlite3PagerAcquire
59 8528 0 0 2132 0 0 2132 0 0
fn=sqlite3ParseUri
29 4 0 0 0 0 0 1 0 0
fn=sqlite3Parser
59 112 4 1 0 0 0 76 15 11
fn=sqlite3PcacheFetch
59 14924 2 2 0 0 0 10660 1763 1680
fn=sqlite3PcacheTruncate
59 6 1 1 2 0 0 1 0 0
fn=sqlite3ResolveExprNames.part.0
59 93 0 0 0 0 0 31 0 0
fn=sqlite3SchemaGet
59 48 0 0 0 0 0 32 2 2
fn=sqlite3Select
59 10 0 0 0 0 0 8 0 0
fn=sqlite3SelectNew
59 48 2 1 0 0 0 32 2 2
fn=sqlite3SelectPrep
59 16 0 0 0 0 0 6 0 0
fn=sqlite3SrcListAppend
29 28 0 0 7 0 0 14 0 0
fn=sqlite3SrcListEnlarge
59 21 0 0 0 0 0 7 3 3
fn=sqlite3StrAccumAppend.part.0
29 80 2 1 2 0 0 38 0 0
fn=sqlite3StrAccumFinish
29 12 0 0 3 0 0 3 0 0
fn=sqlite3Update
59 6 0 0 0 0 0 4 0 0
fn=sqlite3VdbeChangeToNoop.isra.0
59 6 0 0 0 0 0 4 0 0
fn=sqlite3VdbeExec
29 3100018 100000 1 1700007 0 0 1300007 0 0
59 24 1 1 0 0 0 16 0 0
fn=sqlite3VdbeHalt
59 400038 0 0 0 0 0 200019 0 0
fn=sqlite3VdbeMakeReady
29 26 8 1 13 0 0 13 0 0
59 126 5 1 18 0 0 49 0 0
fn=sqlite3VdbeMemGrow
29 6 0 0 0 0 0 3 0 0
fn=sqlite3VdbeMemSetStr
29 270 0 0 90 0 0 90 0 0
fn=sqlite3VdbeSetNumCols
59 12 0 0 0 0 0 3 0 0
fn=sqlite3WhereBegin
59 208 5 2 3 0 0 158 0 0
fn=sqlite3_exec
59 4 1 1 1 0 0 1 0 0
fn=sqlite3_initialize
29 7 1 1 3 1 0 3 1 1
59 34 2 2 0 0 0 27 4 4
fn=unixRandomness
59 4 0 0 0 0 0 1 0 0
fn=writeJournalHdr.constprop.0
29 200002 4224 1 0 0 0 100001 15 0
59 300003 0 0 0 0 0 100001 0 0
fn=zeroPage
59 2474 0 0 0 0 0 2474 0 0
fl=???
fn=(below main)
0 12 1 1 2 0 0 3 0 0
fn=???
0 25840765 600300 96 12920315 621 0 116 1 1
summary: 1151788960 27540872 4320 356411530 42074 2360 204538380 65502 45882
